dtype,dim,rows,normalized,shape,scale,mode,scope,run1_original_us,run1_original_ms,run1_contiguous256_us,run1_contiguous256_ms,run1_original_over_contiguous256,run1_time_reduction_percent,run1_regression_over_3_percent,run1_original_range_percent,run1_contiguous256_range_percent,run1_contiguous256_population_cv_percent,run2_original_us,run2_original_ms,run2_contiguous256_us,run2_contiguous256_ms,run2_original_over_contiguous256,run2_time_reduction_percent,run2_regression_over_3_percent,run2_original_range_percent,run2_contiguous256_range_percent,run2_contiguous256_population_cv_percent,run3_original_us,run3_original_ms,run3_contiguous256_us,run3_contiguous256_ms,run3_original_over_contiguous256,run3_time_reduction_percent,run3_regression_over_3_percent,run3_original_range_percent,run3_contiguous256_range_percent,run3_contiguous256_population_cv_percent,stable_at_least_5_percent,any_run_regression,every_run_regression,any_run_regression_over_3_percent,every_run_regression_over_3_percent,minimum_time_reduction_percent,maximum_time_reduction_percent,maximum_regression_percent,validation_revision
bf16,256,2,False,"[2, 256]",1.0,fused_int4,cuda_graph,1.3744000345468521,0.0013744000345468522,1.2911999598145485,0.0012911999598145484,1.0644362432788903,6.053555925566833,False,0.17461620213927717,0.0,0.0,1.386400032788515,0.001386400032788515,1.2991749681532383,0.0012991749681532383,1.0671388125336698,6.291478835285225,False,0.2308086525131703,0.12315601996733283,0.04899572261210117,1.4911999925971031,0.0014911999925971032,1.396000012755394,0.001396000012755394,1.0681948273437374,6.384118851550358,False,0.21459390975489204,0.11461405218982222,0.04585613239023088,True,False,False,False,False,6.053555925566833,6.384118851550358,0.0,2
bf16,256,2,True,"[2, 256]",0.0625,fused_int4,cuda_graph,1.508800033479929,0.001508800033479929,1.4127999544143677,0.0014127999544143676,1.0679502280316502,6.3626774214833866,False,0.1590680157428572,0.22649570621254406,0.07679191118931745,1.5087749809026718,0.0015087749809026719,1.4120000414550304,0.0014120000414550304,1.06853749051446,6.414139992548307,False,0.21209420933426862,0.11330871132859559,0.035831361162783404,1.4936000108718872,0.0014936000108718873,1.396000012755394,0.001396000012755394,1.0699140381265846,6.534547228579579,False,0.21090066424699053,0.11461405218982222,0.05008690037330353,True,False,False,False,False,6.3626774214833866,6.534547228579579,0.0,2
bf16,256,3,False,"[3, 256]",1.0,fused_int4,cuda_graph,1.5239750035107136,0.0015239750035107135,1.4232000336050987,0.0014232000336050986,1.0708087180481176,6.612639293522793,False,0.1574779859904543,0.11242356277468682,0.0420697750443307,1.5111999586224556,0.0015111999586224557,1.4096000231802464,0.0014096000231802464,1.0720771380330898,6.723129845425834,False,0.1588092382370295,0.2837639940365228,0.09759671186990623,1.539199985563755,0.001539199985563755,1.4279999770224094,0.0014279999770224095,1.0778711556937235,7.224532847212628,False,0.10395089645244271,0.224091345789186,0.08674160991681705,True,False,False,False,False,6.612639293522793,7.224532847212628,0.0,2
bf16,256,3,True,"[3, 256]",0.0625,fused_int4,cuda_graph,1.3895999640226364,0.0013895999640226365,1.297600008547306,0.001297600008547306,1.0709000885244495,6.620607214828034,False,1.554409319231061,0.18495825053754164,0.0628892244206292,1.39359999448061,0.00139359999448061,1.2959999963641167,0.0012959999963641166,1.0753086407332613,7.003444209460441,False,0.11481143725073789,0.18518659579608462,0.07404721321574663,1.5375999733805656,0.0015375999733805656,1.4312000013887882,0.0014312000013887883,1.074343188854479,6.9198734283174135,False,0.20324225762384088,0.16594226489815156,0.06059443419438544,True,False,False,False,False,6.620607214828034,7.003444209460441,0.0,2
bf16,256,16,False,"[16, 256]",1.0,fused_int4,cuda_graph,1.5696000307798386,0.0015696000307798385,1.4663999900221825,0.0014663999900221825,1.0703764603517865,6.574926015157012,False,0.10193757338259248,0.27277894743527453,0.09509014295673175,1.5623999759554863,0.0015623999759554863,1.4720000326633453,0.0014720000326633453,1.0614130035911595,5.785966761607053,False,0.20481467073895773,0.05434823871214288,0.02174165872657409,1.560799963772297,0.0015607999637722969,1.4736000448465347,0.0014736000448465347,1.059174753170453,5.586873459108032,False,0.051256157750104094,0.16286136465044437,0.05534962187343682,True,False,False,False,False,5.586873459108032,6.574926015157012,0.0,2
bf16,256,16,True,"[16, 256]",0.0625,fused_int4,cuda_graph,1.5695249661803246,0.0015695249661803246,1.4712000265717506,0.0014712000265717506,1.0668331551337005,6.26463049185273,False,0.1529136730220287,0.1631333762531739,0.06340796198845003,1.5680000185966492,0.0015680000185966491,1.4663999900221825,0.0014663999900221825,1.0692853445620454,6.479593582237209,False,0.15306238815813858,0.21822315794821964,0.0872321549503042,1.5688000246882439,0.0015688000246882438,1.4712000265717506,0.0014712000265717506,1.0663403999141603,6.22131543731258,False,0.10198955622195065,0.16653277955344375,0.06386667097377606,True,False,False,False,False,6.22131543731258,6.479593582237209,0.0,2
bf16,256,18,False,"[18, 256]",1.0,fused_int4,cuda_graph,1.559200044721365,0.001559200044721365,1.4663999900221825,0.0014663999900221825,1.0632842712292836,5.951773475979227,False,0.10261153187805624,0.16366736846116473,0.06544552479082574,1.571200042963028,0.001571200042963028,1.474399957805872,0.0014743999578058719,1.0656538849208927,6.160901381762107,False,0.1527506497681889,0.16277932334966116,0.06509053855222048,1.4448000118136406,0.0014448000118136406,1.3543999753892422,0.001354399975389242,1.0667454504334426,6.2569238431082415,False,0.06056046177303757,0.17720158877693015,0.07144181023632687,True,False,False,False,False,5.951773475979227,6.2569238431082415,0.0,2
bf16,256,18,True,"[18, 256]",0.0625,fused_int4,cuda_graph,1.4352000318467617,0.0014352000318467617,1.3472000136971474,0.0013472000136971474,1.065320677891113,6.131550738357994,False,0.21948246057858672,0.11876574873232426,0.04748937915791214,1.5599999576807022,0.0015599999576807022,1.4680000022053719,0.0014680000022053719,1.0626702693032146,5.897433203274527,False,0.10255891630347075,0.2179853107337464,0.080084188819565,1.565600000321865,0.001565600000321865,1.4696000143885612,0.0014696000143885612,1.065323887447868,6.13183354072353,False,0.15329702825055433,0.10887399071339081,0.03442897886063353,True,False,False,False,False,5.897433203274527,6.13183354072353,0.0,2
bf16,256,63,False,"[63, 256]",1.0,fused_int4,cuda_graph,1.5751499682664871,0.001575149968266487,1.482400018721819,0.0014824000187218188,1.0625674233494955,5.88832501115707,False,0.25234960661132316,0.10793390198206979,0.05285377830262218,1.4999999664723873,0.0014999999664723873,1.4072000049054623,0.0014072000049054623,1.0659465330041407,6.1866642427443885,False,0.0533337406317484,0.2274036636742171,0.08039933632535194,1.581599935889244,0.001581599935889244,1.4816000126302242,0.0014816000126302241,1.0674945480605755,6.322706582736148,False,0.10116415326545874,0.1619882731050625,0.06294253266119042,True,False,False,False,False,5.88832501115707,6.322706582736148,0.0,2
bf16,256,63,True,"[63, 256]",0.0625,fused_int4,cuda_graph,1.577574945986271,0.0015775749459862709,1.4791999943554401,0.00147919999435544,1.0665055110912824,6.235833795479595,False,0.25354384611869757,0.10816740057429461,0.03420553543945761,1.5776000916957855,0.0015776000916957855,1.482400018721819,0.0014824000187218188,1.0642202319020824,6.034487033506364,False,0.15371308182272853,0.055656952133827486,0.02671572443008252,1.4519999735057354,0.0014519999735057355,1.3679999858140945,0.0013679999858140946,1.0614035004113342,5.785123224818644,False,0.16529051780830545,0.1754399341865374,0.06797964091949626,True,False,False,False,False,5.785123224818644,6.235833795479595,0.0,2
bf16,256,65,False,"[65, 256]",1.0,fused_int4,cuda_graph,1.5744000673294067,0.0015744000673294067,1.4808000065386295,0.0014808000065386294,1.0632091169485929,5.945125558178321,False,0.10162678574470783,0.2650571205516187,0.09219139538185786,1.5799500048160553,0.0015799500048160552,1.482400018721819,0.0014824000187218188,1.0658054404089576,6.174245121483679,False,0.10126979830451487,0.16190085297310466,0.06276802640421315,1.5752000734210014,0.0015752000734210014,1.4816000126302242,0.0014816000126302241,1.0631749864962627,5.942106172424033,False,0.055552986942683104,0.26998045517510416,0.09314308534317091,True,False,False,False,False,5.942106172424033,6.174245121483679,0.0,2
bf16,256,65,True,"[65, 256]",0.0625,fused_int4,cuda_graph,1.5744000673294067,0.0015744000673294067,1.4800000004470348,0.0014800000004470347,1.0637838289553097,5.995938951050672,False,0.09685896331687113,0.3783812594237416,0.1398114408343812,1.5752000734210014,0.0015752000734210014,1.4840000309050083,0.0014840000309050082,1.0614555529762189,5.789743414493753,False,0.15395910812978586,0.16172629547187084,0.054964516821225586,1.5807999297976494,0.0015807999297976494,1.4871999621391296,0.0014871999621391297,1.0629370427927454,5.921050848635923,False,0.25303837522851513,0.2151648275675497,0.08605745421221397,True,False,False,False,False,5.789743414493753,5.995938951050672,0.0,2
bf16,256,255,False,"[255, 256]",1.0,fused_int4,cuda_graph,1.629599928855896,0.001629599928855896,1.5351999551057816,0.0015351999551057815,1.061490344261774,5.792831239038554,False,0.1963687104862263,0.10584755573922093,0.046261806846370226,1.6311999410390854,0.0016311999410390855,1.5359999611973763,0.0015359999611973762,1.0619791551085045,5.836193188007721,False,0.343308168439217,0.31250238742365244,0.10919717076108422,1.5064000152051449,0.0015064000152051448,1.4248000457882881,0.001424800045788288,1.0572711726519566,5.416885859878617,False,0.15932144520439667,0.06141055100592378,0.023071740101555913,True,False,False,False,False,5.416885859878617,5.836193188007721,0.0,2
bf16,256,255,True,"[255, 256]",0.0625,fused_int4,cuda_graph,1.6335999593138695,0.0016335999593138696,1.5375999733805656,0.0015375999733805656,1.0624349555120234,5.876590862160946,False,0.1469159117628849,0.20811813357041195,0.08321261731895292,1.6303999349474907,0.0016303999349474908,1.5359999611973763,0.0015359999611973762,1.0614583177961319,5.789988807448932,False,0.09813617805627076,0.20833492494910164,0.07092693987528967,1.6383999958634377,0.0016383999958634377,1.5359999611973763,0.0015359999611973762,1.0666666909198592,6.250002131628207,False,0.14648549077414255,0.10416746247455082,0.04149642693845572,True,False,False,False,False,5.789988807448932,6.250002131628207,0.0,2
bf16,256,256,False,"[256, 256]",1.0,fused_int4,cuda_graph,1.627199910581112,0.001627199910581112,1.535124983638525,0.001535124983638525,1.0599787821343072,5.658488938197193,False,0.14748230962058792,0.26056102065614495,0.09695495839851236,1.5072000212967396,0.0015072000212967395,1.42000000923872,0.0014200000092387199,1.0614084587962564,5.7855633509742095,False,0.10615791935915714,0.2253538271520405,0.0827629813067105,1.6327999532222748,0.0016327999532222749,1.544800028204918,0.0015448000282049178,1.0569652533730298,5.389510505784378,False,0.1454592661579452,0.15536109729185774,0.060168087216347005,True,False,False,False,False,5.389510505784378,5.7855633509742095,0.0,2
bf16,256,256,True,"[256, 256]",0.0625,fused_int4,cuda_graph,1.6335999593138695,0.0016335999593138696,1.5359999611973763,0.0015359999611973762,1.0635416670456228,5.974534803336207,False,0.09794394117525661,0.15625119371182622,0.05102611091213911,1.508800033479929,0.001508800033479929,1.414399966597557,0.001414399966597557,1.0667421303108895,6.256632077654823,False,0.1590680157428572,0.16968455397786159,0.055412474836283136,1.6327999532222748,0.0016327999532222749,1.5399999916553497,0.0015399999916553496,1.0602597156297215,5.683486295047202,False,0.04899596487713705,0.1022761523846938,0.04090209433621115,True,False,False,False,False,5.683486295047202,6.256632077654823,0.0,2
bf16,256,258,False,"[258, 256]",1.0,fused_int4,cuda_graph,1.6256000846624374,0.0016256000846624375,1.536799967288971,0.0015367999672889709,1.0577824826025448,5.4626053610169585,False,0.14762745357309082,0.20822647283262663,0.07059833205698504,1.5023999847471714,0.0015023999847471714,1.4151999726891518,0.0014151999726891517,1.061616742326756,5.804047719868288,False,0.15974562694021663,0.060063463132800206,0.023003520533731336,1.5039999969303608,0.0015039999969303608,1.4151999726891518,0.0014151999726891517,1.0627473332072441,5.904256942981945,False,0.159575683489527,0.17135230119993994,0.06799242813605677,True,False,False,False,False,5.4626053610169585,5.904256942981945,0.0,2
bf16,256,258,True,"[258, 256]",0.0625,fused_int4,cuda_graph,1.629599928855896,0.001629599928855896,1.536799967288971,0.0015367999672889709,1.0603851923101164,5.69464688379544,False,0.1472765328646697,0.20822647283262663,0.07789499222012677,1.6311999410390854,0.0016311999410390855,1.5344000421464443,0.0015344000421464443,1.0630864808614249,5.93427552670085,False,0.049044024062745294,0.1564080472240743,0.06254365422798161,1.63199994713068,0.0016319999471306802,1.536799967288971,0.0015367999672889709,1.061946890856361,5.833332287117177,False,0.19607993076255575,0.10411323641631332,0.05098362865560958,True,False,False,False,False,5.69464688379544,5.93427552670085,0.0,2
bf16,256,4095,False,"[4095, 256]",1.0,fused_int4,cuda_graph,3.359999880194664,0.003359999880194664,3.031199984252453,0.003031199984252453,1.1084718585544922,9.785711537679042,False,0.16517671680175833,0.2375315011136728,0.09531546047010593,3.3615998923778534,0.0033615998923778533,3.0287999659776688,0.003028799965977669,1.1098784766701355,9.90004572390607,False,0.23798373310537133,0.10730135013485852,0.0392184829871985,3.367999941110611,0.003367999941110611,3.0368000268936157,0.003036800026893616,1.109062141492334,9.833726841093139,False,0.19002520322631383,0.29142471743830356,0.11531628224025885,True,False,False,False,False,9.785711537679042,9.90004572390607,0.0,2
bf16,256,4095,True,"[4095, 256]",0.0625,fused_int4,cuda_graph,3.367200121283531,0.0033672001212835313,3.030399978160858,0.0030303999781608583,1.1111404915357332,10.002379751468094,False,0.07127084592033044,0.15839613860086238,0.056355745823647295,3.388800099492073,0.003388800099492073,3.0479999259114265,0.0030479999259114265,1.111811083288901,10.056662050727837,False,0.28328826774335997,0.23622227688208594,0.08686540597232757,3.3743999898433685,0.0033743999898433684,3.033600002527237,0.003033600002527237,1.1123417678771814,10.099572911981625,False,0.14224859423944528,0.2373435791915226,0.0922480032069087,True,False,False,False,False,10.002379751468094,10.099572911981625,0.0,2
bf16,256,4097,False,"[4097, 256]",1.0,fused_int4,cuda_graph,3.097599931061268,0.003097599931061268,2.7936000376939774,0.0027936000376939775,1.1088201207278878,9.81404636276374,False,0.206613148088651,0.1718226118557202,0.05727420395190674,3.0904000625014305,0.0030904000625014303,2.7855999767780304,0.0027855999767780306,1.1094199053217784,9.86280350631008,False,0.10516856896069236,0.25847411273603693,0.08633441081312909,3.0791999772191048,0.0030791999772191046,2.7855999767780304,0.0027855999767780306,1.10539919690144,9.534944226202258,False,0.10392388899888207,0.17231607515735795,0.05912995987714903,True,False,False,False,False,9.534944226202258,9.86280350631008,0.0,2
bf16,256,4097,True,"[4097, 256]",0.0625,fused_int4,cuda_graph,3.3431999385356903,0.0033431999385356904,3.0247999355196953,0.0030247999355196955,1.105263161135743,9.523809789116388,False,0.16749989469970697,0.1851376210175937,0.06814151201425406,3.364799916744232,0.003364799916744232,3.041600063443184,0.003041600063443184,1.1062598127826102,9.605321603008576,False,0.19020592282200932,0.2630153368150557,0.10385597754388602,3.351999819278717,0.003351999819278717,3.030399978160858,0.0030303999781608583,1.1061245523480492,9.59426785372145,False,0.07159403757920133,0.07919806930043119,0.02580850463570998,True,False,False,False,False,9.523809789116388,9.605321603008576,0.0,2
bf16,256,16383,False,"[16383, 256]",1.0,fused_int4,cuda_graph,8.78319963812828,0.008783199638128281,7.555200159549713,0.0075552001595497135,1.1625369881202137,13.981231546278018,False,3.1514739098609668,3.674296266682498,1.3583915643085596,9.225600212812424,0.009225600212812424,7.9343996942043304,0.007934399694204331,1.1627344938964002,13.995842967646555,False,0.4335753894381142,0.77636510175108,0.2766316751099878,8.555150032043457,0.008555150032043457,7.327999919652939,0.007327999919652939,1.167460442937428,14.343992890764124,False,2.384527170323469,5.2510936177459655,2.010372165109273,True,False,False,False,False,13.981231546278018,14.343992890764124,0.0,2
bf16,256,16383,True,"[16383, 256]",0.0625,fused_int4,cuda_graph,9.225600212812424,0.009225600212812424,7.938399910926819,0.007938399910926819,1.162148583635077,13.952483005907347,False,0.2254572642714965,0.24186418439117238,0.09003044975267029,9.220000356435776,0.009220000356435776,7.9343996942043304,0.007934399694204331,1.162028724513401,13.943607511186984,False,0.2163739027666946,0.22181591757860628,0.0800825313299744,9.223999828100204,0.009223999828100205,7.943925261497498,0.007943925261497498,1.1611387978191277,13.877651674526902,False,0.3461079075749967,0.2920422473653546,0.10604542064380533,True,False,False,False,False,13.877651674526902,13.952483005907347,0.0,2
bf16,256,16385,False,"[16385, 256]",1.0,fused_int4,cuda_graph,9.299200028181076,0.009299200028181076,7.9871997237205505,0.007987199723720551,1.1642628643132737,14.108743768114785,False,0.8344807279763323,0.9915917911523979,0.3871698593373484,9.227199852466583,0.009227199852466584,7.955200225114822,0.007955200225114822,1.15989536295215,13.785326509555706,False,0.9103528932609355,0.6134328667136386,0.21065090392655383,9.227199852466583,0.009227199852466584,7.9343996942043304,0.007934399694204331,1.1629361020477171,14.010752762840239,False,0.5808936917953661,0.6856273483194454,0.25910903443321437,True,False,False,False,False,13.785326509555706,14.108743768114785,0.0,2
bf16,256,16385,True,"[16385, 256]",0.0625,fused_int4,cuda_graph,9.215199947357178,0.009215199947357177,7.937599718570709,0.00793759971857071,1.1609554870595717,13.864053260752861,False,0.17362750589565434,0.8371578384379612,0.2953110152752073,9.28800031542778,0.00928800031542778,8.002399653196335,0.008002399653196334,1.1606518941750115,13.841522594438393,False,1.1024981824771303,0.9597101252541864,0.43835748501388516,9.282399713993073,0.009282399713993073,7.9975999891757965,0.007997599989175796,1.1606481602676009,13.841245415024094,False,0.9480258898533434,1.1403368132707086,0.37935997853915926,True,False,False,False,False,13.841245415024094,13.864053260752861,0.0,2
fp16,256,2,False,"[2, 256]",1.0,fused_int4,cuda_graph,1.3655999675393105,0.0013655999675393105,1.2880000285804272,0.0012880000285804272,1.0602483984758992,5.682479555027486,False,0.17574826683019826,0.1863295876764623,0.07239603442165529,1.5072000212967396,0.0015072000212967395,1.4192000031471252,0.0014192000031471252,1.0620067770254167,5.8386423106537855,False,0.2653947983978929,0.2254808595886851,0.07615644611107304,1.3775999657809734,0.0013775999657809734,1.2950999662280083,0.0012950999662280083,1.0637016459766016,5.988676074494181,False,0.23228981169178983,0.24708705504015166,0.08177973382152766,True,False,False,False,False,5.682479555027486,5.988676074494181,0.0,2
fp16,256,2,True,"[2, 256]",0.0625,fused_int4,cuda_graph,1.5119999647140503,0.0015119999647140504,1.4248000457882881,0.001424800045788288,1.0612015132814778,5.767190539733469,False,0.1587313710842566,0.05614212055240866,0.027497734561729603,1.5104000456631184,0.0015104000456631183,1.4208000153303146,0.0014208000153303145,1.0630630837317194,5.9322052187482655,False,0.1588933441453238,0.056306734442757356,0.022525230421438145,1.4960000291466713,0.0014960000291466713,1.4072000049054623,0.0014072000049054623,1.0631040533908858,5.935830381758822,False,0.10695268395830514,0.17055274775566284,0.07187049351390419,True,False,False,False,False,5.767190539733469,5.935830381758822,0.0,2
fp16,256,3,False,"[3, 256]",1.0,fused_int4,cuda_graph,1.5304000116884708,0.0015304000116884708,1.4415999874472618,0.0014415999874472618,1.0615982415471945,5.802406139767147,False,0.26137156478196166,0.11098863742518765,0.04152353686621496,1.5192000195384026,0.0015192000195384026,1.4448000118136406,0.0014448000118136406,1.0514950215368344,4.8973148214787265,False,0.21063877864819192,0.9966724298481663,0.4402657937330672,1.3942999765276909,0.0013942999765276908,1.3159249909222126,0.0013159249909222126,1.0595588549090114,5.621099255890416,False,0.2868844958267156,0.12158840315572156,0.054421239897539234,False,False,False,False,False,4.8973148214787265,5.802406139767147,0.0,2
fp16,256,3,True,"[3, 256]",0.0625,fused_int4,cuda_graph,1.515199989080429,0.0015151999890804292,1.4295999892055988,0.0014295999892055989,1.0598768890047323,5.649419251037657,False,0.15839613860086238,0.2238405421475259,0.0743502795989443,1.5119999647140503,0.0015119999647140504,1.42639996483922,0.00142639996483922,1.060011218441441,5.661375785218281,False,0.056211970993982376,0.22434271209053783,0.07605272232438254,1.5359750017523766,0.0015359750017523766,1.4511999674141407,0.0014511999674141408,1.058417196969274,5.519297790752908,False,0.26042288796431523,0.16538163786350027,0.05664855356021476,True,False,False,False,False,5.519297790752908,5.661375785218281,0.0,2
fp16,256,16,False,"[16, 256]",1.0,fused_int4,cuda_graph,1.4391999691724777,0.0014391999691724777,1.3671750202775002,0.0013671750202775002,1.0526815863563381,5.00451295426243,False,0.16676058408784356,0.11154685342505039,0.0419503886710327,1.573600061237812,0.001573600061237812,1.486399956047535,0.001486399956047535,1.0586653039348506,5.5414401243531035,False,0.09690820566414081,0.16145890833502402,0.05895645602808507,1.5720000490546227,0.0015720000490546226,1.4952000230550766,0.0014952000230550766,1.0513643825677743,4.885497684668172,False,0.1526729134790691,0.16051486341474475,0.06239028675303165,False,False,False,False,False,4.885497684668172,5.5414401243531035,0.0,2
fp16,256,16,True,"[16, 256]",0.0625,fused_int4,cuda_graph,1.5783999115228653,0.0015783999115228653,1.4960000291466713,0.0014960000291466713,1.0550801342050744,5.220469272371742,False,0.10453187821056718,0.2673754844776046,0.09199231355873196,1.5752000734210014,0.0015752000734210014,1.496800035238266,0.001496800035238266,1.0523784315453035,4.97714795127372,False,0.15395910812978586,0.16033705812577684,0.0641142634655348,1.4535999856889248,0.0014535999856889249,1.3752000406384468,0.0013752000406384469,1.0570098478284513,5.393502051619848,False,0.11007238572798116,0.23087345079248425,0.07823944198443056,False,False,False,False,False,4.97714795127372,5.393502051619848,0.0,2
fp16,256,18,False,"[18, 256]",1.0,fused_int4,cuda_graph,1.44640002399683,0.00144640002399683,1.3687999919056892,0.0013687999919056893,1.056692016766528,5.3650463774681745,False,0.11062030950249063,0.2922289948588109,0.10050696097236672,1.5760000795125961,0.001576000079512596,1.498399954289198,0.0014983999542891979,1.051788659630739,4.923865565247776,False,0.20303540231123995,0.21355654910169075,0.0798884807772218,1.5760000795125961,0.001576000079512596,1.4960000291466713,0.0014960000291466713,1.053475968454063,5.076145071684657,False,0.20304722112504234,0.11197037099383447,0.04355992978154679,False,False,False,False,False,4.923865565247776,5.3650463774681745,0.0,2
fp16,256,18,True,"[18, 256]",0.0625,fused_int4,cuda_graph,1.5647999942302704,0.0015647999942302703,1.4856000430881977,0.0014856000430881976,1.0533117587809404,5.061346589602422,False,0.15337540156144133,0.10769514031556512,0.0430687795297167,1.5760000795125961,0.001576000079512596,1.4976000413298607,0.0014976000413298607,1.0523504514016417,4.974621461122131,False,0.10152361056252117,0.21033113815003374,0.0857842861449547,1.5799999237060547,0.0015799999237060547,1.4991999603807926,0.0014991999603807926,1.0538953878472217,5.113921976384484,False,0.15189989814395655,0.21344880275783804,0.07839263231767461,False,False,False,False,False,4.974621461122131,5.113921976384484,0.0,2
fp16,256,63,False,"[63, 256]",1.0,fused_int4,cuda_graph,1.5839999541640282,0.0015839999541640282,1.5023999847471714,0.0015023999847471714,1.0543130792367446,5.15151336982973,False,1.1568861134743684,0.6922248511752833,0.26357815333414625,1.4551250264048576,0.0014551250264048577,1.3799999840557575,0.0013799999840557575,1.054438437113826,5.162789518829857,False,0.05497851229809798,0.23188582632979873,0.10492623992838684,1.5847999602556229,0.0015847999602556229,1.5048000030219555,0.0015048000030219554,1.0531631825312404,5.047953006054062,False,0.2523997071105611,0.9037752789434267,0.3446697704572612,True,False,False,False,False,5.047953006054062,5.162789518829857,0.0,2
fp16,256,63,True,"[63, 256]",0.0625,fused_int4,cuda_graph,1.5807999297976494,0.0015807999297976494,1.4960000291466713,0.0014960000291466713,1.056684424464449,5.364366423133182,False,0.20243070018281212,0.05347634197915257,0.021392824811692086,1.5064000152051449,0.0015064000152051448,1.4295999892055988,0.0014295999892055989,1.0537213392413511,5.098249151908519,False,0.47796433561319,0.3969651756623833,0.16965190660113783,1.5847999602556229,0.0015847999602556229,1.500799972563982,0.001500799972563982,1.0559701420757188,5.300352713164624,False,0.10095988284422443,0.1599159327464454,0.06215751408636107,True,False,False,False,False,5.098249151908519,5.364366423133182,0.0,2
fp16,256,65,False,"[65, 256]",1.0,fused_int4,cuda_graph,1.5720000490546227,0.0015720000490546226,1.496800035238266,0.001496800035238266,1.0502405211424157,4.783715742348793,False,0.20356388463875882,0.05344776007219616,0.021381389603641558,1.5847999602556229,0.0015847999602556229,1.5048000030219555,0.0015048000030219554,1.0531631825312404,5.047953006054062,False,0.10095988284422443,0.3688218107230456,0.13888712713435017,1.5831999480724335,0.0015831999480724335,1.5015999786555767,0.0015015999786555767,1.054342015567898,5.154116478856996,False,0.7074334038452941,0.15983073447649418,0.05474757596087181,False,False,False,False,False,4.783715742348793,5.154116478856996,0.0,2
fp16,256,65,True,"[65, 256]",0.0625,fused_int4,cuda_graph,1.5823999419808388,0.0015823999419808388,1.498399954289198,0.0014983999542891979,1.0560597906127729,5.308391732275353,False,0.15166951230924336,0.10677516682726346,0.0399555424810166,1.5831999480724335,0.0015831999480724335,1.4999999664723873,0.0014999999664723873,1.0554666556398071,5.25517839369204,False,0.10106191483504201,0.15500312396642593,0.06198203476853254,1.4568000100553036,0.0014568000100553037,1.3824000023305416,0.0013824000023305416,1.0538194499416476,5.107084514774096,False,0.7688078029079025,0.6365721831921741,0.2442026071733389,True,False,False,False,False,5.107084514774096,5.308391732275353,0.0,2
fp16,256,255,False,"[255, 256]",1.0,fused_int4,cuda_graph,1.6351999714970589,0.001635199971497059,1.553600002080202,0.0015536000020802021,1.052523152231976,4.990213480871719,False,0.19569620976993393,0.15448109369017568,0.05644208111360903,1.5048000030219555,0.0015048000030219554,1.4295999892055988,0.0014295999892055989,1.0526021365306135,4.997342747563738,False,0.15949084728630686,0.11192027107376296,0.04458383050890548,1.6408000141382217,0.0016408000141382218,1.5544000081717968,0.0015544000081717968,1.0555841517705884,5.265724355311141,False,0.09751414976856566,0.15440158660362224,0.05637948793159425,False,False,False,False,False,4.990213480871719,5.265724355311141,0.0,2
fp16,256,255,True,"[255, 256]",0.0625,fused_int4,cuda_graph,1.5048000030219555,0.0015048000030219554,1.42639996483922,0.00142639996483922,1.0549635727112294,5.2099972106121495,False,0.21265446304840915,0.05608567802263446,0.022431755008675985,1.6383999958634377,0.0016383999958634377,1.5519999898970127,0.0015519999898970128,1.0556701072995227,5.273437877475828,False,0.09765699384942837,0.05154678458778744,0.025257871872570118,1.5064000152051449,0.0015064000152051448,1.432000007480383,0.001432000007480383,1.051955312385556,4.9389277067041215,False,0.21242859360586225,0.17109150029627374,0.06561420851248982,False,False,False,False,False,4.9389277067041215,5.273437877475828,0.0,2
fp16,256,256,False,"[256, 256]",1.0,fused_int4,cuda_graph,1.6335999593138695,0.0016335999593138696,1.551975030452013,0.001551975030452013,1.0525942281675003,4.996628972501926,False,0.19588788235051321,0.15464284074757842,0.05647051912786626,1.6367999836802483,0.0016367999836802483,1.553600002080202,0.0015536000020802021,1.0535530261899106,5.083087880595882,False,0.09775245595933224,0.15448109369017568,0.06177335184616206,1.6359999775886536,0.0016359999775886537,1.5544000081717968,0.0015544000081717968,1.052496120038516,4.987773260066253,False,0.09780025703592582,0.205868782138163,0.07563323526998714,False,False,False,False,False,4.987773260066253,5.083087880595882,0.0,2
fp16,256,256,True,"[256, 256]",0.0625,fused_int4,cuda_graph,1.6392000019550323,0.0016392000019550324,1.5495999716222286,0.0015495999716222287,1.0578213938910983,5.466082859073939,False,0.19521866535884555,0.20650648070345387,0.06848338019609693,1.6392000019550323,0.0016392000019550324,1.5575500205159187,0.0015575500205159188,1.05242206052045,4.9810871975190185,False,0.0,0.20545243004900843,0.07672598159582007,1.6343500465154648,0.0016343500465154648,1.5479999594390392,0.0015479999594390393,1.055781711459293,5.28345119581507,False,0.1468484845031256,0.05490471601188411,0.02586614400130804,False,False,False,False,False,4.9810871975190185,5.466082859073939,0.0,2
fp16,256,258,False,"[258, 256]",1.0,fused_int4,cuda_graph,1.6343999654054642,0.0016343999654054643,1.5511499717831612,0.0015511499717831613,1.0536698547121146,5.093612052399321,False,0.0978959995751382,0.15472509547384966,0.05651087691030571,1.6383999958634377,0.0016383999958634377,1.5519999898970127,0.0015519999898970128,1.0556701072995227,5.273437877475828,False,0.09765699384942837,0.15464035376336233,0.06008858526618113,1.637599989771843,0.001637599989771843,1.5552000142633915,0.0015552000142633915,1.0529835228605495,5.0317523218800115,False,0.24426175396659477,0.05144072043836836,0.020574171474941155,True,False,False,False,False,5.0317523218800115,5.273437877475828,0.0,2
fp16,256,258,True,"[258, 256]",0.0625,fused_int4,cuda_graph,1.503199990838766,0.001503199990838766,1.4255749993026257,0.0014255749993026257,1.0544517065563817,5.163982970278402,False,0.1064404066618312,0.17361343621004646,0.06245921541151372,1.6335999593138695,0.0016335999593138696,1.5544000081717968,0.0015544000081717968,1.0509521041724796,4.848185180865061,False,0.1469159117628849,0.1029343910690815,0.03255071253407919,1.6383999958634377,0.0016383999958634377,1.5584000386297703,0.0015584000386297703,1.051334673543776,4.882809902078112,False,0.14648549077414255,0.10267018374795533,0.03246716284315417,False,False,False,False,False,4.848185180865061,5.163982970278402,0.0,2
fp16,256,4095,False,"[4095, 256]",1.0,fused_int4,cuda_graph,3.365600109100342,0.003365600109100342,3.073599934577942,0.0030735999345779417,1.095002661614286,8.676021067768936,False,0.07131579693050966,0.20822647283262663,0.07791526802496826,3.376000002026558,0.003376000002026558,3.0672000721096992,0.0030672000721096992,1.1006781177155027,9.146917349866445,False,0.1421811773307699,0.18257832907884025,0.05856144291417064,3.3599499613046646,0.0033599499613046644,3.0688000842928886,0.0030688000842928886,1.0948741752523976,8.665303958834048,False,0.45238559058427724,0.26068412512036815,0.09833046177475126,True,False,False,False,False,8.665303958834048,9.146917349866445,0.0,2
fp16,256,4095,True,"[4095, 256]",0.0625,fused_int4,cuda_graph,3.0856000259518623,0.003085600025951862,2.824000082910061,0.002824000082910061,1.0926345380175164,8.478089863935024,False,0.07778125014902791,0.11330871132859559,0.04532687775549263,3.3663999289274216,0.0033663999289274215,3.064800053834915,0.003064800053834915,1.0984076839580843,8.959121954015725,False,0.14258664005787125,0.15661826106933138,0.050613036990677686,3.1039999797940254,0.0031039999797940255,2.8351999819278717,0.0028351999819278715,1.0948081262625347,8.659793802060223,False,0.1288669614694686,0.11286767729882814,0.03743608631796761,True,False,False,False,False,8.478089863935024,8.959121954015725,0.0,2
fp16,256,4097,False,"[4097, 256]",1.0,fused_int4,cuda_graph,3.3535998314619064,0.0033535998314619063,3.068000078201294,0.003068000078201294,1.0930898780902423,8.516214444587245,False,0.11927016920545762,0.20697338384574288,0.07778082794305978,3.3720001578330994,0.0033720001578330995,3.064800053834915,0.003064800053834915,1.1002349577793147,9.110322942440074,False,0.1897997755987752,0.2349273916039971,0.07847066795779424,3.364799916744232,0.003364799916744232,3.0672000721096992,0.0030672000721096992,1.0970265511339259,8.84450344739932,False,0.11888423744253412,0.1564896378524076,0.05369967323758789,True,False,False,False,False,8.516214444587245,9.110322942440074,0.0,2
fp16,256,4097,True,"[4097, 256]",0.0625,fused_int4,cuda_graph,3.0904000625014305,0.0030904000625014303,2.8279999271035194,0.0028279999271035193,1.0927864717686415,8.490814460620976,False,0.1812076924639358,0.22630348773726744,0.08279090516027414,3.3911999315023422,0.0033911999315023424,3.1015999615192413,0.0031015999615192414,1.0933711547511265,8.539749228374294,False,0.1415438973378872,0.18055335022701738,0.0718667485141964,3.3984001725912094,0.0033984001725912093,3.0856000259518623,0.003085600025951862,1.1013741716387409,9.204335297595145,False,0.214074830931966,0.25927083383009303,0.1002506634471363,True,False,False,False,False,8.490814460620976,9.204335297595145,0.0,2
fp16,256,16383,False,"[16383, 256]",1.0,fused_int4,cuda_graph,9.242399781942368,0.009242399781942367,7.979200035333633,0.007979200035333634,1.1583115777289716,13.667443265944312,False,0.22504745891938688,0.2506559362569741,0.08259390043165332,9.248799830675125,0.009248799830675124,7.999199628829956,0.007999199628829955,1.156215654043872,13.510944389786339,False,0.7784812844115481,0.8700913458063564,0.3829990043279353,9.255199879407883,0.009255199879407882,7.986400276422501,0.0079864002764225,1.158870023924438,13.709045936526609,False,0.4408346112285674,0.3706352127241254,0.13125991379823604,True,False,False,False,False,13.510944389786339,13.709045936526609,0.0,2
fp16,256,16383,True,"[16383, 256]",0.0625,fused_int4,cuda_graph,9.335199743509293,0.009335199743509293,8.048799633979797,0.008048799633979798,1.1598250879669896,13.780102674545569,False,0.7112897545016387,1.0833834124045767,0.37511424813443417,9.247999638319016,0.009247999638319016,7.969599962234497,0.007969599962234498,1.160409516430243,13.823526449844126,False,0.2941239263304479,0.4717940701993976,0.16828234278343224,8.904799818992615,0.008904799818992615,7.681600004434586,0.007681600004434586,1.1592376345880906,13.736410019561873,False,3.916993395148187,4.4573998486334085,1.6847751505607351,True,False,False,False,False,13.736410019561873,13.823526449844126,0.0,2
fp16,256,16385,False,"[16385, 256]",1.0,fused_int4,cuda_graph,9.364774823188782,0.009364774823188782,8.083199709653854,0.008083199709653854,1.158547995789876,13.685060641944414,False,1.0763782035880123,1.316313529424181,0.450261021255189,9.267999976873398,0.009267999976873397,7.9975999891757965,0.007997599989175796,1.158847652973017,13.70738013452366,False,0.8291946354854883,0.6601984293748289,0.25600949107524973,9.296800196170807,0.009296800196170806,8.008799701929092,0.008008799701929092,1.1608231622937795,13.854234436190415,False,0.9121367172855421,0.9889174377064625,0.35814137840002874,True,False,False,False,False,13.685060641944414,13.854234436190415,0.0,2
fp16,256,16385,True,"[16385, 256]",0.0625,fused_int4,cuda_graph,9.248799830675125,0.009248799830675124,7.978399842977524,0.007978399842977523,1.1592299223779552,13.735836118802315,False,0.12974553811410117,0.250681075754637,0.08988075695001141,9.350399672985077,0.009350399672985076,8.09279978275299,0.00809279978275299,1.155397380880746,13.449691288229204,False,2.8576336979419907,6.059700761519179,2.342714542632192,9.252800047397614,0.009252800047397614,7.976800203323364,0.007976800203323364,1.1599638716715797,13.7904184413142,False,0.4323088892428298,0.38110342714743123,0.15508617910039485,True,False,False,False,False,13.449691288229204,13.7904184413142,0.0,2
