mode,dim,rows,dtype,scale,activated,round,original128_ms,original256_ms,auto_ms,baseline_ms,reduction_percent
hadamard_int4,16,4096,fp16,1.0,False,1,0.001982400007545948,0.001799199916422367,0.001981600001454353,0.001982400007545948,0.04035543223110949
hadamard_int4,2,2,fp16,1.0,True,1,0.0010904000140726567,0.001087199989706278,0.001017600018531084,0.001087199989706278,6.4017634137392925
hadamard,1,4096,fp16,1.0,True,1,0.0014928000047802926,0.0012703499756753444,0.0008736000396311283,0.0012703499756753444,31.23154592365742
hadamard,2,16384,bf16,1.0,True,1,0.0029271749779582025,0.0021191999316215516,0.0010135999880731105,0.0021191999316215516,52.1706294461074
hadamard,16,4096,fp16,1.0,True,1,0.001541600003838539,0.0013230999931693078,0.0011342749930918217,0.0013230999931693078,14.2714081363708
hadamard,4,4097,bf16,1.0,True,1,0.0015048000030219554,0.0012911999598145484,0.0009511999785900116,0.0012911999598145484,26.33209354137296
hadamard_int4,16,4096,bf16,1.0,False,1,0.0017944000661373138,0.0016511999070644378,0.0017903249710798264,0.0017944000661373138,0.22710069701790125
hadamard,32,17,fp16,1.0,False,1,0.0009064000099897384,0.0009096000343561172,0.0009063749574124813,0.0009064000099897384,0.0027639648037314224
hadamard_int4,4,257,fp16,1.0,True,1,0.0011839999817311764,0.0011376000009477138,0.0010343999601900578,0.0011376000009477138,9.071733533024084
hadamard_int4,2,1,bf16,1.0,True,1,0.001099149975925684,0.0010951999574899673,0.0010295250453054906,0.0010951999574899673,5.996613836161369
hadamard_int4,2,16384,fp16,1.0,True,1,0.00321119986474514,0.003070399910211563,0.0011575750075280666,0.003070399910211563,62.29888479092924
hadamard,4,4096,fp16,1.0,True,1,0.0015048000030219554,0.0012959999963641166,0.0009336000308394432,0.0012959999963641166,27.96296038127887
hadamard,16,16384,fp16,1.0,True,1,0.0029567999765276907,0.0022087499499320986,0.0016071999445557595,0.0022087499499320986,27.23486220768593
hadamard,8,16384,fp16,1.0,True,1,0.0029367249459028243,0.002160000056028366,0.001307199988514185,0.002160000056028366,39.481483583025515
hadamard,4,4097,fp16,1.0,True,1,0.0015015999786555767,0.0012872000224888325,0.0009424000047147274,0.0012872000224888325,26.786825027195526
hadamard_int4,1,4096,fp16,1.0,True,1,0.0017271999269723893,0.0015279999934136868,0.0009312000125646591,0.0015279999934136868,39.057590538055166
hadamard_int4,1,1,fp16,1.0,True,1,0.0010520000010728835,0.001051149982959032,0.0009887999854981898,0.001051149982959032,5.931598579807251
hadamard_int4,1,2,fp16,1.0,True,1,0.0010680000297725201,0.001065600011497736,0.0010040000081062317,0.001065600011497736,5.7807810366784285
hadamard,2,4097,bf16,1.0,True,1,0.0015104000456631183,0.001297600008547306,0.0008950999937951565,0.001297600008547306,31.018804878304362
hadamard,4,4096,bf16,1.0,True,1,0.0015064000152051448,0.001285600010305643,0.0009232000447809696,0.001285600010305643,28.18916946325438
hadamard_int4,4,16384,bf16,1.0,True,1,0.0032152000814676283,0.0031112000346183778,0.0013063999824225903,0.0031112000346183778,58.009772181593775
hadamard_int4,4,257,bf16,1.0,True,1,0.0011839250102639199,0.0011327999643981456,0.0010639999993145466,0.0011327999643981456,6.073443436251546
hadamard_int4,8,64,bf16,1.0,True,1,0.0011239999905228615,0.001156724989414215,0.0009895999915897845,0.0011239999905228615,11.957295379562838
hadamard_int4,4,4096,fp16,1.0,True,1,0.0017759999260306357,0.0016016000881791115,0.0011031249538064002,0.0016016000881791115,31.12357061240154
hadamard,32,17,bf16,1.0,False,1,0.0008984000422060489,0.0009007999673485756,0.0008968000300228595,0.0008984000422060489,0.17809573775848797
hadamard,2,4096,fp16,1.0,True,1,0.001508800033479929,0.0012887749820947648,0.0008856000378727913,0.0012887749820947648,31.283579354299384
hadamard_int4,2,16384,bf16,1.0,True,1,0.003221524879336357,0.003095199912786484,0.0011656000278890133,0.003095199912786484,62.34168839712617
hadamard_int4,8,4096,bf16,1.0,True,1,0.0017847999930381774,0.0016303999349474908,0.0011512000113725663,0.0016303999349474908,29.391556838497902
hadamard_int4,16,65,bf16,1.0,False,1,0.001130400039255619,0.0011432000435888767,0.001130400039255619,0.001130400039255619,0.0
hadamard_int4,2,4096,fp16,1.0,True,1,0.0017712000757455827,0.0015744000673294067,0.0010544000193476676,0.0015744000673294067,33.02845691970751
hadamard_int4,1,1,bf16,1.0,True,1,0.001063199993222952,0.0010599000379443169,0.0009991999715566636,0.0010599000379443169,5.726961431700817
hadamard,8,4097,bf16,1.0,True,1,0.0015263999812304974,0.0013303999789059163,0.001024799980223179,0.0013303999789059163,22.970535442585792
hadamard_int4,64,65,bf16,1.0,False,1,0.0010831999592483045,0.0011119999922811984,0.0010831999592483045,0.0010831999592483045,0.0
hadamard,2,4097,fp16,1.0,True,1,0.0015072000212967395,0.0012848000042140484,0.000902399979531765,0.0012848000042140484,29.763389121111437
hadamard,16,4097,fp16,1.0,True,1,0.001539925020188093,0.001315999962389469,0.0011512000113725663,0.001315999962389469,12.522792988358045
hadamard_int4,2,4096,bf16,1.0,True,1,0.0017831750214099885,0.0015863999724388123,0.0010503999888896941,0.0015863999724388123,33.78719067456311
hadamard,1,16384,bf16,1.0,True,1,0.0029198750853538513,0.002072799950838089,0.0009064000099897384,0.002072799950838089,56.2717082454939
hadamard_int4,8,16384,fp16,1.0,True,1,0.003253600001335144,0.0031840000301599503,0.0014543999917805196,0.0031840000301599503,54.32160873103206
hadamard,8,16384,bf16,1.0,True,1,0.002938400022685528,0.002155975066125393,0.0013128000311553479,0.002155975066125393,39.10875632181386
hadamard_int4,1,2,bf16,1.0,True,1,0.0010639999993145466,0.0010607999749481678,0.0009991999715566636,0.0010607999749481678,5.80693861672783
hadamard,16,16384,bf16,1.0,True,1,0.00295839998871088,0.0022087499499320986,0.00160559993237257,0.0022087499499320986,27.3073019233377
hadamard,2,16384,fp16,1.0,True,1,0.0029239999130368233,0.0021167999133467675,0.0010223999619483949,0.0021167999133467675,51.70068009253039
hadamard,8,4096,fp16,1.0,True,1,0.0015216000378131867,0.0013222750276327133,0.0010263999924063683,0.0013222750276327133,22.376209868839013
hadamard_int4,16,65,fp16,1.0,False,1,0.0011447999626398087,0.0011623750440776348,0.001143999956548214,0.0011447999626398087,0.0698817363471882
hadamard_int4,4,16384,fp16,1.0,True,1,0.0032152000814676283,0.0031095750629901884,0.0013008000329136848,0.0031095750629901884,58.16791662643362
hadamard,1,4097,bf16,1.0,True,1,0.0014879999682307244,0.001268799975514412,0.0008663999848067761,0.001268799975514412,31.715006184839346
hadamard_int4,1,16384,bf16,1.0,True,1,0.0031775999814271927,0.0029656000435352324,0.000985500030219555,0.0029656000435352324,66.76895010276706
hadamard,4,16384,fp16,1.0,True,1,0.00291920006275177,0.0021104000508785246,0.001106400042772293,0.0021104000508785246,47.57391887326211
hadamard_int4,64,65,fp16,1.0,False,1,0.0010904000140726567,0.0011168000288307666,0.0010904000140726567,0.0010904000140726567,0.0
hadamard_int4,8,65,fp16,1.0,True,1,0.001134399976581335,0.0011487999930977822,0.0010648000054061413,0.001134399976581335,6.135399560298172
hadamard,2,4096,bf16,1.0,True,1,0.0015080000273883342,0.0012896000407636166,0.0008824000135064125,0.0012896000407636166,31.575683497659234
hadamard_int4,2,1,fp16,1.0,True,1,0.0010912000201642514,0.0010879999957978726,0.001020000036805868,0.0010879999957978726,6.249996255021806
hadamard_int4,2,2,bf16,1.0,True,1,0.0010895250365138055,0.001087199989706278,0.001017600018531084,0.001087199989706278,6.4017634137392925
hadamard_int4,4,4096,bf16,1.0,True,1,0.0017815999686717986,0.0016152000054717064,0.0011087999679148196,0.0016152000054717064,31.35215675095274
hadamard,256,17,bf16,1.0,False,1,0.0010463999584317206,0.0011896000243723393,0.0010456000454723835,0.0010463999584317206,0.07644428431897721
hadamard_int4,8,64,fp16,1.0,True,1,0.0011288000270724297,0.0011376000009477138,0.000993600022047758,0.0011288000270724297,11.977321206778857
hadamard_int4,4,256,fp16,1.0,True,1,0.0011615999974310398,0.0011479999870061875,0.000967200007289648,0.0011479999870061875,15.749127331267553
hadamard,1,4097,fp16,1.0,True,1,0.0014911999925971032,0.001266399957239628,0.0008712000213563442,0.001266399957239628,31.206565794956354
hadamard,4,16384,bf16,1.0,True,1,0.002924799919128418,0.0021135250106453897,0.0011056000366806984,0.0021135250106453897,47.68928538285475
hadamard,1,4096,bf16,1.0,True,1,0.0014911499805748464,0.0012759500183165073,0.0008679999969899655,0.0012759500183165073,31.972257178599563
hadamard,16,4096,bf16,1.0,True,1,0.0015367999672889709,0.0013232000172138214,0.0011296000331640244,0.0013232000172138214,14.631195702177235
hadamard,256,17,fp16,1.0,False,1,0.0010215999558568002,0.0011776000261306762,0.0010208000428974628,0.0010215999558568002,0.0783000189801708
hadamard_int4,8,4096,fp16,1.0,True,1,0.0017767250537872314,0.0016103999689221383,0.001152000017464161,0.0016103999689221383,28.46497518034544
hadamard_int4,1,4096,bf16,1.0,True,1,0.0017375249415636062,0.0015320000238716602,0.0009255999699234963,0.0015320000238716602,39.582248335458495
hadamard_int4,8,16384,bf16,1.0,True,1,0.003251200169324875,0.0031775999814271927,0.0015096000395715236,0.0031775999814271927,52.49244560690426
hadamard_int4,1,16384,fp16,1.0,True,1,0.0031383998692035677,0.002935975044965744,0.0009839000180363656,0.002935975044965744,66.4881341643745
hadamard,16,4097,bf16,1.0,True,1,0.001541600003838539,0.001324000023305416,0.0011447999626398087,0.001324000023305416,13.534747546169045
hadamard_int4,4,256,bf16,1.0,True,1,0.001158399973064661,0.0011367999948561191,0.0010599999688565731,0.0011367999948561191,6.755808088235115
hadamard_int4,8,65,bf16,1.0,True,1,0.0011239999905228615,0.0011599999852478504,0.0010623999871313572,0.0011239999905228615,5.480427394207476
hadamard,8,4097,fp16,1.0,True,1,0.0015239999629557133,0.0013183999806642532,0.0010280000045895577,0.0013183999806642532,22.02669753744858
hadamard,8,4096,bf16,1.0,True,1,0.0015279999934136868,0.001328799966722727,0.0010383250191807747,0.001328799966722727,21.85994542567323
hadamard,1,16384,fp16,1.0,True,1,0.00291920006275177,0.0020791999995708466,0.0009192000143229961,0.0020791999995708466,55.79068802843776
hadamard,2,4097,bf16,1.0,True,2,0.0016680000349879264,0.0014255999587476254,0.000993600022047758,0.0014255999587476254,30.303026739659465
hadamard_int4,4,16384,bf16,1.0,True,2,0.0032120000571012495,0.003111900016665459,0.001304799970239401,0.003111900016665459,58.07063327061668
hadamard_int4,1,2,fp16,1.0,True,2,0.001065600011497736,0.0010615999810397625,0.0010006999596953391,0.0010615999810397625,5.73662607687464
hadamard,16,4096,bf16,1.0,True,2,0.0015448000282049178,0.001328799966722727,0.001134399976581335,0.001328799966722727,14.629740744263287
hadamard,2,4097,fp16,1.0,True,2,0.0015207000076770782,0.0013039999641478062,0.0009072000160813331,0.0013039999641478062,30.42944470675587
hadamard,4,4096,fp16,1.0,True,2,0.0015150999650359153,0.0012968000024557113,0.000926399976015091,0.0012968000024557113,28.56261765416448
hadamard_int4,1,1,fp16,1.0,True,2,0.0010639999993145466,0.0010615999810397625,0.0009999999776482583,0.0010615999810397625,5.802562593414084
hadamard_int4,2,16384,fp16,1.0,True,2,0.003226400166749954,0.003085600025951862,0.0011624000035226345,0.003085600025951862,62.32823458173095
hadamard_int4,1,1,bf16,1.0,True,2,0.0010639499872922898,0.0010599999688565731,0.0009983999654650689,0.0010599999688565731,5.811321245410273
hadamard_int4,8,16384,bf16,1.0,True,2,0.0032567501068115233,0.0031814750283956526,0.0015064000152051448,0.0031814750283956526,52.65089300528665
hadamard,4,16384,bf16,1.0,True,2,0.0029270749539136885,0.0021191999316215516,0.001107999961823225,0.0021191999316215516,47.71611940476919
hadamard_int4,4,257,bf16,1.0,True,2,0.0011896000243723393,0.001143999956548214,0.0010582500137388707,0.001143999956548214,7.495624656147393
hadamard_int4,2,2,fp16,1.0,True,2,0.0010991999879479408,0.0010967999696731567,0.0010263999924063683,0.0010967999696731567,6.418670606616395
hadamard,8,4097,fp16,1.0,True,2,0.0015296000055968761,0.001328799966722727,0.0010424000211060047,0.001328799966722727,21.553277603030185
hadamard_int4,1,16384,fp16,1.0,True,2,0.0031415998935699465,0.002940000034868717,0.000976799987256527,0.002940000034868717,66.77551103157913
hadamard_int4,16,4096,fp16,1.0,False,2,0.0017920000478625297,0.0016327999532222749,0.0017910750582814216,0.0017920000478625297,0.05161772078139393
hadamard_int4,64,65,bf16,1.0,False,2,0.001089600007981062,0.001116000022739172,0.0010912000201642514,0.001089600007981062,-0.14684399517892466
hadamard,2,16384,bf16,1.0,True,2,0.0029215749353170397,0.0021104000508785246,0.0010280000045895577,0.0021104000508785246,51.28885615020631
hadamard,16,4097,bf16,1.0,True,2,0.0015391499735414981,0.0013207250274717807,0.0011382999829947949,0.0013207250274717807,13.812492432750823
hadamard_int4,4,4096,bf16,1.0,True,2,0.0017799999564886092,0.0016079999506473542,0.001107999961823225,0.0016079999506473542,31.09452762251873
hadamard_int4,4,16384,fp16,1.0,True,2,0.003222399950027466,0.0031120000407099725,0.0012943999841809272,0.0031120000407099725,58.40617071824901
hadamard_int4,1,4096,fp16,1.0,True,2,0.0017263999208807946,0.0015296000055968761,0.0009367999620735646,0.0015296000055968761,38.75523282912064
hadamard,2,4096,bf16,1.0,True,2,0.0015119999647140504,0.0012927999719977378,0.0008848000317811966,0.0012927999719977378,31.559401999836613
hadamard_int4,16,65,fp16,1.0,False,2,0.0011407749727368355,0.0011567999608814716,0.0011416000314056873,0.0011407749727368355,-0.07232440126840878
hadamard,1,16384,bf16,1.0,True,2,0.002925474941730499,0.0020800000056624413,0.0009072000160813331,0.0020800000056624413,56.38461473020973
hadamard_int4,2,4096,fp16,1.0,True,2,0.0017823999747633933,0.0015839999541640282,0.0010607999749481678,0.0015839999541640282,33.03030267396595
hadamard,8,16384,fp16,1.0,True,2,0.0029335999861359596,0.002155900001525879,0.001307199988514185,0.002155900001525879,39.36639048244401
hadamard,16,4096,fp16,1.0,True,2,0.001541600003838539,0.0013232000172138214,0.0011272000148892403,0.0013232000172138214,14.81257555734362
hadamard_int4,2,2,bf16,1.0,True,2,0.0010983999818563461,0.001095999963581562,0.001027199998497963,0.001095999963581562,6.277369285558299
hadamard,16,4097,fp16,1.0,True,2,0.0015432000160217284,0.0013223749585449696,0.0011487999930977822,0.0013223749585449696,13.126002146787075
hadamard,32,17,fp16,1.0,False,2,0.0009167750366032123,0.0009159999899566174,0.0009176000021398067,0.0009167750366032123,-0.08998560210049522
hadamard_int4,4,256,bf16,1.0,True,2,0.0011711499653756618,0.0011504000052809716,0.0010599999688565731,0.0011504000052809716,7.858139430581734
hadamard,256,17,fp16,1.0,False,2,0.0010231999680399896,0.001182399969547987,0.0010223999619483949,0.0010231999680399896,0.07818668066684742
hadamard,1,16384,fp16,1.0,True,2,0.002922400087118149,0.00208320003002882,0.0009096000343561172,0.00208320003002882,56.33640451015482
hadamard,16,16384,fp16,1.0,True,2,0.002960800006985664,0.0022143999114632605,0.0016160000115633011,0.0022143999114632605,27.023117947315168
hadamard,256,17,bf16,1.0,False,2,0.0010463999584317206,0.0011872000060975552,0.0010470500215888023,0.0010463999584317206,-0.06212377512475609
hadamard_int4,4,256,fp16,1.0,True,2,0.001158399973064661,0.0011432000435888767,0.0009688000194728374,0.0011432000435888767,15.2554249008372
hadamard_int4,8,16384,fp16,1.0,True,2,0.0032639998942613603,0.003192000091075897,0.001458400022238493,0.003192000091075897,54.31077754929123
hadamard,1,4096,fp16,1.0,True,2,0.0014936000108718873,0.0012728000059723855,0.0008582750335335732,0.0012728000059723855,32.56795808404528
hadamard,2,16384,fp16,1.0,True,2,0.0029231250286102296,0.002112000063061714,0.0010255999863147736,0.002112000063061714,51.439396037328386
hadamard,16,16384,bf16,1.0,True,2,0.002961600013077259,0.00221599992364645,0.001600000075995922,0.00221599992364645,27.79782801783197
hadamard,8,4096,fp16,1.0,True,2,0.0015320000238716602,0.0013327999971807004,0.0010343999601900578,0.0013327999971807004,22.38895840500108
hadamard_int4,2,1,fp16,1.0,True,2,0.001099925022572279,0.0010967999696731567,0.001027975045144558,0.0010967999696731567,6.275066231913595
hadamard_int4,64,65,fp16,1.0,False,2,0.001095999963581562,0.0011144000105559825,0.0010967999696731567,0.001095999963581562,-0.07299325895782083
hadamard_int4,16,65,bf16,1.0,False,2,0.001134399976581335,0.0011479999870061875,0.0011351999826729297,0.001134399976581335,-0.07052240022127343
hadamard,8,4097,bf16,1.0,True,2,0.0015296000055968761,0.0013295999728143216,0.0010343999601900578,0.0013295999728143216,22.202167468417088
hadamard_int4,8,65,bf16,1.0,True,2,0.0011231999844312668,0.001140000019222498,0.0010647750459611416,0.0011231999844312668,5.201650576919182
hadamard_int4,8,64,fp16,1.0,True,2,0.0011288000270724297,0.0011391500011086464,0.0009920000098645686,0.0011288000270724297,12.119065727049561
hadamard_int4,2,4096,bf16,1.0,True,2,0.001775199919939041,0.0015863999724388123,0.0010528000071644782,0.0015863999724388123,33.63590358956054
hadamard,32,17,bf16,1.0,False,2,0.0009015999734401703,0.0009072000160813331,0.0009031499736011029,0.0009015999734401703,-0.17191661563811245
hadamard_int4,4,257,fp16,1.0,True,2,0.0011920000426471234,0.0011487999930977822,0.0010367999784648418,0.0011487999930977822,9.749304953504401
hadamard_int4,8,65,fp16,1.0,True,2,0.001130324974656105,0.0011432000435888767,0.0010631250217556954,0.001130324974656105,5.945188720691141
hadamard,1,4097,fp16,1.0,True,2,0.0014983999542891979,0.0012783999554812908,0.0008694999851286411,0.0012783999554812908,31.98529291239747
hadamard,4,4097,fp16,1.0,True,2,0.0015080000273883342,0.0013016000390052795,0.0009511999785900116,0.0013016000390052795,26.920716803531587
hadamard,1,4096,bf16,1.0,True,2,0.001494400016963482,0.0012736000120639802,0.0008600000292062759,0.0012736000120639802,32.47487271827434
hadamard,4,4097,bf16,1.0,True,2,0.0015200000256299973,0.0012959999963641166,0.0009592000395059585,0.0012959999963641166,25.98765106504929
hadamard,4,4096,bf16,1.0,True,2,0.0015080000273883342,0.001297600008547306,0.0009312000125646591,0.001297600008547306,28.236744263961622
hadamard_int4,8,4096,bf16,1.0,True,2,0.0017815999686717986,0.0016256000846624375,0.0011504000052809716,0.0016256000846624375,29.232286825338292
hadamard,1,4097,bf16,1.0,True,2,0.001494400016963482,0.0012752000242471696,0.0008584000170230865,0.0012752000242471696,32.68506895380167
hadamard,8,4096,bf16,1.0,True,2,0.0015336000360548496,0.001329474989324808,0.0010255999863147736,0.001329474989324808,22.85676717877646
hadamard_int4,8,4096,fp16,1.0,True,2,0.0017767999321222304,0.0016119999811053276,0.001149599999189377,0.0016119999811053276,28.684862737956674
hadamard_int4,2,1,bf16,1.0,True,2,0.0010951999574899673,0.0010928000323474408,0.0010255999863147736,0.0010928000323474408,6.149345172356457
hadamard_int4,1,16384,bf16,1.0,True,2,0.003152799978852272,0.0029255999252200127,0.0009775999933481216,0.0029255999252200127,66.58463158544812
hadamard,8,16384,bf16,1.0,True,2,0.00294560007750988,0.002163200080394745,0.0013135749846696853,0.002163200080394745,39.27630658972694
hadamard_int4,8,64,bf16,1.0,True,2,0.0011239999905228615,0.0011408000253140926,0.0009968000464141368,0.0011239999905228615,11.316721101532556
hadamard_int4,2,16384,bf16,1.0,True,2,0.0032343000173568727,0.0031015999615192414,0.0011800000444054603,0.0031015999615192414,61.955118034388065
hadamard,4,16384,fp16,1.0,True,2,0.002931099943816662,0.0021128000691533087,0.0011111999861896037,0.0021128000691533087,47.40628787299737
hadamard_int4,16,4096,bf16,1.0,False,2,0.0017904000356793403,0.001655999943614006,0.0017920000478625297,0.0017904000356793403,-0.08936618360724236
hadamard,2,4096,fp16,1.0,True,2,0.0015056000091135501,0.0012839999981224537,0.0008832000195980072,0.0012839999981224537,31.214951644121626
hadamard_int4,1,2,bf16,1.0,True,2,0.0010639999993145466,0.0010599999688565731,0.0009968000464141368,0.0010599999688565731,5.962257009366734
hadamard_int4,1,4096,bf16,1.0,True,2,0.0017351999878883362,0.0015320000238716602,0.000926399976015091,0.0015320000238716602,39.53002861749968
hadamard_int4,4,4096,fp16,1.0,True,2,0.0017743999138474464,0.0016079999506473542,0.001104000024497509,0.0016079999506473542,31.343279951404423
hadamard_int4,2,4096,fp16,1.0,True,3,0.0018464000895619392,0.0016448000445961953,0.001089600007981062,0.0016448000445961953,33.754865124133495
hadamard,1,4097,fp16,1.0,True,3,0.0015456000342965125,0.0013120000250637532,0.000890399981290102,0.0013120000250637532,32.134149063995984
hadamard_int4,4,4096,fp16,1.0,True,3,0.001775199919939041,0.0016095999628305436,0.0011048000305891037,0.0016095999628305436,31.36182554041128
hadamard,2,4096,bf16,1.0,True,3,0.0015111500397324562,0.0013007749803364277,0.0008936000056564807,0.0013007749803364277,31.302491271367828
hadamard_int4,2,2,fp16,1.0,True,3,0.0011071999557316302,0.001104000024497509,0.0010359499603509903,0.001104000024497509,6.163954948958628
hadamard,16,16384,bf16,1.0,True,3,0.0029632000252604483,0.0022143999114632605,0.001597600057721138,0.0022143999114632605,27.854040751588784
hadamard,2,4097,fp16,1.0,True,3,0.0015110749751329421,0.0012872000224888325,0.0009031499736011029,0.0012872000224888325,29.83608158622928
hadamard_int4,8,16384,bf16,1.0,True,3,0.003267199918627739,0.003187200054526329,0.0015023999847471714,0.003187200054526329,52.861447068139775
hadamard_int4,2,16384,fp16,1.0,True,3,0.0032207999378442765,0.00307839997112751,0.001162325032055378,0.00307839997112751,62.24255967525691
hadamard_int4,1,2,bf16,1.0,True,3,0.0010727999731898307,0.0010695500299334527,0.0010078749619424343,0.0010695500299334527,5.766450027106796
hadamard,256,17,bf16,1.0,False,3,0.00104799997061491,0.0011872000060975552,0.00104799997061491,0.00104799997061491,0.0
hadamard_int4,1,16384,fp16,1.0,True,3,0.003147999942302704,0.0029440000653266907,0.000976799987256527,0.0029440000653266907,66.82065334301774
hadamard,16,4096,bf16,1.0,True,3,0.001541600003838539,0.0013256000354886055,0.0011367999948561191,0.0013256000354886055,14.242609805218976
hadamard_int4,2,1,fp16,1.0,True,3,0.0010975250042974949,0.0010944000445306302,0.0010280000045895577,0.0010944000445306302,6.067254864700811
hadamard_int4,8,65,fp16,1.0,True,3,0.0011312000453472138,0.001143999956548214,0.0010631499812006951,0.0011312000453472138,6.015740931625513
hadamard,8,4096,fp16,1.0,True,3,0.0015287999995052814,0.0013319999910891057,0.001027199998497963,0.0013319999910891057,22.88288247974566
hadamard,16,4096,fp16,1.0,True,3,0.0015479500405490398,0.0013248000293970108,0.0011392000131309032,0.0013248000293970108,14.009662752693652
hadamard_int4,16,65,bf16,1.0,False,3,0.0011319500394165517,0.0011447249911725522,0.0011327999643981456,0.0011319500394165517,-0.0750850260168967
hadamard,16,4097,bf16,1.0,True,3,0.001547200046479702,0.0013295999728143216,0.001143999956548214,0.0013295999728143216,13.959086948027988
hadamard,1,16384,fp16,1.0,True,3,0.002922400087118149,0.0020719999447464943,0.0009096000343561172,0.0020719999447464943,56.100383271612245
hadamard,8,16384,bf16,1.0,True,3,0.0029360000044107437,0.0021560000255703925,0.0013126499950885772,0.0021560000255703925,39.116420244879095
hadamard_int4,64,65,bf16,1.0,False,3,0.0010910999961197376,0.0011152000166475772,0.0010904000140726567,0.0010910999961197376,0.06415379429660639
hadamard_int4,1,1,fp16,1.0,True,3,0.001080700010061264,0.0010768000036478042,0.0010160000063478946,0.0010768000036478042,5.646359314073313
hadamard_int4,64,65,fp16,1.0,False,3,0.0010983999818563461,0.0011152000166475772,0.0010975999757647514,0.0010983999818563461,0.07283376773574712
hadamard,8,16384,fp16,1.0,True,3,0.0029440000653266907,0.0021592000499367713,0.0013086999766528606,0.0021592000499367713,39.389591219619334
hadamard_int4,16,4096,bf16,1.0,False,3,0.0018007999286055564,0.0016551999375224113,0.001793600060045719,0.0018007999286055564,0.39981501806325426
hadamard,1,4096,bf16,1.0,True,3,0.0014919999986886979,0.0012776000425219537,0.0008711749687790871,0.0012776000425219537,31.81160458797361
hadamard_int4,4,16384,fp16,1.0,True,3,0.003221524879336357,0.00311840008944273,0.0013016000390052795,0.00311840008944273,58.26064643174506
hadamard,4,4096,bf16,1.0,True,3,0.001518400013446808,0.0013063999824225903,0.0009342500008642674,0.0013063999824225903,28.48667992693994
hadamard_int4,1,1,bf16,1.0,True,3,0.001063199993222952,0.0010607000440359116,0.0009991999715566636,0.0010607000440359116,5.798064478742104
hadamard_int4,1,16384,bf16,1.0,True,3,0.003151199966669083,0.0029255999252200127,0.0009871999733150004,0.0029255999252200127,66.2564944439298
hadamard,1,16384,bf16,1.0,True,3,0.002922400087118149,0.002077599987387657,0.0009112000465393066,0.002077599987387657,56.14169945750549
hadamard,4,4097,bf16,1.0,True,3,0.0015192000195384026,0.001307199988514185,0.0009544000029563903,0.001307199988514185,26.988983220448226
hadamard,4,16384,bf16,1.0,True,3,0.0029343999922275543,0.002125599980354309,0.0011134499683976174,0.002125599980354309,47.6171443974129
hadamard,16,4097,fp16,1.0,True,3,0.0015424000099301337,0.0013207999989390373,0.0011447999626398087,0.0013207999989390373,13.325260178725372
hadamard_int4,4,257,fp16,1.0,True,3,0.0011912000365555287,0.0011447999626398087,0.0010367999784648418,0.0011447999626398087,9.433961189684902
hadamard,32,17,bf16,1.0,False,3,0.0009038499556481838,0.0009080000221729278,0.0009039999917149544,0.0009038499556481838,-0.01659966522462586
hadamard_int4,4,4096,bf16,1.0,True,3,0.0017791999503970145,0.0016087999567389489,0.001107999961823225,0.0016087999567389489,31.128792166979522
hadamard_int4,4,16384,bf16,1.0,True,3,0.0032368000596761704,0.003123899921774864,0.0013144000433385373,0.003123899921774864,57.924386944132564
hadamard_int4,4,256,fp16,1.0,True,3,0.0011695999652147292,0.001152000017464161,0.0009759999811649323,0.001152000017464161,15.27778069714344
hadamard,1,4097,bf16,1.0,True,3,0.001496800035238266,0.0012751000002026557,0.0008591500110924244,0.0012751000002026557,32.62097004502573
hadamard_int4,8,64,fp16,1.0,True,3,0.001130400039255619,0.001144775003194809,0.000991200003772974,0.001130400039255619,12.314227764385944
hadamard,2,4096,fp16,1.0,True,3,0.0015151250176131726,0.0012886499986052512,0.0008919999934732914,0.0012886499986052512,30.780274361639492
hadamard,8,4097,fp16,1.0,True,3,0.0015239999629557133,0.001321600005030632,0.001024799980223179,0.001321600005030632,22.457628910237027
hadamard_int4,16,4096,fp16,1.0,False,3,0.0017967499792575837,0.0016335999593138696,0.001793600060045719,0.0017967499792575837,0.17531204943528333
hadamard_int4,8,16384,fp16,1.0,True,3,0.0032655999064445497,0.003194399923086166,0.0014576000161468984,0.003194399923086166,54.370146154440015
hadamard,1,4096,fp16,1.0,True,3,0.0014960000291466713,0.001272675022482872,0.0008584000170230865,0.001272675022482872,32.551515362623604
hadamard_int4,4,257,bf16,1.0,True,3,0.0011839999817311764,0.0011367999948561191,0.0010630750097334386,0.0011367999948561191,6.485308361741482
hadamard,2,4097,bf16,1.0,True,3,0.001518400013446808,0.0012968000024557113,0.0009056000038981437,0.0012968000024557113,30.166563681119975
hadamard,4,4097,fp16,1.0,True,3,0.0015143999829888345,0.0012951999902725219,0.0009576000273227691,0.0012951999902725219,26.06546984907857
hadamard,32,17,fp16,1.0,False,3,0.0009072000160813331,0.0009127999655902386,0.0009072000160813331,0.0009072000160813331,0.0
hadamard_int4,8,4096,fp16,1.0,True,3,0.0017847999930381774,0.0016224000602960587,0.0011432000435888767,0.0016224000602960587,29.536489083940033
hadamard_int4,1,4096,bf16,1.0,True,3,0.001735999993979931,0.0015319249592721461,0.000938399974256754,0.0015319249592721461,38.743737506397835
hadamard_int4,2,1,bf16,1.0,True,3,0.001095999963581562,0.0010936000384390355,0.0010255999863147736,0.0010936000384390355,6.218000158570092
hadamard_int4,1,4096,fp16,1.0,True,3,0.0017311999574303627,0.001531099993735552,0.0009375999681651593,0.001531099993735552,38.76298269209585
hadamard,256,17,fp16,1.0,False,3,0.0010231999680399896,0.0011847250163555146,0.0010231999680399896,0.0010231999680399896,0.0
hadamard_int4,8,64,bf16,1.0,True,3,0.0011343250051140785,0.0011528000235557557,0.001003200002014637,0.0011343250051140785,11.559738391401709
hadamard_int4,2,4096,bf16,1.0,True,3,0.001780799962580204,0.0015903500840067863,0.0010623750276863575,0.0015903500840067863,33.198668747841296
hadamard_int4,16,65,fp16,1.0,False,3,0.0011768000200390815,0.0011846750043332578,0.0011760000139474868,0.0011768000200390815,0.06798148181269559
hadamard,8,4097,bf16,1.0,True,3,0.001524799969047308,0.001321600005030632,0.0010312000289559365,0.001321600005030632,21.973363723463724
hadamard_int4,1,2,fp16,1.0,True,3,0.0010648000054061413,0.0010615999810397625,0.001000799983739853,0.0010615999810397625,5.727204067991809
hadamard,2,16384,bf16,1.0,True,3,0.0029287999495863914,0.0021215999498963357,0.0010159749537706376,0.0021215999498963357,52.11279328035997
hadamard_int4,8,65,bf16,1.0,True,3,0.0011264000087976456,0.0011408000253140926,0.001066350005567074,0.0011264000087976456,5.331143711075692
hadamard_int4,4,256,bf16,1.0,True,3,0.0011607999913394451,0.0011463999748229981,0.0010583999566733838,0.0011463999748229981,7.676205520084856
hadamard,4,16384,fp16,1.0,True,3,0.0029216000810265543,0.002112000063061714,0.0011136000044643878,0.002112000063061714,47.27272863571653
hadamard,16,16384,fp16,1.0,True,3,0.0029600000008940695,0.002212800085544586,0.0016119999811053276,0.002212800085544586,27.151124422132213
hadamard,8,4096,bf16,1.0,True,3,0.0015336000360548496,0.0013360000215470792,0.0010343999601900578,0.0013360000215470792,22.574854527904165
hadamard_int4,8,4096,bf16,1.0,True,3,0.0017880000174045562,0.001627199910581112,0.001143999956548214,0.001627199910581112,29.695180714478763
hadamard_int4,2,16384,bf16,1.0,True,3,0.0032368000596761704,0.003105599991977215,0.0011760000139474868,0.003105599991977215,62.13292062772149
hadamard_int4,2,2,bf16,1.0,True,3,0.0010967999696731567,0.001094324979931116,0.0010255999863147736,0.001094324979931116,6.2801265507681725
hadamard,4,4096,fp16,1.0,True,3,0.0015168000012636186,0.0012951999902725219,0.0009367999620735646,0.0012951999902725219,27.67140448507468
hadamard,2,16384,fp16,1.0,True,3,0.002927199937403202,0.002120799943804741,0.0010231999680399896,0.002120799943804741,51.75405530215376
