mode,rows,dim,dtype,scale,threads,run1_median_us,run1_baseline128_us,run1_time_reduction_percent,run2_median_us,run2_baseline128_us,run2_time_reduction_percent,run3_median_us,run3_baseline128_us,run3_time_reduction_percent,min_time_reduction_percent,max_time_reduction_percent,stable_at_least_5_percent,any_run_regression_over_3_percent,all_runs_regression_over_3_percent
fused_int4,1,16,bf16,0.25,32,1.080000028,1.071999967,-0.7462743699879093,1.079200022,1.072799973,-0.5965743065879048,1.083199959,1.072799973,-0.9694245210425834,-0.9694245210425834,-0.5965743065879048,False,False,False
fused_int4,1,16,bf16,0.25,64,1.075999998,1.071999967,-0.3731372316357451,1.075999998,1.072799973,-0.29828719990094843,1.08227497,1.072799973,-0.8832025762923967,-0.8832025762923967,-0.29828719990094843,False,False,False
fused_int4,1,16,bf16,0.25,128,1.071999967,1.071999967,0.0,1.072799973,1.072799973,0.0,1.072799973,1.072799973,0.0,0.0,0.0,False,False,False
fused_int4,1,16,bf16,0.25,256,1.067200024,1.071999967,0.44775589064921517,1.071999967,1.072799973,0.07457177667172799,1.071199961,1.072799973,0.14914355334346707,0.07457177667172799,0.44775589064921517,False,False,False
fused_int4,1,16,bf16,1,32,1.107999962,1.099199988,-0.8005798850136081,1.108799968,1.099149976,-0.8779504354008205,1.104000024,1.094400045,-0.8771910275277905,-0.8779504354008205,-0.8005798850136081,False,False,False
fused_int4,1,16,bf16,1,64,1.107999962,1.099199988,-0.8005798850136081,1.108700037,1.099149976,-0.8688587734636766,1.106400043,1.094400045,-1.0964910002356554,-1.0964910002356554,-0.8005798850136081,False,False,False
fused_int4,1,16,bf16,1,128,1.099199988,1.099199988,0.0,1.099149976,1.099149976,0.0,1.094400045,1.094400045,0.0,0.0,0.0,False,False,False
fused_int4,1,16,bf16,1,256,1.095199957,1.099199988,0.3639038431285102,1.095199957,1.099149976,0.3593703394667691,1.092800032,1.094400045,0.14620001226334223,0.14620001226334223,0.3639038431285102,False,False,False
fused_int4,1,16,fp16,0.25,32,1.169575006,1.160799991,-0.7559454745033722,1.173599996,1.164000016,-0.8247405384915529,1.078400016,1.070250012,-0.7615046866264352,-0.8247405384915529,-0.7559454745033722,False,False,False
fused_int4,1,16,fp16,0.25,64,1.169599965,1.160799991,-0.758095629585509,1.173575036,1.164000016,-0.8225962086241045,1.078400016,1.070250012,-0.7615046866264352,-0.8225962086241045,-0.758095629585509,False,False,False
fused_int4,1,16,fp16,0.25,128,1.160799991,1.160799991,0.0,1.164000016,1.164000016,0.0,1.070250012,1.070250012,0.0,0.0,0.0,False,False,False
fused_int4,1,16,fp16,0.25,256,1.155999955,1.160799991,0.4135110300840794,1.159999985,1.164000016,0.3436452701904402,1.066400018,1.070250012,0.35972847062206714,0.3436452701904402,0.4135110300840794,False,False,False
fused_int4,1,16,fp16,1,32,1.170399971,1.162400004,-0.6882284043763676,1.173599996,1.164800022,-0.755492259082402,1.078400016,1.069600042,-0.8227350088305219,-0.8227350088305219,-0.6882284043763676,False,False,False
fused_int4,1,16,fp16,1,64,1.171199977,1.162400004,-0.7570520448828111,1.175174955,1.164800022,-0.8907050827648311,1.078400016,1.069600042,-0.8227350088305219,-0.8907050827648311,-0.7570520448828111,False,False,False
fused_int4,1,16,fp16,1,128,1.162400004,1.162400004,0.0,1.164800022,1.164800022,0.0,1.069600042,1.069600042,0.0,0.0,0.0,False,False,False
fused_int4,1,16,fp16,1,256,1.157599967,1.162400004,0.41294192906765614,1.161599997,1.164800022,0.2747274158276247,1.065600011,1.069600042,0.37397446175494453,0.2747274158276247,0.41294192906765614,False,False,False
fused_int4,1,256,bf16,0.0625,32,1.336800028,1.327999961,-0.6626556670508821,1.336675044,1.326400042,-0.7746533228773833,1.34150004,1.331999991,-0.7132168967109109,-0.7746533228773833,-0.6626556670508821,False,False,False
fused_int4,1,256,bf16,0.0625,64,1.336000022,1.327999961,-0.6024142496190876,1.336000022,1.326400042,-0.7237620398085065,1.340799965,1.331999991,-0.6606587131726238,-0.7237620398085065,-0.6024142496190876,False,False,False
fused_int4,1,256,bf16,0.0625,128,1.327999961,1.327999961,0.0,1.326400042,1.326400042,0.0,1.331999991,1.331999991,0.0,0.0,0.0,False,False,False
fused_int4,1,256,bf16,0.0625,256,1.323200017,1.327999961,0.36144157687968415,1.323899999,1.326400042,0.1884833323912094,1.328799967,1.331999991,0.24024204366530633,0.1884833323912094,0.36144157687968415,False,False,False
fused_int4,1,256,bf16,1,32,1.342399977,1.333600003,-0.6598660753002417,1.342300046,1.332799997,-0.7127887921206222,1.340799965,1.332749985,-0.6040127623786917,-0.7127887921206222,-0.6040127623786917,False,False,False
fused_int4,1,256,bf16,1,64,1.343199983,1.333600003,-0.7198545274748502,1.342399977,1.332799997,-0.7202866162671517,1.340799965,1.332749985,-0.6040127623786917,-0.7202866162671517,-0.6040127623786917,False,False,False
fused_int4,1,256,bf16,1,128,1.333600003,1.333600003,0.0,1.332799997,1.332799997,0.0,1.332749985,1.332749985,0.0,0.0,0.0,False,False,False
fused_int4,1,256,bf16,1,256,1.330299955,1.333600003,0.24745410862149209,1.331199985,1.332799997,0.120048919838045,1.328799967,1.332749985,0.2963810200305561,0.120048919838045,0.2963810200305561,False,False,False
fused_int4,1,256,fp16,0.0625,32,1.343199983,1.334400009,-0.6594704691732289,1.342399977,1.332799997,-0.7202866162671517,1.339074969,1.329599973,-0.7126200505721325,-0.7202866162671517,-0.6594704691732289,False,False,False
fused_int4,1,256,fp16,0.0625,64,1.342399977,1.334400009,-0.5995179815679874,1.340799965,1.332799997,-0.6002376964291178,1.339124981,1.329599973,-0.7163814826581572,-0.7163814826581572,-0.5995179815679874,False,False,False
fused_int4,1,256,fp16,0.0625,128,1.334400009,1.334400009,0.0,1.332799997,1.332799997,0.0,1.329599973,1.329599973,0.0,0.0,0.0,False,False,False
fused_int4,1,256,fp16,0.0625,256,1.329599973,1.334400009,0.3597149256314158,1.330299955,1.332799997,0.18757818169471419,1.327050012,1.329599973,0.19178407429165656,0.18757818169471419,0.3597149256314158,False,False,False
fused_int4,1,256,fp16,1,32,1.34800002,1.33840004,-0.717272841683414,1.342399977,1.332699973,-0.7278460416086485,1.346325036,1.337600034,-0.6522878123670806,-0.7278460416086485,-0.6522878123670806,False,False,False
fused_int4,1,256,fp16,1,64,1.347950008,1.33840004,-0.7135361412571317,1.340799965,1.332699973,-0.6077881116607564,1.346400008,1.337600034,-0.6578927763394526,-0.7135361412571317,-0.6077881116607564,False,False,False
fused_int4,1,256,fp16,1,128,1.33840004,1.33840004,0.0,1.332699973,1.332699973,0.0,1.337600034,1.337600034,0.0,0.0,0.0,False,False,False
fused_int4,1,256,fp16,1,256,1.336000022,1.33840004,0.1793199288906311,1.330399979,1.332699973,0.17258152972138285,1.335200015,1.337600034,0.17942725321431485,0.17258152972138285,0.17942725321431485,False,False,False
fused_int4,1,64,bf16,0.125,32,1.047124993,1.035999972,-1.0738437548915236,1.029499993,1.020000037,-0.9313682015091862,1.049599983,1.040000003,-0.9230749973372809,-1.0738437548915236,-0.9230749973372809,False,False,False
fused_int4,1,64,bf16,0.125,64,1.044800039,1.035999972,-0.8494273395598162,1.028800011,1.020000037,-0.8627425177240466,1.047999971,1.040000003,-0.7692276900887585,-0.8627425177240466,-0.7692276900887585,False,False,False
fused_int4,1,64,bf16,0.125,128,1.035999972,1.035999972,0.0,1.020000037,1.020000037,0.0,1.040000003,1.040000003,0.0,0.0,0.0,False,False,False
fused_int4,1,64,bf16,0.125,256,1.032800041,1.035999972,0.30887365699657776,1.018400025,1.020000037,0.15686391587845794,1.038399991,1.040000003,0.15384730724853357,0.15384730724853357,0.30887365699657776,False,False,False
fused_int4,1,64,bf16,1,32,1.046399958,1.035999972,-1.003859679641006,1.030400023,1.020000037,-1.0196064336025268,1.049599983,1.040000003,-0.9230749973372809,-1.0196064336025268,-0.9230749973372809,False,False,False
fused_int4,1,64,bf16,1,64,1.044800039,1.035999972,-0.8494273395598162,1.029600017,1.020000037,-0.9411744756632645,1.048799977,1.040000003,-0.8461513437130197,-0.9411744756632645,-0.8461513437130197,False,False,False
fused_int4,1,64,bf16,1,128,1.035999972,1.035999972,0.0,1.020000037,1.020000037,0.0,1.040000003,1.040000003,0.0,0.0,0.0,False,False,False
fused_int4,1,64,bf16,1,256,1.032800041,1.035999972,0.30887365699657776,1.018400025,1.020000037,0.15686391587845794,1.038399991,1.040000003,0.15384730724853357,0.15384730724853357,0.30887365699657776,False,False,False
fused_int4,1,64,fp16,0.125,32,1.031200029,1.020624954,-1.036137217550337,1.032800041,1.02479998,-0.7806460925184666,1.032000035,1.023949962,-0.786178358195988,-1.036137217550337,-0.7806460925184666,False,False,False
fused_int4,1,64,fp16,0.125,64,1.029600017,1.020624954,-0.8793693476555786,1.03439996,1.02479998,-0.9367662165645108,1.032800041,1.023949962,-0.8643077619451045,-0.9367662165645108,-0.8643077619451045,False,False,False
fused_int4,1,64,fp16,0.125,128,1.020624954,1.020624954,0.0,1.02479998,1.02479998,0.0,1.023949962,1.023949962,0.0,0.0,0.0,False,False,False
fused_int4,1,64,fp16,0.125,256,1.018400025,1.020624954,0.21799672752269572,1.021599956,1.02479998,0.31225839797538457,1.022250019,1.023949962,0.16601817111061568,0.16601817111061568,0.31225839797538457,False,False,False
fused_int4,1,64,fp16,1,32,1.031075045,1.020800043,-1.006563633148283,1.033550035,1.023999974,-0.9326231682111219,1.031200029,1.023199968,-0.7818668149137453,-1.006563633148283,-0.7818668149137453,False,False,False
fused_int4,1,64,fp16,1,64,1.030400023,1.020800043,-0.9404368726109169,1.03439996,1.023999974,-1.015623658599818,1.032800041,1.023199968,-0.9382401583499789,-1.015623658599818,-0.9382401583499789,False,False,False
fused_int4,1,64,fp16,1,128,1.020800043,1.020800043,0.0,1.023999974,1.023999974,0.0,1.023199968,1.023199968,0.0,0.0,0.0,False,False,False
fused_int4,1,64,fp16,1,256,1.018400025,1.020800043,0.23511147128741916,1.021500025,1.023999974,0.2441356507300263,1.020800043,1.023199968,0.23455092602191474,0.23455092602191474,0.2441356507300263,False,False,False
fused_int4,16384,16,bf16,0.25,32,8.867975324,3.325574845,-166.65992309068,8.864799887,3.324799985,-166.62656180804817,8.893600106,3.334350139,-166.72664043216722,-166.72664043216722,-166.62656180804817,False,True,True
fused_int4,16384,16,bf16,0.25,64,5.079200119,3.325574845,-52.7314932224898,5.078325048,3.324799985,-52.740768494679834,5.090399832,3.334350139,-52.66542563903185,-52.740768494679834,-52.66542563903185,False,True,True
fused_int4,16384,16,bf16,0.25,128,3.325574845,3.325574845,0.0,3.324799985,3.324799985,0.0,3.334350139,3.334350139,0.0,0.0,0.0,False,False,False
fused_int4,16384,16,bf16,0.25,256,3.244800121,3.325574845,2.428895086256877,3.243999928,3.324799985,2.430223092051653,3.254250064,3.334350139,2.4022694576407932,2.4022694576407932,2.430223092051653,False,False,False
fused_int4,16384,16,bf16,1,32,8.866400272,3.324799985,-166.67469658328935,8.862400055,3.324799985,-166.55438206758774,8.892799914,3.33510004,-166.64267360327818,-166.67469658328935,-166.55438206758774,False,True,True
fused_int4,16384,16,bf16,1,64,5.079200119,3.324799985,-52.76708800273893,5.077600107,3.324799985,-52.71896444621766,5.090374872,3.33510004,-52.63035024280711,-52.76708800273893,-52.63035024280711,False,True,True
fused_int4,16384,16,bf16,1,128,3.324799985,3.324799985,0.0,3.324799985,3.324799985,0.0,3.33510004,3.33510004,0.0,0.0,0.0,False,False,False
fused_int4,16384,16,bf16,1,256,3.243875131,3.324799985,2.4339766110772487,3.244800121,3.324799985,2.4061556893925418,3.253600001,3.33510004,2.4437059765079705,2.4061556893925418,2.4437059765079705,False,False,False
fused_int4,16384,16,fp16,0.25,32,8.852799982,3.303999826,-167.94190218580235,8.863899857,3.303200006,-168.34281426796537,8.867199719,3.307199851,-168.1180490595033,-168.34281426796537,-167.94190218580235,False,True,True
fused_int4,16384,16,fp16,0.25,64,5.075924844,3.303999826,-53.629694652411274,5.076799914,3.303200006,-53.69338534688779,5.078399926,3.307199851,-53.55588276482419,-53.69338534688779,-53.55588276482419,False,True,True
fused_int4,16384,16,fp16,0.25,128,3.303999826,3.303999826,0.0,3.303200006,3.303200006,0.0,3.307199851,3.307199851,0.0,0.0,0.0,False,False,False
fused_int4,16384,16,fp16,0.25,256,3.247199953,3.303999826,1.7191245760071694,3.248000145,3.303200006,1.6711025944458058,3.254399821,3.307199851,1.5965176698963357,1.5965176698963357,1.7191245760071694,False,False,False
fused_int4,16384,16,fp16,1,32,8.852799982,3.300699964,-168.20977606433541,8.854400367,3.301474825,-168.1953016861184,8.865600079,3.306400031,-168.13452685332376,-168.20977606433541,-168.13452685332376,False,True,True
fused_int4,16384,16,fp16,1,64,5.074299872,3.300699964,-53.734054211053994,5.074400082,3.301474825,-53.701007912425936,5.078399926,3.306400031,-53.593028017970056,-53.734054211053994,-53.593028017970056,False,True,True
fused_int4,16384,16,fp16,1,128,3.300699964,3.300699964,0.0,3.301474825,3.301474825,0.0,3.306400031,3.306400031,0.0,0.0,0.0,False,False,False
fused_int4,16384,16,fp16,1,256,3.244800121,3.300699964,1.693575411569892,3.247199953,3.301474825,1.643958378510435,3.253600001,3.306400031,1.5969038684055081,1.5969038684055081,1.693575411569892,False,False,False
fused_int4,16384,256,bf16,0.0625,32,9.395074844,8.577474952,-9.53194146966716,9.39199999,8.575125039,-9.526099587875647,9.465599805,8.547200263,-10.745033622011423,-10.745033622011423,-9.526099587875647,False,True,True
fused_int4,16384,256,bf16,0.0625,64,8.6368002,8.577474952,-0.6916400028212033,8.638399839,8.575125039,-0.7378877825364061,8.62160027,8.547200263,-0.8704605567985801,-0.8704605567985801,-0.6916400028212033,False,False,False
fused_int4,16384,256,bf16,0.0625,128,8.577474952,8.577474952,0.0,8.575125039,8.575125039,0.0,8.547200263,8.547200263,0.0,0.0,0.0,False,False,False
fused_int4,16384,256,bf16,0.0625,256,8.529599756,8.577474952,0.5581502279856432,8.520674706,8.575125039,0.6349800469655831,8.567199856,8.547200263,-0.23398998952413042,-0.23398998952413042,0.6349800469655831,False,False,False
fused_int4,16384,256,bf16,1,32,9.398400038,8.575999737,-9.589556042683455,9.427200258,8.587949723,-9.77242021750946,9.463199973,8.583199978,-10.252586415970377,-10.252586415970377,-9.589556042683455,False,True,True
fused_int4,16384,256,bf16,1,64,8.651199937,8.575999737,-0.8768680306222354,8.649600297,8.587949723,-0.7178730196206073,8.656799793,8.583199978,-0.857486895198134,-0.8768680306222354,-0.7178730196206073,False,False,False
fused_int4,16384,256,bf16,1,128,8.575999737,8.575999737,0.0,8.587949723,8.587949723,0.0,8.583199978,8.583199978,0.0,0.0,0.0,False,False,False
fused_int4,16384,256,bf16,1,256,8.524800092,8.575999737,0.5970108042226974,8.527199924,8.587949723,0.7073841948247783,8.554250002,8.583199978,0.3372865140530701,0.3372865140530701,0.7073841948247783,False,False,False
fused_int4,16384,256,fp16,0.0625,32,9.432800114,8.657500148,-8.955240574602886,9.42960009,8.610399812,-9.514079437499623,9.508799762,8.647999913,-9.953744885057336,-9.953744885057336,-8.955240574602886,False,True,True
fused_int4,16384,256,fp16,0.0625,64,8.686400205,8.657500148,-0.33381526429052677,8.69999975,8.610399812,-1.0406013652830337,8.743924648,8.647999913,-1.1092129505667847,-1.1092129505667847,-0.33381526429052677,False,False,False
fused_int4,16384,256,fp16,0.0625,128,8.657500148,8.657500148,0.0,8.610399812,8.610399812,0.0,8.647999913,8.647999913,0.0,0.0,0.0,False,False,False
fused_int4,16384,256,fp16,0.0625,256,8.598399907,8.657500148,0.6826478774436318,8.587999642,8.610399812,0.2601524956922785,8.590400219,8.647999913,0.6660464220566653,0.2601524956922785,0.6826478774436318,False,False,False
fused_int4,16384,256,fp16,1,32,9.417600185,8.584800363,-9.700864164405276,9.440000355,8.653599769,-9.087554393457653,9.49279964,8.628799766,-10.012978599925471,-10.012978599925471,-9.087554393457653,False,True,True
fused_int4,16384,256,fp16,1,64,8.700799942,8.584800363,-1.3512204605240719,8.680800349,8.653599769,-0.31432676257390213,8.724000305,8.628799766,-1.103288308706829,-1.3512204605240719,-0.31432676257390213,False,False,False
fused_int4,16384,256,fp16,1,128,8.584800363,8.584800363,0.0,8.653599769,8.653599769,0.0,8.628799766,8.628799766,0.0,0.0,0.0,False,False,False
fused_int4,16384,256,fp16,1,256,8.577600121,8.584800363,0.08387197949334402,8.580800146,8.653599769,0.8412640397443827,8.650399745,8.628799766,-0.2503242581327392,-0.2503242581327392,0.8412640397443827,False,False,False
fused_int4,16384,64,bf16,0.125,32,8.843199909,3.506350145,-152.2052716728894,8.870399743,3.520724922,-151.948105561199,8.866400272,3.522400185,-151.7147344517301,-152.2052716728894,-151.7147344517301,False,True,True
fused_int4,16384,64,bf16,0.125,64,5.056000128,3.506350145,-44.19552865277237,5.075199902,3.520724922,-44.1521281678819,5.07280007,3.522400185,-44.015438438889376,-44.19552865277237,-44.015438438889376,False,True,True
fused_int4,16384,64,bf16,0.125,128,3.506350145,3.506350145,0.0,3.520724922,3.520724922,0.0,3.522400185,3.522400185,0.0,0.0,0.0,False,False,False
fused_int4,16384,64,bf16,0.125,256,3.510399908,3.506350145,-0.1154979631961428,3.524800017,3.520724922,-0.11574590717200461,3.522400185,3.522400185,0.0,-0.11574590717200461,0.0,False,False,False
fused_int4,16384,64,bf16,1,32,8.839199692,3.506400064,-152.08759784006207,8.841600269,3.506400064,-152.1560605641148,8.864799887,3.516675159,-152.07900889887114,-152.1560605641148,-152.07900889887114,False,True,True
fused_int4,16384,64,bf16,1,64,5.055199936,3.506400064,-44.17065490904577,5.056000128,3.506400064,-44.1934758075569,5.068000033,3.516675159,-44.1133969974393,-44.1934758075569,-44.1133969974393,False,True,True
fused_int4,16384,64,bf16,1,128,3.506400064,3.506400064,0.0,3.506400064,3.506400064,0.0,3.516675159,3.516675159,0.0,0.0,0.0,False,False,False
fused_int4,16384,64,bf16,1,256,3.51199992,3.506400064,-0.1597038528915462,3.513500094,3.506400064,-0.20248773301412282,3.521599993,3.516675159,-0.14004233480013895,-0.20248773301412282,-0.14004233480013895,False,False,False
fused_int4,16384,64,fp16,0.125,32,8.868800104,3.497600183,-153.5681507310809,8.844000101,3.497600183,-152.8590930428826,8.878275007,3.494274989,-154.08060427267074,-154.08060427267074,-152.8590930428826,False,True,True
fused_int4,16384,64,fp16,0.125,64,5.061599985,3.497600183,-44.71636894353399,5.05839996,3.497600183,-44.62487692521946,5.061599985,3.494274989,-44.854082776368465,-44.854082776368465,-44.62487692521946,False,True,True
fused_int4,16384,64,fp16,0.125,128,3.497600183,3.497600183,0.0,3.497600183,3.497600183,0.0,3.494274989,3.494274989,0.0,0.0,0.0,False,False,False
fused_int4,16384,64,fp16,0.125,256,3.498400003,3.497600183,-0.02286767949886137,3.505599871,3.497600183,-0.22871933844474945,3.503099829,3.494274989,-0.2525513884219288,-0.2525513884219288,-0.02286767949886137,False,False,False
fused_int4,16384,64,fp16,1,32,8.829600364,3.491200134,-152.91017487111495,8.828800172,3.490399942,-152.94523030908303,8.842275292,3.498400003,-152.7519804601372,-152.94523030908303,-152.7519804601372,False,True,True
fused_int4,16384,64,fp16,1,64,5.050399899,3.491200134,-44.66085314947459,5.054349825,3.490399942,-44.807182815384095,5.060800165,3.498400003,-44.66042078264885,-44.807182815384095,-44.66042078264885,False,True,True
fused_int4,16384,64,fp16,1,128,3.491200134,3.491200134,0.0,3.490399942,3.490399942,0.0,3.498400003,3.498400003,0.0,0.0,0.0,False,False,False
fused_int4,16384,64,fp16,1,256,3.500000015,3.491200134,-0.25205890989461466,3.498400003,3.490399942,-0.22920184313939274,3.507125005,3.498400003,-0.24939978254396866,-0.25205890989461466,-0.22920184313939274,False,False,False
fused_int4,17,16,bf16,0.25,32,1.107999962,1.073599979,-3.204171355521246,1.108799968,1.073499955,-3.2883106175817245,1.1008,1.093600038,-0.6583725082131009,-3.2883106175817245,-0.6583725082131009,False,True,False
fused_int4,17,16,bf16,0.25,64,1.111999992,1.073599979,-3.576752398576577,1.111199986,1.073499955,-3.5118800726917643,1.097599976,1.093600038,-0.36575876563749166,-3.576752398576577,-0.36575876563749166,False,True,False
fused_int4,17,16,bf16,0.25,128,1.073599979,1.073599979,0.0,1.073499955,1.073499955,0.0,1.093600038,1.093600038,0.0,0.0,0.0,False,False,False
fused_int4,17,16,bf16,0.25,256,1.08719999,1.073599979,-1.2667670702329659,1.087999996,1.073499955,-1.3507258134910716,1.107874978,1.093600038,-1.3053163408906165,-1.3507258134910716,-1.2667670702329659,False,False,False
fused_int4,17,16,bf16,1,32,1.107199956,1.073599979,-3.129655146910193,1.108799968,1.073499955,-3.2883106175817245,1.102400012,1.093600038,-0.8046793795009055,-3.2883106175817245,-0.8046793795009055,False,True,False
fused_int4,17,16,bf16,1,64,1.111199986,1.073599979,-3.502236189965502,1.111199986,1.073499955,-3.5118800726917643,1.099999994,1.093600038,-0.5852190725692097,-3.5118800726917643,-0.5852190725692097,False,True,False
fused_int4,17,16,bf16,1,128,1.073599979,1.073599979,0.0,1.073499955,1.073499955,0.0,1.093600038,1.093600038,0.0,0.0,0.0,False,False,False
fused_int4,17,16,bf16,1,256,1.087999996,1.073599979,-1.341283278844041,1.08872503,1.073499955,-1.4182650804116737,1.108799968,1.093600038,-1.3898984520701152,-1.4182650804116737,-1.341283278844041,False,False,False
fused_int4,17,16,fp16,0.25,32,1.105600037,1.072799973,-3.057425878589215,1.107999962,1.074399985,-3.127324783050911,1.109599974,1.076800004,-3.046059609784324,-3.127324783050911,-3.046059609784324,False,True,True
fused_int4,17,16,fp16,0.25,64,1.107199956,1.072799973,-3.2065607630286763,1.111199986,1.074399985,-3.4251676762635075,1.113600004,1.076800004,-3.4175334196971274,-3.4251676762635075,-3.2065607630286763,False,True,True
fused_int4,17,16,fp16,0.25,128,1.072799973,1.072799973,0.0,1.074399985,1.074399985,0.0,1.076800004,1.076800004,0.0,0.0,0.0,False,False,False
fused_int4,17,16,fp16,0.25,256,1.086399984,1.072799973,-1.2677117209435318,1.088800002,1.074399985,-1.3402845496130578,1.09120002,1.076800004,-1.3372971718525362,-1.3402845496130578,-1.2677117209435318,False,False,False
fused_int4,17,16,fp16,1,32,1.104674954,1.072799973,-2.9711951717209972,1.10792499,1.075199991,-3.0436197241374474,1.109599974,1.077499986,-2.979117254485031,-3.0436197241374474,-2.9711951717209972,False,True,False
fused_int4,17,16,fp16,1,64,1.107199956,1.072799973,-3.2065607630286763,1.111199986,1.075199991,-3.348213848710846,1.114400011,1.077499986,-3.424596332198937,-3.424596332198937,-3.2065607630286763,False,True,True
fused_int4,17,16,fp16,1,128,1.072799973,1.072799973,0.0,1.075199991,1.075199991,0.0,1.077499986,1.077499986,0.0,0.0,0.0,False,False,False
fused_int4,17,16,fp16,1,256,1.085599978,1.072799973,-1.1931399442717927,1.090400014,1.075199991,-1.4136926271607564,1.09120002,1.077499986,-1.27146488890999,-1.4136926271607564,-1.1931399442717927,False,False,False
fused_int4,17,256,bf16,0.0625,32,1.922399923,1.958275028,1.8319747985878987,1.922399923,1.958275028,1.8319747985878987,1.927999966,1.96480006,1.8729688963873503,1.8319747985878987,1.8729688963873503,False,False,False
fused_int4,17,256,bf16,0.0625,64,1.930399984,1.958275028,1.4234488823803848,1.93119999,1.958275028,1.3825962958661564,1.936800033,1.96480006,1.425082763892016,1.3825962958661564,1.425082763892016,False,False,False
fused_int4,17,256,bf16,0.0625,128,1.958275028,1.958275028,0.0,1.958275028,1.958275028,0.0,1.96480006,1.96480006,0.0,0.0,0.0,False,False,False
fused_int4,17,256,bf16,0.0625,256,2.101599984,1.958275028,-7.318939063752383,2.10239999,1.958275028,-7.359791650266589,2.109600045,1.96480006,-7.369705851902308,-7.369705851902308,-7.318939063752383,False,True,True
fused_int4,17,256,bf16,1,32,1.922399923,1.957600005,1.7981243313288653,1.922300085,1.959200017,1.883418317671437,1.927999966,1.96480006,1.8729688963873503,1.7981243313288653,1.883418317671437,False,False,False
fused_int4,17,256,bf16,1,64,1.929599978,1.957600005,1.4303242198857702,1.93119999,1.959200017,1.429156122756392,1.936800033,1.96480006,1.425082763892016,1.425082763892016,1.4303242198857702,False,False,False
fused_int4,17,256,bf16,1,128,1.957600005,1.957600005,0.0,1.959200017,1.959200017,0.0,1.96480006,1.96480006,0.0,0.0,0.0,False,False,False
fused_int4,17,256,bf16,1,256,2.100799978,1.957600005,-7.315078291491939,2.103199996,1.959200017,-7.349937614868862,2.108800039,1.96480006,-7.328988935393266,-7.349937614868862,-7.315078291491939,False,True,True
fused_int4,17,256,fp16,0.0625,32,1.924799941,1.962400042,1.916026304283991,1.924799941,1.963200048,1.955995622510287,1.923199929,1.960724965,1.9138347636635578,1.9138347636635578,1.955995622510287,False,False,False
fused_int4,17,256,fp16,0.0625,64,1.934400015,1.962400042,1.426825642108298,1.935200021,1.963200048,1.4262442092197847,1.932800002,1.960724965,1.4242162209629483,1.4242162209629483,1.426825642108298,False,False,False
fused_int4,17,256,fp16,0.0625,128,1.962400042,1.962400042,0.0,1.963200048,1.963200048,0.0,1.960724965,1.960724965,0.0,0.0,0.0,False,False,False
fused_int4,17,256,fp16,0.0625,256,2.095199935,1.962400042,-6.767218210240955,2.096799947,1.963200048,-6.805210662871786,2.094399929,1.960724965,-6.8176295189876335,-6.8176295189876335,-6.767218210240955,False,True,True
fused_int4,17,256,fp16,1,32,1.923999935,1.96154993,1.9143022783009167,1.925599948,1.963200048,1.915245470694904,1.923199929,1.960800029,1.91758973092101,1.9143022783009167,1.91758973092101,False,False,False
fused_int4,17,256,fp16,1,64,1.934400015,1.96154993,1.3841052213236282,1.935200021,1.963200048,1.4262442092197847,1.933600008,1.960800029,1.387189952963841,1.3841052213236282,1.4262442092197847,False,False,False
fused_int4,17,256,fp16,1,128,1.96154993,1.96154993,0.0,1.963200048,1.963200048,0.0,1.960800029,1.960800029,0.0,0.0,0.0,False,False,False
fused_int4,17,256,fp16,1,256,2.094399929,1.96154993,-6.772705449307637,2.096699923,1.963200048,-6.8001157159711,2.093599923,1.960800029,-6.772740311908687,-6.8001157159711,-6.772705449307637,False,True,True
fused_int4,17,64,bf16,0.125,32,1.188724954,1.175174955,-1.1530197220719351,1.188000012,1.173599996,-1.2269952325391742,1.192000043,1.177600026,-1.222827503572077,-1.2269952325391742,-1.1530197220719351,False,False,False
fused_int4,17,64,bf16,0.125,64,1.188800018,1.175174955,-1.1594071965224995,1.188000012,1.173599996,-1.2269952325391742,1.192700025,1.177600026,-1.2822689085096872,-1.2822689085096872,-1.1594071965224995,False,False,False
fused_int4,17,64,bf16,0.125,128,1.175174955,1.175174955,0.0,1.173599996,1.173599996,0.0,1.177600026,1.177600026,0.0,0.0,0.0,False,False,False
fused_int4,17,64,bf16,0.125,256,1.19040003,1.175174955,-1.295558157976573,1.191174984,1.173599996,-1.4975279532976504,1.19599998,1.177600026,-1.562496059251961,-1.562496059251961,-1.295558157976573,False,False,False
fused_int4,17,64,bf16,1,32,1.188000012,1.174400002,-1.158038996665467,1.188000012,1.173599996,-1.2269952325391742,1.191950031,1.17680002,-1.287390443790093,-1.287390443790093,-1.158038996665467,False,False,False
fused_int4,17,64,bf16,1,64,1.188800018,1.174400002,-1.2261593984568053,1.188000012,1.173599996,-1.2269952325391742,1.192799956,1.17680002,-1.359613845009977,-1.359613845009977,-1.2261593984568053,False,False,False
fused_int4,17,64,bf16,1,128,1.174400002,1.174400002,0.0,1.173599996,1.173599996,0.0,1.17680002,1.17680002,0.0,0.0,0.0,False,False,False
fused_int4,17,64,bf16,1,256,1.190374978,1.174400002,-1.3602670276562145,1.19040003,1.173599996,-1.4314957444836018,1.195199974,1.17680002,-1.5635582671047255,-1.5635582671047255,-1.3602670276562145,False,False,False
fused_int4,17,64,fp16,0.125,32,1.192000043,1.175200008,-1.4295468759050634,1.190300006,1.176000014,-1.2159856998096963,1.191200037,1.178400032,-1.0862189963009028,-1.4295468759050634,-1.0862189963009028,False,False,False
fused_int4,17,64,fp16,0.125,64,1.191200037,1.175200008,-1.3614728464161008,1.190300006,1.176000014,-1.2159856998096963,1.192000043,1.178400032,-1.1541081662156616,-1.3614728464161008,-1.1541081662156616,False,False,False
fused_int4,17,64,fp16,0.125,128,1.175200008,1.175200008,0.0,1.176000014,1.176000014,0.0,1.178400032,1.178400032,0.0,0.0,0.0,False,False,False
fused_int4,17,64,fp16,0.125,256,1.191200037,1.175200008,-1.3614728464161008,1.191200037,1.176000014,-1.292518947197907,1.192799956,1.178400032,-1.2219894440735901,-1.3614728464161008,-1.2219894440735901,False,False,False
fused_int4,17,64,fp16,1,32,1.190324966,1.175200008,-1.2870113935533611,1.189600024,1.174400002,-1.2942798002481437,1.191200037,1.178400032,-1.0862189963009028,-1.2942798002481437,-1.0862189963009028,False,False,False
fused_int4,17,64,fp16,1,64,1.191124972,1.175200008,-1.3550854230423015,1.19040003,1.174400002,-1.3624002020395043,1.192000043,1.178400032,-1.1541081662156616,-1.3624002020395043,-1.1541081662156616,False,False,False
fused_int4,17,64,fp16,1,128,1.175200008,1.175200008,0.0,1.174400002,1.174400002,0.0,1.178400032,1.178400032,0.0,0.0,0.0,False,False,False
fused_int4,17,64,fp16,1,256,1.19040003,1.175200008,-1.2933987318352713,1.191200037,1.174400002,-1.4305206889807076,1.192799956,1.178400032,-1.2219894440735901,-1.4305206889807076,-1.2219894440735901,False,False,False
fused_int4,4096,16,bf16,0.25,32,3.180000186,1.760799997,-80.59973826771878,3.178400174,1.75999999,-80.5909200033575,3.187949955,1.765600033,-80.55901084138688,-80.59973826771878,-80.55901084138688,False,True,True
fused_int4,4096,16,bf16,0.25,64,2.217574976,1.760799997,-25.941332336338018,2.217599936,1.75999999,-25.999997079545434,2.228800021,1.765600033,-26.234706578078114,-26.234706578078114,-25.941332336338018,False,True,True
fused_int4,4096,16,bf16,0.25,128,1.760799997,1.760799997,0.0,1.75999999,1.75999999,0.0,1.765600033,1.765600033,0.0,0.0,0.0,False,False,False
fused_int4,4096,16,bf16,0.25,256,1.621549949,1.760799997,7.908339858998758,1.620800048,1.75999999,7.909087658574365,1.633599959,1.765600033,7.476216104035371,7.476216104035371,7.909087658574365,True,False,False
fused_int4,4096,16,bf16,1,32,3.180000186,1.760799997,-80.59973826771878,3.179199994,1.760799997,-80.5542934698222,3.187924996,1.765600033,-80.55759721431768,-80.59973826771878,-80.5542934698222,False,True,True
fused_int4,4096,16,bf16,1,64,2.217499912,1.760799997,-25.937069274086344,2.21679993,1.760799997,-25.897315639307106,2.228749916,1.765600033,-26.23186873263952,-26.23186873263952,-25.897315639307106,False,True,True
fused_int4,4096,16,bf16,1,128,1.760799997,1.760799997,0.0,1.760799997,1.760799997,0.0,1.765600033,1.765600033,0.0,0.0,0.0,False,False,False
fused_int4,4096,16,bf16,1,256,1.620800048,1.760799997,7.950928511956368,1.621600054,1.760799997,7.905494277440073,1.632799953,1.765600033,7.521526819092439,7.521526819092439,7.950928511956368,True,False,False
fused_int4,4096,16,fp16,0.25,32,3.175999969,1.75999999,-80.45454471849172,3.175200149,1.75999999,-80.40910040005171,3.179199994,1.765600033,-80.0634308211978,-80.45454471849172,-80.0634308211978,False,True,True
fused_int4,4096,16,fp16,0.25,64,2.217599936,1.75999999,-25.999997079545434,2.217599936,1.75999999,-25.999997079545434,2.217599936,1.765600033,-25.600356510641276,-25.999997079545434,-25.600356510641276,False,True,True
fused_int4,4096,16,fp16,0.25,128,1.75999999,1.75999999,0.0,1.75999999,1.75999999,0.0,1.765600033,1.765600033,0.0,0.0,0.0,False,False,False
fused_int4,4096,16,fp16,0.25,256,1.604799926,1.75999999,8.81818550464878,1.605599932,1.75999999,8.77273061802688,1.601600088,1.765600033,9.288623806907225,8.77273061802688,9.288623806907225,True,False,False
fused_int4,4096,16,fp16,1,32,3.170299903,1.756799966,-80.4587866778226,3.175999969,1.759875007,-80.46736025952323,3.180000186,1.765600033,-80.10875207091708,-80.46736025952323,-80.10875207091708,False,True,True
fused_int4,4096,16,fp16,1,64,2.215199918,1.756799966,-26.09289394760839,2.217599936,1.759875007,-26.00894536142475,2.217599936,1.765600033,-25.600356510641276,-26.09289394760839,-25.600356510641276,False,True,True
fused_int4,4096,16,fp16,1,128,1.756799966,1.756799966,0.0,1.759875007,1.759875007,0.0,1.765600033,1.765600033,0.0,0.0,0.0,False,False,False
fused_int4,4096,16,fp16,1,256,1.603149995,1.756799966,8.74601400123205,1.605599932,1.759875007,8.766251829610761,1.602274925,1.765600033,9.25040240979651,8.74601400123205,9.25040240979651,True,False,False
fused_int4,4096,256,bf16,0.0625,32,3.528000042,3.045599908,-15.839248377072135,3.513599932,3.036800027,-15.70073435065864,3.525599837,3.041600063,-15.912669778242305,-15.912669778242305,-15.70073435065864,False,True,True
fused_int4,4096,256,bf16,0.0625,64,3.079199977,3.045599908,-1.1032331893543024,3.072799928,3.036800027,-1.1854551066888597,3.076699935,3.041600063,-1.1539936636304482,-1.1854551066888597,-1.1032331893543024,False,False,False
fused_int4,4096,256,bf16,0.0625,128,3.045599908,3.045599908,0.0,3.036800027,3.036800027,0.0,3.041600063,3.041600063,0.0,0.0,0.0,False,False,False
fused_int4,4096,256,bf16,0.0625,256,3.06960009,3.045599908,-0.7880280642561743,3.060800023,3.036800027,-0.7903054460819847,3.067974932,3.041600063,-0.8671379686251646,-0.8671379686251646,-0.7880280642561743,False,False,False
fused_int4,4096,256,bf16,1,32,3.5112001,3.03199999,-15.804753020464224,3.5112001,3.03199999,-15.804753020464224,3.527199849,3.043200076,-15.9043033948715,-15.9043033948715,-15.804753020464224,False,True,True
fused_int4,4096,256,bf16,1,64,3.066400066,3.03199999,-1.1345671541377556,3.067200072,3.03199999,-1.1609525763883521,3.077525087,3.043200076,-1.1279248863951485,-1.1609525763883521,-1.1279248863951485,False,False,False
fused_int4,4096,256,bf16,1,128,3.03199999,3.03199999,0.0,3.03199999,3.03199999,0.0,3.043200076,3.043200076,0.0,0.0,0.0,False,False,False
fused_int4,4096,256,bf16,1,256,3.056799993,3.03199999,-0.817942054148868,3.058400005,3.03199999,-0.8707128986501056,3.068000078,3.043200076,-0.8149316962622111,-0.8707128986501056,-0.8149316962622111,False,False,False
fused_int4,4096,256,fp16,0.0625,32,3.522400185,3.054399975,-15.322165198747427,3.520800173,3.052799962,-15.330195781756895,3.513574973,3.04719992,-15.305036270806927,-15.330195781756895,-15.305036270806927,False,True,True
fused_int4,4096,256,fp16,0.0625,64,3.084000014,3.054399975,-0.9690950511483054,3.084000014,3.052799962,-1.022014294692264,3.079999983,3.04719992,-1.0764001004568202,-1.0764001004568202,-0.9690950511483054,False,False,False
fused_int4,4096,256,fp16,0.0625,128,3.054399975,3.054399975,0.0,3.052799962,3.052799962,0.0,3.04719992,3.04719992,0.0,0.0,0.0,False,False,False
fused_int4,4096,256,fp16,0.0625,256,3.055199981,3.054399975,-0.02619192006769744,3.056799993,3.052799962,-0.1310282707609689,3.051150031,3.04719992,-0.12963084483146314,-0.1310282707609689,-0.02619192006769744,False,False,False
fused_int4,4096,256,fp16,1,32,3.509600088,3.041600063,-15.38663911449294,3.520800173,3.053499945,-15.303757537811258,3.524800017,3.055999987,-15.34031518305763,-15.38663911449294,-15.303757537811258,False,True,True
fused_int4,4096,256,fp16,1,64,3.084000014,3.041600063,-1.3940015163656838,3.084000014,3.053499945,-0.9988560520507894,3.086400032,3.055999987,-0.994765874650505,-1.3940015163656838,-0.994765874650505,False,False,False
fused_int4,4096,256,fp16,1,128,3.041600063,3.041600063,0.0,3.053499945,3.053499945,0.0,3.055999987,3.055999987,0.0,0.0,0.0,False,False,False
fused_int4,4096,256,fp16,1,256,3.04719992,3.041600063,-0.18410891912188365,3.056799993,3.053499945,-0.10807427736829744,3.059200011,3.055999987,-0.10471282767057222,-0.18410891912188365,-0.10471282767057222,False,False,False
fused_int4,4096,64,bf16,0.125,32,3.148800135,1.813600026,-73.6215312008382,3.153600171,1.813600026,-73.88620014278715,3.16080004,1.820800081,-73.59401907891281,-73.88620014278715,-73.59401907891281,False,True,True
fused_int4,4096,64,bf16,0.125,64,2.191199921,1.813600026,-20.820461490222762,2.192799933,1.813600026,-20.908684470872394,2.200799994,1.820800081,-20.8699415693842,-20.908684470872394,-20.820461490222762,False,True,True
fused_int4,4096,64,bf16,0.125,128,1.813600026,1.813600026,0.0,1.813600026,1.813600026,0.0,1.820800081,1.820800081,0.0,0.0,0.0,False,False,False
fused_int4,4096,64,bf16,0.125,256,1.651125029,1.813600026,8.958700632484451,1.652799919,1.813600026,8.866348957584325,1.658399962,1.820800081,8.919162553574155,8.866348957584325,8.958700632484451,True,False,False
fused_int4,4096,64,bf16,1,32,3.148800135,1.813600026,-73.6215312008382,3.147999942,1.813600026,-73.57740939952988,3.16159986,1.820800081,-73.6379459223014,-73.6379459223014,-73.57740939952988,False,True,True
fused_int4,4096,64,bf16,1,64,2.191999927,1.813600026,-20.864572980547578,2.191199921,1.813600026,-20.820461490222762,2.201499976,1.820800081,-20.90838521881635,-20.90838521881635,-20.820461490222762,False,True,True
fused_int4,4096,64,bf16,1,128,1.813600026,1.813600026,0.0,1.813600026,1.813600026,0.0,1.820800081,1.820800081,0.0,0.0,0.0,False,False,False
fused_int4,4096,64,bf16,1,256,1.651199907,1.813600026,8.954571938233968,1.651199907,1.813600026,8.954571938233968,1.657599956,1.820800081,8.963099612252268,8.954571938233968,8.963099612252268,True,False,False
fused_int4,4096,64,fp16,0.125,32,3.147200122,1.812000014,-73.68653960727838,3.14639993,1.812000014,-73.64237890121781,3.152000159,1.816000044,-73.56828648843359,-73.68653960727838,-73.56828648843359,False,True,True
fused_int4,4096,64,fp16,0.125,64,2.191199921,1.812000014,-20.927147023741675,2.191199921,1.812000014,-20.927147023741675,2.193599939,1.816000044,-20.792945256118056,-20.927147023741675,-20.792945256118056,False,True,True
fused_int4,4096,64,fp16,0.125,128,1.812000014,1.812000014,0.0,1.812000014,1.812000014,0.0,1.816000044,1.816000044,0.0,0.0,0.0,False,False,False
fused_int4,4096,64,fp16,0.125,256,1.646324992,1.812000014,9.14321306401491,1.646400057,1.812000014,9.13907040400278,1.651199907,1.816000044,9.074897192017906,9.074897192017906,9.14321306401491,True,False,False
fused_int4,4096,64,fp16,1,32,3.14639993,1.812724955,-73.57293622076273,3.14639993,1.812000014,-73.64237890121781,3.152000159,1.816000044,-73.56828648843359,-73.64237890121781,-73.56828648843359,False,True,True
fused_int4,4096,64,fp16,1,64,2.191199921,1.812724955,-20.878786103543213,2.191174962,1.812000014,-20.925769595496234,2.193599939,1.816000044,-20.792945256118056,-20.925769595496234,-20.792945256118056,False,True,True
fused_int4,4096,64,fp16,1,128,1.812724955,1.812724955,0.0,1.812000014,1.812000014,0.0,1.816000044,1.816000044,0.0,0.0,0.0,False,False,False
fused_int4,4096,64,fp16,1,256,1.646400057,1.812724955,9.175407308275297,1.645600051,1.812000014,9.183220845162765,1.651199907,1.816000044,9.074897192017906,9.074897192017906,9.183220845162765,True,False,False
transform,1,16,bf16,0.25,32,0.8751999587,0.8647999726,-1.2025886250588869,0.877450034,0.8671999909,-1.1819699270709583,0.8767750114,0.8688000031,-0.9179337329125348,-1.2025886250588869,-0.9179337329125348,False,False,False
transform,1,16,bf16,0.25,64,0.8736000396,0.8647999726,-1.0175840979206763,0.8751999587,0.8671999909,-0.9225055216729672,0.877599977,0.8688000031,-1.0128883366252728,-1.0175840979206763,-0.9225055216729672,False,False,False
transform,1,16,bf16,0.25,128,0.8647999726,0.8647999726,0.0,0.8671999909,0.8671999909,0.0,0.8688000031,0.8688000031,0.0,0.0,0.0,False,False,False
transform,1,16,bf16,0.25,256,0.863874983,0.8647999726,0.10695994788471053,0.8647999726,0.8671999909,0.2767548806716702,0.8631999604,0.8688000031,0.6445721316779784,0.10695994788471053,0.6445721316779784,False,False,False
transform,1,16,bf16,1,32,0.89680003,0.8903999813,-0.7187835618163163,0.8960000239,0.887999963,-0.9009077965468348,0.8952000178,0.886400044,-0.9927767783368902,-0.9927767783368902,-0.7187835618163163,False,False,False
transform,1,16,bf16,1,64,0.8960000239,0.8903999813,-0.628935615185422,0.8983000182,0.887999963,-1.1599161744559883,0.8936000057,0.886400044,-0.81227000706241,-1.1599161744559883,-0.628935615185422,False,False,False
transform,1,16,bf16,1,128,0.8903999813,0.8903999813,0.0,0.887999963,0.887999963,0.0,0.886400044,0.886400044,0.0,0.0,0.0,False,False,False
transform,1,16,bf16,1,256,0.8855749853,0.8903999813,0.5418908469601913,0.886400044,0.887999963,0.1801710660656708,0.8807250299,0.886400044,0.6402317033278537,0.1801710660656708,0.6402317033278537,False,False,False
transform,1,16,fp16,0.25,32,0.9456000291,0.9383999743,-0.7672692878504028,0.9511999786,0.9399999864,-1.1914885491534521,0.8712000214,0.8616000414,-1.1142037533332871,-1.1914885491534521,-0.7672692878504028,False,False,False
transform,1,16,fp16,0.25,64,0.9463000111,0.9383999743,-0.8418624271481878,0.9495999664,0.9399999864,-1.0212744828609788,0.8704000153,0.8616000414,-1.0213525391318479,-1.0213525391318479,-0.8418624271481878,False,False,False
transform,1,16,fp16,0.25,128,0.9383999743,0.9383999743,0.0,0.9399999864,0.9399999864,0.0,0.8616000414,0.8616000414,0.0,0.0,0.0,False,False,False
transform,1,16,fp16,0.25,256,0.935200043,0.9383999743,0.3409986559715028,0.9367999621,0.9399999864,0.3404281219466232,0.8592000231,0.8616000414,0.2785536426043178,0.2785536426043178,0.3409986559715028,False,False,False
transform,1,16,fp16,1,32,0.9464000352,0.9375999682,-0.9385737306384812,0.9487999603,0.9391999803,-1.0221443996339952,0.8712000214,0.8616000414,-1.1142037533332871,-1.1142037533332871,-0.9385737306384812,False,False,False
transform,1,16,fp16,1,64,0.9472000413,0.9375999682,-1.0238986162115715,0.9487000294,0.9391999803,-1.0115043972813487,0.8712000214,0.8616000414,-1.1142037533332871,-1.1142037533332871,-1.0115043972813487,False,False,False
transform,1,16,fp16,1,128,0.9375999682,0.9375999682,0.0,0.9391999803,0.9391999803,0.0,0.8616000414,0.8616000414,0.0,0.0,0.0,False,False,False
transform,1,16,fp16,1,256,0.9328000247,0.9375999682,0.5119393838307063,0.9367999621,0.9391999803,0.2555385700959367,0.8608000353,0.8616000414,0.09285121420143927,0.09285121420143927,0.5119393838307063,False,False,False
transform,1,256,bf16,0.0625,32,0.9630249813,0.9535999969,-0.9883582666358137,0.9631499648,0.955200009,-0.832281797015777,0.9623999707,0.9527999908,-1.0075545752198822,-1.0075545752198822,-0.832281797015777,False,False,False
transform,1,256,bf16,0.0625,64,0.9623249993,0.9535999969,-0.9149541137126294,0.9623999707,0.955200009,-0.7537648274875686,0.9623999707,0.9527999908,-1.0075545752198822,-1.0075545752198822,-0.7537648274875686,False,False,False
transform,1,256,bf16,0.0625,128,0.9535999969,0.9535999969,0.0,0.955200009,0.955200009,0.0,0.9527999908,0.9527999908,0.0,0.0,0.0,False,False,False
transform,1,256,bf16,0.0625,256,0.9519999847,0.9535999969,0.16778651480718887,0.9503999725,0.955200009,0.5025163792685916,0.9511999786,0.9527999908,0.16792739456856776,0.16778651480718887,0.5025163792685916,False,False,False
transform,1,256,bf16,1,32,0.9631999768,0.9560000151,-0.7531340571419243,0.9631999768,0.955200009,-0.8375175591105011,0.9615999646,0.9519999847,-1.008401266206449,-1.008401266206449,-0.7531340571419243,False,False,False
transform,1,256,bf16,1,64,0.9631499648,0.9560000151,-0.7479026764714236,0.9623999707,0.955200009,-0.7537648274875686,0.9615999646,0.9519999847,-1.008401266206449,-1.008401266206449,-0.7479026764714236,False,False,False
transform,1,256,bf16,1,128,0.9560000151,0.9560000151,0.0,0.955200009,0.955200009,0.0,0.9519999847,0.9519999847,0.0,0.0,0.0,False,False,False
transform,1,256,bf16,1,256,0.9511999786,0.9560000151,0.5020958602702352,0.9511999786,0.955200009,0.418763647645648,0.9511999786,0.9519999847,0.08403425555222332,0.08403425555222332,0.5020958602702352,False,False,False
transform,1,256,fp16,0.0625,32,0.9399999864,0.9312000126,-0.945014355769791,0.9432000108,0.9344000369,-0.9417779914901558,0.9463500232,0.9391999803,-0.7612907847076578,-0.945014355769791,-0.7612907847076578,False,False,False
transform,1,256,fp16,0.0625,64,0.9407250211,0.9312000126,-1.0228746103004616,0.9440000169,0.9344000369,-1.027395079290594,0.9432000108,0.9391999803,-0.4258976345721699,-1.027395079290594,-0.4258976345721699,False,False,False
transform,1,256,fp16,0.0625,128,0.9312000126,0.9312000126,0.0,0.9344000369,0.9344000369,0.0,0.9391999803,0.9391999803,0.0,0.0,0.0,False,False,False
transform,1,256,fp16,0.0625,256,0.9304000065,0.9312000126,0.08591130682722437,0.9320000187,0.9344000369,0.2568512526992528,0.9350749664,0.9391999803,0.4392050667081926,0.08591130682722437,0.4392050667081926,False,False,False
transform,1,256,fp16,1,32,0.9456000291,0.935999956,-1.0256488836843491,0.9440000169,0.9344000369,-1.027395079290594,0.9479999542,0.9391999803,-0.9369648727195701,-1.027395079290594,-0.9369648727195701,False,False,False
transform,1,256,fp16,1,64,0.9440000169,0.935999956,-0.8547074012896783,0.9432000108,0.9344000369,-0.9417779914901558,0.9472000413,0.9391999803,-0.8517952691443398,-0.9417779914901558,-0.8517952691443398,False,False,False
transform,1,256,fp16,1,128,0.935999956,0.935999956,0.0,0.9344000369,0.9344000369,0.0,0.9391999803,0.9391999803,0.0,0.0,0.0,False,False,False
transform,1,256,fp16,1,256,0.9351749904,0.935999956,0.08813735457056104,0.9328000247,0.9344000369,0.17123417560086507,0.935200043,0.9391999803,0.4258877112329418,0.08813735457056104,0.4258877112329418,False,False,False
transform,1,64,bf16,0.125,32,0.8623999543,0.8551750332,-0.8448470569779154,0.8839249611,0.8736000396,-1.1818819862608354,0.8662999608,0.8568000048,-1.108771702471878,-1.1818819862608354,-0.8448470569779154,False,False,False
transform,1,64,bf16,0.125,64,0.863124989,0.8551750332,-0.929629080756933,0.8824000135,0.8736000396,-1.007322974027014,0.8655999787,0.8568000048,-1.0270744456933434,-1.0270744456933434,-0.929629080756933,False,False,False
transform,1,64,bf16,0.125,128,0.8551750332,0.8551750332,0.0,0.8736000396,0.8736000396,0.0,0.8568000048,0.8568000048,0.0,0.0,0.0,False,False,False
transform,1,64,bf16,0.125,256,0.8511750028,0.8551750332,0.4677440576149827,0.8728000335,0.8736000396,0.09157578568406155,0.8543999866,0.8568000048,0.2801141674316554,0.09157578568406155,0.4677440576149827,False,False,False
transform,1,64,bf16,1,32,0.8623999543,0.8559999987,-0.7476583656214508,0.8839500137,0.8751999587,-0.9997778122609935,0.8655999787,0.8568000048,-1.0270744456933434,-1.0270744456933434,-0.7476583656214508,False,False,False
transform,1,64,bf16,1,64,0.863124989,0.8559999987,-0.8323586811706418,0.8832000196,0.8751999587,-0.9140837839941351,0.8670999669,0.8568000048,-1.202143095506214,-1.202143095506214,-0.8323586811706418,False,False,False
transform,1,64,bf16,1,128,0.8559999987,0.8559999987,0.0,0.8751999587,0.8751999587,0.0,0.8568000048,0.8568000048,0.0,0.0,0.0,False,False,False
transform,1,64,bf16,1,256,0.8511999622,0.8559999987,0.5607519284216989,0.8720000274,0.8751999587,0.3656228805989703,0.8550750092,0.8568000048,0.2013300175462307,0.2013300175462307,0.5607519284216989,False,False,False
transform,1,64,fp16,0.125,32,0.8832000196,0.8751749992,-0.9169617970503863,0.886400044,0.8790999651,-0.8304037299295741,0.886400044,0.878399983,-0.9107537744567518,-0.9169617970503863,-0.8304037299295741,False,False,False
transform,1,64,fp16,0.125,64,0.8848000318,0.8751749992,-1.099783769965823,0.887999963,0.8790999651,-1.0123988457885424,0.886400044,0.878399983,-0.9107537744567518,-1.099783769965823,-0.9107537744567518,False,False,False
transform,1,64,fp16,0.125,128,0.8751749992,0.8751749992,0.0,0.8790999651,0.8790999651,0.0,0.878399983,0.878399983,0.0,0.0,0.0,False,False,False
transform,1,64,fp16,0.125,256,0.8743000217,0.8751749992,0.09997743317620156,0.8744000457,0.8790999651,0.5346285504021608,0.8727000095,0.878399983,0.6489040995347972,0.09997743317620156,0.6489040995347972,False,False,False
transform,1,64,fp16,1,32,0.8840000257,0.8751999587,-1.005492163536137,0.8887999691,0.8824000135,-0.725289608123969,0.8871999569,0.878399983,-1.0018185417018488,-1.005492163536137,-0.725289608123969,False,False,False
transform,1,64,fp16,1,64,0.8839500137,0.8751999587,-0.9997778122609935,0.8895999752,0.8824000135,-0.8159521294023753,0.8871999569,0.878399983,-1.0018185417018488,-1.0018185417018488,-0.8159521294023753,False,False,False
transform,1,64,fp16,1,128,0.8751999587,0.8751999587,0.0,0.8824000135,0.8824000135,0.0,0.878399983,0.878399983,0.0,0.0,0.0,False,False,False
transform,1,64,fp16,1,256,0.8736000396,0.8751999587,0.18280612151496678,0.8767999709,0.8824000135,0.6346376376160423,0.8720000274,0.878399983,0.7285924093648255,0.18280612151496678,0.7285924093648255,False,False,False
transform,16384,16,bf16,0.25,32,8.606400341,2.940000035,-192.73470199125353,8.605600148,2.939200029,-192.78715511335483,8.638399839,2.94799991,-193.0257836744642,-193.0257836744642,-192.73470199125353,False,True,True
transform,16384,16,bf16,0.25,64,4.832800105,2.940000035,-64.38095399546482,4.831999913,2.939200029,-64.39847119367322,4.849600047,2.94799991,-64.50475559885618,-64.50475559885618,-64.38095399546482,False,True,True
transform,16384,16,bf16,0.25,128,2.940000035,2.940000035,0.0,2.939200029,2.939200029,0.0,2.94799991,2.94799991,0.0,0.0,0.0,False,False,False
transform,16384,16,bf16,0.25,256,2.180800028,2.940000035,25.823129182377713,2.180000022,2.939200029,25.830157849389433,2.190399915,2.94799991,25.698779448063146,25.698779448063146,25.830157849389433,True,False,False
transform,16384,16,bf16,1,32,8.607900143,2.940000035,-192.7857156641156,8.605600148,2.939200029,-192.78715511335483,8.639200032,2.94799991,-193.0529272641667,-193.0529272641667,-192.7857156641156,False,True,True
transform,16384,16,bf16,1,64,4.833599925,2.940000035,-64.40815875704571,4.831200093,2.939200029,-64.37125902736575,4.849600047,2.94799991,-64.50475559885618,-64.50475559885618,-64.37125902736575,False,True,True
transform,16384,16,bf16,1,128,2.940000035,2.940000035,0.0,2.939200029,2.939200029,0.0,2.94799991,2.94799991,0.0,0.0,0.0,False,False,False
transform,16384,16,bf16,1,256,2.180800028,2.940000035,25.823129182377713,2.180000022,2.939200029,25.830157849389433,2.190399915,2.94799991,25.698779448063146,25.698779448063146,25.830157849389433,True,False,False
transform,16384,16,fp16,0.25,32,8.604799956,2.936000004,-193.0790171756417,8.604799956,2.936724946,-193.0066694778572,8.606400341,2.942400053,-192.49592801716827,-193.0790171756417,-192.49592801716827,False,True,True
transform,16384,16,fp16,0.25,64,4.827199876,2.936000004,-64.41416448989897,4.826400056,2.936724946,-64.3463431116984,4.833599925,2.942400053,-64.27405648228486,-64.41416448989897,-64.27405648228486,False,True,True
transform,16384,16,fp16,0.25,128,2.936000004,2.936000004,0.0,2.936724946,2.936724946,0.0,2.942400053,2.942400053,0.0,0.0,0.0,False,False,False
transform,16384,16,fp16,0.25,256,2.183075063,2.936000004,25.64458242418994,2.18240004,2.936724946,25.685922919932857,2.186400071,2.942400053,25.69331050783529,25.64458242418994,25.69331050783529,True,False,False
transform,16384,16,fp16,1,32,8.605600148,2.936000004,-193.10627167151736,8.605600148,2.936800011,-193.0264272598438,8.607199788,2.942324989,-192.53056070211017,-193.10627167151736,-192.53056070211017,False,True,True
transform,16384,16,fp16,1,64,4.828000069,2.936000004,-64.44141901983458,4.827199876,2.936800011,-64.36937680193981,4.832800105,2.942324989,-64.25106414375084,-64.44141901983458,-64.25106414375084,False,True,True
transform,16384,16,fp16,1,128,2.936000004,2.936000004,0.0,2.936800011,2.936800011,0.0,2.942324989,2.942324989,0.0,0.0,0.0,False,False,False
transform,16384,16,fp16,1,256,2.18240004,2.936000004,25.66757367075262,2.182349935,2.936800011,25.68952850633859,2.187200077,2.942324989,25.664225224034208,25.664225224034208,25.68952850633859,True,False,False
transform,16384,256,bf16,0.0625,32,8.79919976,6.723199785,-30.878153875952385,8.807200193,6.73519969,-30.76375754792209,8.808799833,6.739199907,-30.70987586894862,-30.878153875952385,-30.70987586894862,False,True,True
transform,16384,256,bf16,0.0625,64,6.756000221,6.723199785,-0.48786942302652125,6.760799885,6.73519969,-0.3800955603144196,6.765600294,6.739199907,-0.39174363966527626,-0.48786942302652125,-0.3800955603144196,False,False,False
transform,16384,256,bf16,0.0625,128,6.723199785,6.723199785,0.0,6.73519969,6.73519969,0.0,6.739199907,6.739199907,0.0,0.0,0.0,False,False,False
transform,16384,256,bf16,0.0625,256,6.690400094,6.723199785,0.4878583419933302,6.700000167,6.73519969,0.5226203322859502,6.708800048,6.739199907,0.4510900317472921,0.4510900317472921,0.5226203322859502,False,False,False
transform,16384,256,bf16,1,32,8.790399879,6.727200001,-30.669518933483552,8.764799684,6.718400121,-30.459626192900856,8.809600025,6.730400026,-30.892665977771117,-30.892665977771117,-30.459626192900856,False,True,True
transform,16384,256,bf16,1,64,6.746400148,6.727200001,-0.285410676018949,6.74720034,6.718400121,-0.42867674567308445,6.756000221,6.730400026,-0.3803666186423582,-0.42867674567308445,-0.285410676018949,False,False,False
transform,16384,256,bf16,1,128,6.727200001,6.727200001,0.0,6.718400121,6.718400121,0.0,6.730400026,6.730400026,0.0,0.0,0.0,False,False,False
transform,16384,256,bf16,1,256,6.692799926,6.727200001,0.5113579943347379,6.687200069,6.718400121,0.46439705045963064,6.696800143,6.730400026,0.49922564587842055,0.46439705045963064,0.5113579943347379,False,False,False
transform,16384,256,fp16,0.0625,32,8.743199706,6.680800021,-30.87054961257911,8.740799874,6.681600213,-30.818959461141283,8.756799996,6.696800143,-30.760957606794737,-30.87054961257911,-30.760957606794737,False,True,True
transform,16384,256,fp16,0.0625,64,6.731200218,6.680800021,-0.75440361695569,6.731124967,6.681600213,-0.7412109737371386,6.741599739,6.696800143,-0.6689701804350134,-0.75440361695569,-0.6689701804350134,False,False,False
transform,16384,256,fp16,0.0625,128,6.680800021,6.680800021,0.0,6.681600213,6.681600213,0.0,6.696800143,6.696800143,0.0,0.0,0.0,False,False,False
transform,16384,256,fp16,0.0625,256,6.660000235,6.680800021,0.31133675509847913,6.656000018,6.681600213,0.38314466870064123,6.67200014,6.696800143,0.37032616280064934,0.31133675509847913,0.38314466870064123,False,False,False
transform,16384,256,fp16,1,32,8.767999709,6.684000045,-31.17892953275705,8.767200261,6.701599807,-30.822497813767157,8.784800023,6.704799831,-31.022554653802036,-31.17892953275705,-30.822497813767157,False,True,True
transform,16384,256,fp16,1,64,6.728000194,6.684000045,-0.6582906748020534,6.729525328,6.701599807,-0.4166993226129678,6.73360005,6.704799831,-0.4295462911038772,-0.6582906748020534,-0.4166993226129678,False,False,False
transform,16384,256,fp16,1,128,6.684000045,6.684000045,0.0,6.701599807,6.701599807,0.0,6.704799831,6.704799831,0.0,0.0,0.0,False,False,False
transform,16384,256,fp16,1,256,6.674399972,6.684000045,0.143627662109036,6.676799804,6.701599807,0.3700609364065022,6.679199636,6.704799831,0.38181893039723747,0.143627662109036,0.38181893039723747,False,False,False
transform,16384,64,bf16,0.125,32,8.629599959,2.977599949,-189.81730611253448,8.66239965,2.989500016,-189.7608163116999,8.680000156,2.98960004,-190.33984612871495,-190.33984612871495,-189.7608163116999,False,True,True
transform,16384,64,bf16,0.125,64,4.867200181,2.977599949,-63.46051398323691,4.88240011,2.989500016,-63.318283454392855,4.889599979,2.98960004,-63.553649771827004,-63.553649771827004,-63.318283454392855,False,True,True
transform,16384,64,bf16,0.125,128,2.977599949,2.977599949,0.0,2.989500016,2.989500016,0.0,2.98960004,2.98960004,0.0,0.0,0.0,False,False,False
transform,16384,64,bf16,0.125,256,2.555200085,2.977599949,14.185917223093014,2.559199929,2.989500016,14.393714156113258,2.558325045,2.98960004,14.425842561869906,14.185917223093014,14.425842561869906,True,False,False
transform,16384,64,bf16,1,32,8.630274981,2.978325076,-189.7694093416685,8.628799766,2.977599949,-189.7904323546857,8.659999818,2.986400016,-189.98124067783957,-189.98124067783957,-189.7694093416685,False,True,True
transform,16384,64,bf16,1,64,4.866249859,2.978325076,-63.38880863654926,4.864000157,2.977599949,-63.353044072744936,4.879150167,2.986400016,-63.37898944747391,-63.38880863654926,-63.353044072744936,False,True,True
transform,16384,64,bf16,1,128,2.978325076,2.978325076,0.0,2.977599949,2.977599949,0.0,2.986400016,2.986400016,0.0,0.0,0.0,False,False,False
transform,16384,64,bf16,1,256,2.554349974,2.978325076,14.235353468178635,2.552800067,2.977599949,14.266519655962007,2.556000091,2.986400016,14.41199848292527,14.235353468178635,14.41199848292527,True,False,False
transform,16384,64,fp16,0.125,32,8.667200059,2.991200052,-189.7566163521851,8.636724949,2.974399924,-190.36865148198544,8.681599796,2.990400046,-190.3156655449035,-190.36865148198544,-189.7566163521851,False,True,True
transform,16384,64,fp16,0.125,64,4.884799942,2.991200052,-63.30569193236963,4.868799821,2.974399924,-63.69015416233581,4.890400171,2.990400046,-63.53665381798885,-63.69015416233581,-63.30569193236963,False,True,True
transform,16384,64,fp16,0.125,128,2.991200052,2.991200052,0.0,2.974399924,2.974399924,0.0,2.990400046,2.990400046,0.0,0.0,0.0,False,False,False
transform,16384,64,fp16,0.125,256,2.562399954,2.991200052,14.3353868195239,2.559199929,2.974399924,13.959117993845139,2.562399954,2.990400046,14.31246941600669,13.959117993845139,14.3353868195239,True,False,False
transform,16384,64,fp16,1,32,8.62160027,2.973599918,-189.93813921674985,8.621475101,2.974350005,-189.86081283328997,8.629599959,2.977599949,-189.81730611253448,-189.93813921674985,-189.81730611253448,False,True,True
transform,16384,64,fp16,1,64,4.859900102,2.973599918,-63.43490166857073,4.860699922,2.974350005,-63.42057638909247,4.866399989,2.977599949,-63.433640258972204,-63.43490166857073,-63.42057638909247,False,True,True
transform,16384,64,fp16,1,128,2.973599918,2.973599918,0.0,2.974350005,2.974350005,0.0,2.977599949,2.977599949,0.0,0.0,0.0,False,False,False
transform,16384,64,fp16,1,256,2.550400048,2.973599918,14.231903472900209,2.552000061,2.974350005,14.19973921327391,2.563899942,2.977599949,13.893740397830722,13.893740397830722,14.231903472900209,True,False,False
transform,17,16,bf16,0.25,32,0.8728000335,0.8663250133,-0.7474123568630864,0.8736000396,0.8655999787,-0.9242214760696754,0.8840000257,0.8510749787,-3.8686423433916817,-3.8686423433916817,-0.7474123568630864,False,True,False
transform,17,16,bf16,0.25,64,0.8743000217,0.8663250133,-0.9205561743648172,0.8743500337,0.8655999787,-1.0108658982572072,0.8895999752,0.8510749787,-4.526627790050419,-4.526627790050419,-0.9205561743648172,False,True,False
transform,17,16,bf16,0.25,128,0.8663250133,0.8663250133,0.0,0.8655999787,0.8655999787,0.0,0.8510749787,0.8510749787,0.0,0.0,0.0,False,False,False
transform,17,16,bf16,0.25,256,0.8671999909,0.8663250133,-0.10099876911864314,0.8655999787,0.8655999787,0.0,0.8527999744,0.8510749787,-0.20268433959071963,-0.20268433959071963,0.0,False,False,False
transform,17,16,bf16,1,32,0.8736000396,0.8663999848,-0.8310312703504907,0.873474963,0.8655999787,-0.9097717760838009,0.877599977,0.8696000092,-0.9199594888872786,-0.9199594888872786,-0.8310312703504907,False,False,False
transform,17,16,bf16,1,64,0.8736000396,0.8663999848,-0.8310312703504907,0.8728000335,0.8655999787,-0.8317993273074364,0.8767999709,0.8696000092,-0.8279624682414166,-0.8317993273074364,-0.8279624682414166,False,False,False
transform,17,16,bf16,1,128,0.8663999848,0.8663999848,0.0,0.8655999787,0.8655999787,0.0,0.8696000092,0.8696000092,0.0,0.0,0.0,False,False,False
transform,17,16,bf16,1,256,0.8671999909,0.8663999848,-0.09233680909916941,0.8647999726,0.8655999787,0.09242214876225008,0.8720000274,0.8696000092,-0.275991050438007,-0.275991050438007,0.09242214876225008,False,False,False
transform,17,16,fp16,0.25,32,0.8704000153,0.8639999665,-0.7407464176099499,0.8736000396,0.8655999787,-0.9242214760696754,0.8750500157,0.8663999848,-0.9983877021877641,-0.9983877021877641,-0.7407464176099499,False,False,False
transform,17,16,fp16,0.25,64,0.8712000214,0.8639999665,-0.8333397198112102,0.8744000457,0.8655999787,-1.0166436248319144,0.8759999648,0.8663999848,-1.1080309520337783,-1.1080309520337783,-0.8333397198112102,False,False,False
transform,17,16,fp16,0.25,128,0.8639999665,0.8639999665,0.0,0.8655999787,0.8655999787,0.0,0.8663999848,0.8663999848,0.0,0.0,0.0,False,False,False
transform,17,16,fp16,0.25,256,0.8639999665,0.8639999665,0.0,0.8655999787,0.8655999787,0.0,0.8663999848,0.8663999848,0.0,0.0,0.0,False,False,False
transform,17,16,fp16,1,32,0.8712000214,0.8639999665,-0.8333397198112102,0.9535999969,0.9440000169,-1.016947015692371,0.8766749874,0.8663499728,-1.1917833351607454,-1.1917833351607454,-0.8333397198112102,False,False,False
transform,17,16,fp16,1,64,0.8704000153,0.8639999665,-0.7407464176099499,0.9527999908,0.9440000169,-0.9322006083112289,0.8759999648,0.8663499728,-1.113867640442301,-1.113867640442301,-0.7407464176099499,False,False,False
transform,17,16,fp16,1,128,0.8639999665,0.8639999665,0.0,0.9440000169,0.9440000169,0.0,0.8663499728,0.8663499728,0.0,0.0,0.0,False,False,False
transform,17,16,fp16,1,256,0.8647999726,0.8639999665,-0.09259330220123818,0.944800023,0.9440000169,-0.08474640738111994,0.8663999848,0.8663499728,-0.005772724830621634,-0.09259330220123818,-0.005772724830621634,False,False,False
transform,17,256,bf16,0.0625,32,0.9720000438,1.003200002,3.110043674023033,0.9720000438,1.004000008,3.1872474048824873,0.9759999812,1.006400026,3.02067210002237,3.02067210002237,3.1872474048824873,False,False,False
transform,17,256,bf16,0.0625,64,0.9775999933,1.003200002,2.5518349929189887,0.9782999754,1.004000008,2.5597641827907247,0.9814750403,1.006400026,2.4766479586716406,2.4766479586716406,2.5597641827907247,False,False,False
transform,17,256,bf16,0.0625,128,1.003200002,1.003200002,0.0,1.004000008,1.004000008,0.0,1.006400026,1.006400026,0.0,0.0,0.0,False,False,False
transform,17,256,bf16,0.0625,256,1.144799963,1.003200002,-14.11482862018576,1.145474985,1.004000008,-14.091133055050719,1.149599999,1.006400026,-14.228931766740649,-14.228931766740649,-14.091133055050719,False,True,True
transform,17,256,bf16,1,32,0.9727999568,1.003200002,3.0303075298438897,0.9727999568,1.004000008,3.107574795955581,0.9767999873,1.006400026,2.941180239993346,2.941180239993346,3.107574795955581,False,False,False
transform,17,256,bf16,1,64,0.9775999933,1.003200002,2.5518349929189887,0.9767999873,1.004000008,2.709165386779566,0.9800000116,1.006400026,2.6232128098136465,2.5518349929189887,2.709165386779566,False,False,False
transform,17,256,bf16,1,128,1.003200002,1.003200002,0.0,1.004000008,1.004000008,0.0,1.006400026,1.006400026,0.0,0.0,0.0,False,False,False
transform,17,256,bf16,1,256,1.144799963,1.003200002,-14.11482862018576,1.145500038,1.004000008,-14.09362837375594,1.149599999,1.006400026,-14.228931766740649,-14.228931766740649,-14.09362837375594,False,True,True
transform,17,256,fp16,0.0625,32,0.9535999969,0.9846749716,3.1558611314661755,0.9535999969,0.9839500301,3.084509606337993,0.954400003,0.9840000421,3.0081339261763818,3.0081339261763818,3.1558611314661755,False,False,False
transform,17,256,fp16,0.0625,64,0.9600000456,0.9846749716,2.505895520011614,0.9607999586,0.9839500301,2.352769021984502,0.9607999586,0.9840000421,2.3577319621336246,2.352769021984502,2.505895520011614,False,False,False
transform,17,256,fp16,0.0625,128,0.9846749716,0.9846749716,0.0,0.9839500301,0.9839500301,0.0,0.9840000421,0.9840000421,0.0,0.0,0.0,False,False,False
transform,17,256,fp16,0.0625,256,1.137600001,0.9846749716,-15.530508422643452,1.138400007,0.9839500301,-15.696932992044621,1.137600001,0.9840000421,-15.60975125287547,-15.696932992044621,-15.530508422643452,False,True,True
transform,17,256,fp16,1,32,0.9535999969,0.9840000421,3.08943535562477,0.9535999969,0.9855999611,3.2467497425918923,0.954400003,0.983200036,2.9292139895731206,2.9292139895731206,3.2467497425918923,False,False,False
transform,17,256,fp16,1,64,0.9600000456,0.9840000421,2.4390239302003014,0.9607999586,0.9855999611,2.5162341191979576,0.9615999646,0.983200036,2.1969152368908285,2.1969152368908285,2.5162341191979576,False,False,False
transform,17,256,fp16,1,128,0.9840000421,0.9840000421,0.0,0.9855999611,0.9855999611,0.0,0.983200036,0.983200036,0.0,0.0,0.0,False,False,False
transform,17,256,fp16,1,256,1.137600001,0.9840000421,-15.60975125287547,1.138400007,0.9855999611,-15.503252022196111,1.137600001,0.983200036,-15.70382011255338,-15.70382011255338,-15.503252022196111,False,True,True
transform,17,64,bf16,0.125,32,0.8863500319,0.8744000457,-1.3666497684630574,0.8863249794,0.8736000396,-1.4566093433130423,0.8887999691,0.8767999709,-1.3686129788168966,-1.4566093433130423,-1.3666497684630574,False,False,False
transform,17,64,bf16,0.125,64,0.8935499936,0.8744000457,-2.1900671202126354,0.8919999935,0.8736000396,-2.1062217337381117,0.8960000239,0.8767999709,-2.1897871392823953,-2.1900671202126354,-2.1062217337381117,False,False,False
transform,17,64,bf16,0.125,128,0.8744000457,0.8744000457,0.0,0.8736000396,0.8736000396,0.0,0.8767999709,0.8767999709,0.0,0.0,0.0,False,False,False
transform,17,64,bf16,0.125,256,0.8887999691,0.8744000457,-1.646834703499156,0.8871999569,0.8736000396,-1.5567670196337202,0.8911750279,0.8767999709,-1.6394910443763733,-1.646834703499156,-1.5567670196337202,False,False,False
transform,17,64,bf16,1,32,0.8871999569,0.8751999587,-1.371115032709147,0.887100026,0.8736000396,-1.545328043503913,0.8910500444,0.877599977,-1.5325965989627655,-1.545328043503913,-1.371115032709147,False,False,False
transform,17,64,bf16,1,64,0.8927499875,0.8751999587,-2.0052593268021113,0.8919999935,0.8736000396,-2.1062217337381117,0.8960000239,0.877599977,-2.0966325640639827,-2.1062217337381117,-2.0052593268021113,False,False,False
transform,17,64,bf16,1,128,0.8751999587,0.8751999587,0.0,0.8736000396,0.8736000396,0.0,0.877599977,0.877599977,0.0,0.0,0.0,False,False,False
transform,17,64,bf16,1,256,0.8887999691,0.8751999587,-1.5539317917931728,0.886400044,0.8736000396,-1.4652019024473661,0.8911999874,0.877599977,-1.549682173704059,-1.5539317917931728,-1.4652019024473661,False,False,False
transform,17,64,fp16,0.125,32,0.887999963,0.8759999648,-1.369862863263882,0.8879249915,0.8759999648,-1.3613044725090395,0.887999963,0.878399983,-1.0928939191475306,-1.369862863263882,-1.0928939191475306,False,False,False
transform,17,64,fp16,0.125,64,0.8927999996,0.8759999648,-1.9178122688435995,0.8927999996,0.8759999648,-1.9178122688435995,0.8944000117,0.878399983,-1.821496927328603,-1.9178122688435995,-1.821496927328603,False,False,False
transform,17,64,fp16,0.125,128,0.8759999648,0.8759999648,0.0,0.8759999648,0.8759999648,0.0,0.878399983,0.878399983,0.0,0.0,0.0,False,False,False
transform,17,64,fp16,0.125,256,0.8887999691,0.8759999648,-1.4611877641938609,0.8879500441,0.8759999648,-1.3641643584687113,0.8903750218,0.878399983,-1.3632785782966117,-1.4611877641938609,-1.3632785782966117,False,False,False
transform,17,64,fp16,1,32,0.8871999569,0.8759999648,-1.2785379623339477,0.8879249915,0.8759999648,-1.3613044725090395,0.8887999691,0.877599977,-1.2762069728267544,-1.3613044725090395,-1.2762069728267544,False,False,False
transform,17,64,fp16,1,64,0.8936000057,0.8759999648,-2.009137169773556,0.8927999996,0.8759999648,-1.9178122688435995,0.8952000178,0.877599977,-2.005474163771548,-2.009137169773556,-1.9178122688435995,False,False,False
transform,17,64,fp16,1,128,0.8759999648,0.8759999648,0.0,0.8759999648,0.8759999648,0.0,0.877599977,0.877599977,0.0,0.0,0.0,False,False,False
transform,17,64,fp16,1,256,0.8887999691,0.8759999648,-1.4611877641938609,0.8871999569,0.8759999648,-1.2785379623339477,0.8903999813,0.877599977,-1.458523773411624,-1.4611877641938609,-1.2785379623339477,False,False,False
transform,4096,16,bf16,0.25,32,2.931199968,1.502399985,-95.10117127696856,2.930399962,1.503199991,-94.94411785158134,2.941600047,1.511199959,-94.6532640820433,-95.10117127696856,-94.6532640820433,False,True,True
transform,4096,16,bf16,0.25,64,1.984775066,1.502399985,-32.106967905753805,1.984800026,1.503199991,-32.038320774577485,1.991174929,1.511199959,-31.761182042223712,-32.106967905753805,-31.761182042223712,False,True,True
transform,4096,16,bf16,0.25,128,1.502399985,1.502399985,0.0,1.503199991,1.503199991,0.0,1.511199959,1.511199959,0.0,0.0,0.0,False,False,False
transform,4096,16,bf16,0.25,256,1.284800004,1.502399985,14.483491957702599,1.283999998,1.503199991,14.582224209180417,1.289600041,1.511199959,14.663838275024732,14.483491957702599,14.663838275024732,True,False,False
transform,4096,16,bf16,1,32,2.930375002,1.502399985,-95.04626139889105,2.92879995,1.503199991,-94.83767745711755,2.940000035,1.511199959,-94.54738716016602,-95.04626139889105,-94.54738716016602,False,True,True
transform,4096,16,bf16,1,64,1.98400002,1.502399985,-32.05538071141554,1.98400002,1.503199991,-31.985100577345605,1.990400068,1.511199959,-31.70990749080611,-32.05538071141554,-31.70990749080611,False,True,True
transform,4096,16,bf16,1,128,1.502399985,1.502399985,0.0,1.503199991,1.503199991,0.0,1.511199959,1.511199959,0.0,0.0,0.0,False,False,False
transform,4096,16,bf16,1,256,1.283999998,1.502399985,14.536740493910482,1.283199992,1.503199991,14.635444406412324,1.288800035,1.511199959,14.716776735963377,14.536740493910482,14.716776735963377,True,False,False
transform,4096,16,fp16,0.25,32,2.927999943,1.503999997,-94.68084766226235,2.927999943,1.503199991,-94.78445719336091,2.931999974,1.504800003,-94.84316641113139,-94.84316641113139,-94.68084766226235,False,True,True
transform,4096,16,fp16,0.25,64,1.98400002,1.503999997,-31.914895209936645,1.983875036,1.503199991,-31.976786048291018,1.986400038,1.504800003,-32.00425531897078,-32.00425531897078,-31.914895209936645,False,True,True
transform,4096,16,fp16,0.25,128,1.503999997,1.503999997,0.0,1.503199991,1.503199991,0.0,1.504800003,1.504800003,0.0,0.0,0.0,False,False,False
transform,4096,16,fp16,0.25,256,1.282325014,1.503999997,14.739028154399659,1.280725002,1.503199991,14.800092491485383,1.28159998,1.504800003,14.832537384039334,14.739028154399659,14.832537384039334,True,False,False
transform,4096,16,fp16,1,32,2.920800075,1.500799973,-94.61621318939083,2.927925065,1.503199991,-94.7794759533098,2.931150049,1.504800003,-94.78668548354597,-94.78668548354597,-94.61621318939083,False,True,True
transform,4096,16,fp16,1,64,1.979999989,1.500799973,-31.929639167177683,1.98400002,1.503199991,-31.985100577345605,1.986400038,1.504800003,-32.00425531897078,-32.00425531897078,-31.929639167177683,False,True,True
transform,4096,16,fp16,1,128,1.500799973,1.500799973,0.0,1.503199991,1.503199991,0.0,1.504800003,1.504800003,0.0,0.0,0.0,False,False,False
transform,4096,16,fp16,1,256,1.279999968,1.500799973,14.71215411595692,1.280799974,1.503199991,14.795104998108,1.28159998,1.504800003,14.832537384039334,14.71215411595692,14.832537384039334,True,False,False
transform,4096,256,bf16,0.0625,32,3.071199916,2.44880002,-25.416526091011704,3.061600029,2.446400002,-25.147156086374146,3.071925044,2.446400002,-25.569205423831587,-25.569205423831587,-25.147156086374146,False,True,True
transform,4096,256,bf16,0.0625,64,2.450400032,2.44880002,-0.06533861429811605,2.443999983,2.446400002,0.09810411208460712,2.451149933,2.446400002,-0.19416003090733103,-0.19416003090733103,0.09810411208460712,False,False,False
transform,4096,256,bf16,0.0625,128,2.44880002,2.44880002,0.0,2.446400002,2.446400002,0.0,2.446400002,2.446400002,0.0,0.0,0.0,False,False,False
transform,4096,256,bf16,0.0625,256,2.398400009,2.44880002,2.058151363458427,2.391199954,2.446400002,2.256378677030413,2.397600003,2.446400002,1.9947677795987828,1.9947677795987828,2.256378677030413,False,False,False
transform,4096,256,bf16,1,32,3.057499975,2.433449961,-25.644661858736285,3.059200011,2.43439991,-25.665466813133442,3.071199916,2.446375042,-25.540845670547018,-25.665466813133442,-25.540845670547018,False,True,True
transform,4096,256,bf16,1,64,2.436799929,2.433449961,-0.1376633197184507,2.439199947,2.43439991,-0.1971753687749711,2.449600026,2.446375042,-0.13182704796412814,-0.1971753687749711,-0.13182704796412814,False,False,False
transform,4096,256,bf16,1,128,2.433449961,2.433449961,0.0,2.43439991,2.43439991,0.0,2.446375042,2.446375042,0.0,0.0,0.0,False,False,False
transform,4096,256,bf16,1,256,2.386399917,2.433449961,1.933470782389357,2.387199923,2.43439991,1.938875646770788,2.396799996,2.446375042,2.02646957841226,1.933470782389357,2.02646957841226,False,False,False
transform,4096,256,fp16,0.0625,32,3.040000051,2.423200011,-25.453946731597288,3.040000051,2.422400005,-25.49537833244844,3.043200076,2.42557507,-25.463034050725142,-25.49537833244844,-25.453946731597288,False,True,True
transform,4096,256,fp16,0.0625,64,2.437599935,2.423200011,-0.5942523908316399,2.438399941,2.422400005,-0.6604993381347013,2.438399941,2.42557507,-0.5287352743116758,-0.6604993381347013,-0.5287352743116758,False,False,False
transform,4096,256,fp16,0.0625,128,2.423200011,2.423200011,0.0,2.422400005,2.422400005,0.0,2.42557507,2.42557507,0.0,0.0,0.0,False,False,False
transform,4096,256,fp16,0.0625,256,2.39599999,2.423200011,1.1224835290742363,2.394399978,2.422400005,1.1558795798466859,2.397600003,2.42557507,1.1533375052374617,1.1224835290742363,1.1558795798466859,False,False,False
transform,4096,256,fp16,1,32,3.030399978,2.413599938,-25.5551895858559,3.029599972,2.412674949,-25.570167388512168,3.032799996,2.411999926,-25.737980474548316,-25.737980474548316,-25.5551895858559,False,True,True
transform,4096,256,fp16,1,64,2.426400036,2.413599938,-0.530332214484841,2.426400036,2.412674949,-0.5688742698509275,2.42960006,2.411999926,-0.7296904867317933,-0.7296904867317933,-0.530332214484841,False,False,False
transform,4096,256,fp16,1,128,2.413599938,2.413599938,0.0,2.412674949,2.412674949,0.0,2.411999926,2.411999926,0.0,0.0,0.0,False,False,False
transform,4096,256,fp16,1,256,2.384700067,2.413599938,1.1973761908507408,2.384000085,2.412674949,1.1885092109853113,2.384800091,2.411999926,1.1276880528395261,1.1276880528395261,1.1973761908507408,False,False,False
transform,4096,64,bf16,0.125,32,2.95199994,1.535999961,-92.18750097351077,2.951174974,1.535850018,-92.15255001546643,2.960800007,1.54395001,-91.7678673417671,-92.18750097351077,-91.7678673417671,False,True,True
transform,4096,64,bf16,0.125,64,2.011149935,1.535999961,-30.93424388439814,2.011149935,1.535850018,-30.94702682094834,2.018399909,1.54395001,-30.729615332558602,-30.94702682094834,-30.729615332558602,False,True,True
transform,4096,64,bf16,0.125,128,1.535999961,1.535999961,0.0,1.535850018,1.535850018,0.0,1.54395001,1.54395001,0.0,0.0,0.0,False,False,False
transform,4096,64,bf16,0.125,256,1.392799988,1.535999961,9.32291514556881,1.392799988,1.535850018,9.314062462054817,1.397600025,1.54395001,9.478932870371892,9.314062462054817,9.478932870371892,True,False,False
transform,4096,64,bf16,1,32,2.952799946,1.536775008,-92.14263185102499,2.95199994,1.537599973,-91.98751247636758,2.960800007,1.544000022,-91.76165575210075,-92.14263185102499,-91.76165575210075,False,True,True
transform,4096,64,bf16,1,64,2.011200041,1.536775008,-30.871469833273068,2.011175081,1.537599973,-30.799630353531505,2.019174956,1.544000022,-30.775578188430885,-30.871469833273068,-30.775578188430885,False,True,True
transform,4096,64,bf16,1,128,1.536775008,1.536775008,0.0,1.537599973,1.537599973,0.0,1.544000022,1.544000022,0.0,0.0,0.0,False,False,False
transform,4096,64,bf16,1,256,1.392799988,1.536775008,9.368646630151344,1.394400001,1.537599973,9.313213743143066,1.397600025,1.544000022,9.481864955569286,9.313213743143066,9.481864955569286,True,False,False
transform,4096,64,fp16,0.125,32,2.950399928,1.537599973,-91.88345342147062,2.949599922,1.536799967,-91.93128483454736,2.953599952,1.538399979,-91.9916791678531,-91.9916791678531,-91.88345342147062,False,True,True
transform,4096,64,fp16,0.125,64,2.009600028,1.537599973,-30.69719454267965,2.010400034,1.536799967,-30.817287686732485,2.012800053,1.538399979,-30.837238720477124,-30.837238720477124,-30.69719454267965,False,True,True
transform,4096,64,fp16,0.125,128,1.537599973,1.537599973,0.0,1.536799967,1.536799967,0.0,1.538399979,1.538399979,0.0,0.0,0.0,False,False,False
transform,4096,64,fp16,0.125,256,1.391999982,1.537599973,9.469302390524959,1.391925011,1.536799967,9.427053560055153,1.396000013,1.538399979,9.256368171076268,9.256368171076268,9.469302390524959,True,False,False
transform,4096,64,fp16,1,32,2.949599922,1.537599973,-91.83142389402212,2.949474938,1.537599973,-91.8232953819127,2.953599952,1.539199986,-91.89189051876718,-91.89189051876718,-91.8232953819127,False,True,True
transform,4096,64,fp16,1,64,2.01030001,1.537599973,-30.742718867100272,2.008800022,1.537599973,-30.645165015231157,2.012800053,1.539199986,-30.769235402007066,-30.769235402007066,-30.645165015231157,False,True,True
transform,4096,64,fp16,1,128,1.537599973,1.537599973,0.0,1.537599973,1.537599973,0.0,1.539199986,1.539199986,0.0,0.0,0.0,False,False,False
transform,4096,64,fp16,1,256,1.391999982,1.537599973,9.469302390524959,1.391199976,1.537599973,9.521331917973441,1.396000013,1.539199986,9.303532633997824,9.303532633997824,9.521331917973441,True,False,False
