dtype,dim,rows,normalized,mode,shape,scale,scope,run1_original_us,run1_original_ms,run1_contiguous256_us,run1_contiguous256_ms,run1_original_over_contiguous256,run1_time_reduction_percent,run1_original_range_percent,run1_contiguous256_range_percent,run1_contiguous256_population_cv_percent,run2_original_us,run2_original_ms,run2_contiguous256_us,run2_contiguous256_ms,run2_original_over_contiguous256,run2_time_reduction_percent,run2_original_range_percent,run2_contiguous256_range_percent,run2_contiguous256_population_cv_percent,run3_original_us,run3_original_ms,run3_contiguous256_us,run3_contiguous256_ms,run3_original_over_contiguous256,run3_time_reduction_percent,run3_original_range_percent,run3_contiguous256_range_percent,run3_contiguous256_population_cv_percent,stable_at_least_5_percent,any_run_regression,every_run_regression,any_run_regression_over_3_percent,every_run_regression_over_3_percent,minimum_time_reduction_percent,maximum_time_reduction_percent,maximum_regression_percent,run1_dao_us,run1_dao_over_original,run1_dao_over_contiguous256,run1_time_reduction_vs_dao_percent,run1_near_tie_with_dao,run2_dao_us,run2_dao_over_original,run2_dao_over_contiguous256,run2_time_reduction_vs_dao_percent,run2_near_tie_with_dao,run3_dao_us,run3_dao_over_original,run3_dao_over_contiguous256,run3_time_reduction_vs_dao_percent,run3_near_tie_with_dao,all_runs_no_slower_than_dao,all_runs_faster_than_dao_by_more_than_1_percent,any_run_near_tie_with_dao
bf16,256,1,False,fused_int4,"[1, 256]",1.0,cuda_graph,1.5111999586224556,0.0015111999586224557,1.4119749888777733,0.0014119749888777734,1.0702738862418133,6.565972238057194,0.10587077122410375,0.16996938057904754,0.055831931617127004,1.5007499605417252,0.0015007499605417252,1.4015999622642994,0.0014015999622642994,1.0707405828673453,6.6066967105989916,0.05330708729826774,0.23544202108167245,0.08677851548689912,1.5023999847471714,0.0015023999847471714,1.4055999927222729,0.0014055999927222729,1.0688673822752537,6.44302402873016,0.05324854231340555,0.11383126006500573,0.042596606332174713,True,False,False,False,False,6.44302402873016,6.6066967105989916,0.0,,,,,,,,,,,,,,,,,,
bf16,256,1,False,transform,"[1, 256]",1.0,cuda_graph,1.095999963581562,0.001095999963581562,1.1095999740064144,0.0011095999740064143,0.9877433212477943,-1.2408769048138923,0.28969571413154593,0.21629581209509058,0.0736872571919047,1.0847999714314938,0.0010847999714314938,1.0999999940395355,0.0010999999940395355,0.9861817975541776,-1.4011820619781012,0.14749375233463807,0.21818348070807608,0.08476517372219186,1.0871999897062778,0.001087199989706278,1.1039000004529953,0.0011039000004529954,0.9848718083704462,-1.5360569264932789,0.2943363131601312,0.14494176850555418,0.06491647301346572,False,True,True,False,False,-1.5360569264932789,-1.2408769048138923,1.5360569264932789,1.063199993222952,0.9700730187513649,0.958183145394347,-4.3641818170828905,False,1.0544000193476677,0.9719764446124473,0.9585454773282218,-4.324731966533868,False,1.0576000437140465,0.9727741480201557,0.9580578342966308,-4.377832339752374,False,False,False,False
bf16,256,1,True,fused_int4,"[1, 256]",0.0625,cuda_graph,1.5111999586224556,0.0015111999586224557,1.4127999544143677,0.0014127999544143676,1.0696489293481586,6.511382140175881,0.1588092382370295,0.17341005406522844,0.06865318195008517,1.5056000091135502,0.0015056000091135501,1.4047999866306782,0.0014047999866306782,1.071754003019771,6.695006766253931,0.10627073415942849,0.17084412710882613,0.06831430864667087,1.5111999586224556,0.0015111999586224557,1.4096000231802464,0.0014096000231802464,1.0720771380330898,6.723129845425834,0.10587077122410375,0.22701648082830622,0.08492251043160441,True,False,False,False,False,6.511382140175881,6.723129845425834,0.0,,,,,,,,,,,,,,,,,,
bf16,256,1,True,transform,"[1, 256]",0.0625,cuda_graph,1.0951999574899673,0.0010951999574899673,1.110399980098009,0.001110399980098009,0.9863112185874678,-1.3878764790018705,0.14608465239523047,0.1440933187920417,0.045566308299559405,1.0904000140726566,0.0010904000140726567,1.104000024497509,0.001104000024497509,0.9876811502508412,-1.247249656028182,0.14673625848676652,0.1471978917016967,0.058292833553138794,1.0959000326693058,0.0010959000326693058,1.107999961823225,0.001107999961823225,0.989079485946905,-1.1041088414284639,0.14599982986515753,0.0022526575685637936,0.001103582265611754,False,True,True,False,False,-1.3878764790018705,-1.1041088414284639,1.3878764790018705,1.0648000054061413,0.9722425554567239,0.9589337396351151,-4.282491966599378,False,1.0576000437140465,0.9699193232434931,0.9579710328316507,-4.387289983509879,False,1.061525009572506,0.968633066819907,0.9580550958014077,-4.378130692317406,False,False,False,False
bf16,256,17,False,fused_int4,"[17, 256]",1.0,cuda_graph,1.565600000321865,0.001565600000321865,1.4688000082969666,0.0014688000082969666,1.0659041336316,6.182932550140386,0.2554950470842572,0.16339993608570602,0.055557401609217974,1.4175999909639359,0.0014175999909639358,1.3415999710559845,0.0013415999710559845,1.0566487936401274,5.361175253413553,0.16930151594824222,0.2981537376469249,0.11057218662916923,1.5584000386297703,0.0015584000386297703,1.4599749818444252,0.0014599749818444252,1.0674155776703804,6.315776074536405,0.11069017132593881,0.16438125121121852,0.06395507670116317,True,False,False,False,False,5.361175253413553,6.315776074536405,0.0,,,,,,,,,,,,,,,,,,
bf16,256,17,False,transform,"[17, 256]",1.0,cuda_graph,1.1512000113725662,0.0011512000113725663,1.1607999913394451,0.0011607999913394451,0.9917298586849561,-0.8339106907611082,0.20847969519411022,0.1378370257690251,0.051566784751723646,1.0456000454723835,0.0010456000454723835,1.0639999993145466,0.0010639999993145466,0.9827068102875782,-1.7597506734853274,0.23909229899764364,0.3007541699661949,0.11249807190147036,1.1471999809145927,0.0011471999809145928,1.154400035738945,0.001154400035738945,0.9937629464644434,-0.6276198521736553,0.07191122300548645,0.28152660739462354,0.1078548512687313,False,True,True,False,False,-1.7597506734853274,-0.6276198521736553,1.7597506734853274,1.0688000358641148,0.9284225376177623,0.9207443520315918,-8.60777997644333,False,0.9816000238060951,0.9387911066536208,0.9225564139459254,-8.39445532906067,False,1.0727999731898308,0.9351464357021281,0.929313877319069,-7.606270002644311,False,False,False,False
bf16,256,17,True,fused_int4,"[17, 256]",0.0625,cuda_graph,1.548799965530634,0.001548799965530634,1.464799977838993,0.001464799977838993,1.0573457051901143,5.423553045009378,0.1549538478782435,0.21675757573830903,0.07189946324850861,1.5552000142633915,0.0015552000142633915,1.4600000344216824,0.0014600000344216824,1.06520546410769,6.121397824626429,0.5626321312393506,0.6575328589414396,0.23069018008956693,1.4214499853551388,0.0014214499853551388,1.339150033891201,0.001339150033891201,1.0614568564993399,5.789859109490636,0.9004892514779328,1.726843022755246,0.6710551847316377,True,False,False,False,False,5.423553045009378,6.121397824626429,0.0,,,,,,,,,,,,,,,,,,
bf16,256,17,True,transform,"[17, 256]",0.0625,cuda_graph,1.1408000253140926,0.0011408000253140926,1.1607999913394451,0.0011607999913394451,0.9827705322410671,-1.7531526631800354,0.07889464552392486,0.20675553865353766,0.08266803131472725,1.0456000454723835,0.0010456000454723835,1.059999968856573,0.0010599999688565731,0.9864151662195586,-1.377192306613173,0.07650276631117092,0.07782693970116669,0.03424690059634939,1.0463999584317207,0.0010463999584317206,1.0607999749481678,0.0010607999749481678,0.9864253234761335,-1.3761484220650155,0.84097613005194,1.3574676523866502,0.5181041646263842,False,True,True,False,False,-1.7531526631800354,-1.3761484220650155,1.7531526631800354,1.0688000358641148,0.9368864061603134,0.9207443520315918,-8.60777997644333,False,0.9816000238060951,0.9387911066536208,0.9260377855151747,-7.98695427354279,False,0.9814499877393246,0.9379300714138605,0.9251979740924104,-8.084975108269976,False,False,False,False
bf16,256,64,False,fused_int4,"[64, 256]",1.0,cuda_graph,1.4535999856889248,0.0014535999856889249,1.363999955356121,0.001363999955356121,1.0656891739482575,6.164008751715722,0.27518096431995287,0.17595442473144932,0.06836670728721325,1.5760000795125961,0.001576000079512596,1.4791999943554401,0.00147919999435544,1.065440836618808,6.142137073184218,0.10152361056252117,0.21633480114858922,0.07945210495242472,1.5863999724388123,0.0015863999724388123,1.4895999804139137,0.0014895999804139138,1.0649838837927488,6.101865463101685,0.10085805666837308,0.16111830735370963,0.05475792953967819,True,False,False,False,False,6.101865463101685,6.164008751715722,0.0,,,,,,,,,,,,,,,,,,
bf16,256,64,False,transform,"[64, 256]",1.0,cuda_graph,1.0751999914646149,0.0010751999914646148,1.0816000401973724,0.0010816000401973724,0.9940827954004239,-0.5952426323999171,0.453404767068877,0.5177467918625004,0.20031180980253616,1.1624000035226345,0.0011624000035226345,1.1719999834895134,0.0011719999834895133,0.9918088906978515,-0.8258757689079799,0.20647094524353676,0.07039749833402918,0.027369005156158165,1.172799989581108,0.001172799989581108,1.184799987822771,0.0011847999878227711,0.989871709685181,-1.023192219327096,0.3410667201150113,0.13504491894278536,0.05399609188355922,False,True,True,False,False,-1.023192219327096,-0.5952426323999171,1.023192219327096,1.0328000411391258,0.9605655220776809,0.9548816593522487,-4.725019085439097,False,1.1312000453472137,0.9731590174803254,0.9651877655997726,-3.606783637440225,False,1.1296000331640244,0.963165111868296,0.9534098959941888,-4.886681395018289,False,False,False,False
bf16,256,64,True,fused_int4,"[64, 256]",0.0625,cuda_graph,1.5799999237060547,0.0015799999237060547,1.488799974322319,0.001488799974322319,1.0612573555592977,5.772148973894675,0.10126659876263769,0.161204884213982,0.06793344319850382,1.5744000673294067,0.0015744000673294067,1.4791999943554401,0.00147919999435544,1.064359162613065,6.046752343923023,0.19690041852726106,0.3245022017228838,0.12604834161761838,1.5863999724388123,0.0015863999724388123,1.4903999865055084,0.0014903999865055085,1.064412229470286,6.051436434767499,0.19541101712825765,0.0553519554524863,0.02671767421763,True,False,False,False,False,5.772148973894675,6.051436434767499,0.0,,,,,,,,,,,,,,,,,,
bf16,256,64,True,transform,"[64, 256]",0.0625,cuda_graph,1.1719999834895134,0.0011719999834895133,1.1864000000059605,0.0011864000000059605,0.9878624270765554,-1.2286703685415068,0.2730396255511054,0.21282887426540795,0.08013941182298334,1.1624000035226345,0.0011624000035226345,1.1735999956727028,0.0011735999956727027,0.9904567210366694,-0.9635230657369931,0.13764729682902452,0.13633369027683676,0.05100444230520771,1.172799989581108,0.001172799989581108,1.185575034469366,0.001185575034469366,0.9892246002852314,-1.089277370544739,0.2728533760920091,0.1349566359505468,0.05054251500511309,False,True,True,False,False,-1.2286703685415068,-0.9635230657369931,1.2286703685415068,1.122399978339672,0.9576791758971172,0.9460552750624015,-5.702069039680624,False,1.118400041013956,0.9621473138546651,0.9529652736347308,-4.935618082479842,False,1.1288000270724297,0.962482978428066,0.9521118396168425,-5.029678068327459,False,False,False,False
bf16,256,257,False,fused_int4,"[257, 256]",1.0,cuda_graph,1.4936000108718872,0.0014936000108718873,1.4047999866306782,0.0014047999866306782,1.0632118629600718,5.9453684784972705,0.22261702140395756,0.11389608473921742,0.0360242434426018,1.63199994713068,0.0016319999471306802,1.5344000421464443,0.0015344000421464443,1.0636078612509063,5.980386528555481,0.09803996538127788,0.1564080472240743,0.06254365422798161,1.640000008046627,0.0016400000080466271,1.551199983805418,0.001551199983805418,1.05724601931942,5.414635597897166,0.14634257701271017,0.15472010700363348,0.05649579513700207,True,False,False,False,False,5.414635597897166,5.980386528555481,0.0,,,,,,,,,,,,,,,,,,
bf16,256,257,False,transform,"[257, 256]",1.0,cuda_graph,1.1127999983727932,0.0011127999983727931,1.1264000087976456,0.0011264000087976456,0.9879261272029202,-1.222143282237531,1.1502520086246095,1.7733492919335758,0.679418394721976,1.2160000391304493,0.0012160000391304494,1.2264000251889229,0.0012264000251889229,0.9915199071715026,-0.8552619838656073,0.2631522311799895,0.06727484115346091,0.0324724646652522,1.2248000130057335,0.0012248000130057335,1.2439999729394913,0.0012439999729394913,0.9845659482705699,-1.5675995860450653,0.12450584319745969,0.19292751824688553,0.07445150988281968,False,True,True,False,False,-1.5675995860450653,-0.8552619838656073,1.5675995860450653,1.3470999896526337,1.210549956526284,1.1959339303366752,16.38334069855485,False,1.4655999839305878,1.2052631058948198,1.1950423628740687,16.320958062523673,False,1.4671999961137772,1.1979098469416076,1.1794212443967171,15.212651565259227,False,True,True,False
bf16,256,257,True,fused_int4,"[257, 256]",0.0625,cuda_graph,1.501575019210577,0.001501575019210577,1.42000000923872,0.0014200000092387199,1.0574471897472666,5.432629667397071,0.21311118828156403,0.3380307407280608,0.1293847278765724,1.4976000413298607,0.0014976000413298607,1.4087500050663948,0.0014087500050663948,1.0630701231190258,5.932828112408939,0.16025140733807045,0.17036509431430133,0.06578052286499114,1.637599989771843,0.001637599989771843,1.544800028204918,0.0015448000282049178,1.060072475318867,5.66682719507432,0.19540940317327582,0.10357406486123849,0.04144250304999213,True,False,False,False,False,5.432629667397071,5.932828112408939,0.0,,,,,,,,,,,,,,,,,,
bf16,256,257,True,transform,"[257, 256]",0.0625,cuda_graph,1.1215999722480774,0.0011215999722480774,1.1384000070393085,0.0011384000070393085,0.9852424150673331,-1.4978633387051632,3.7089905844746798,2.3190455547140965,1.097992972558821,1.1176000349223614,0.0011176000349223613,1.1272000148892403,0.0011272000148892403,0.9914833393895739,-0.8589817167951042,0.13644841947247444,0.21291858082701642,0.07774687308729591,1.22079998254776,0.00122079998254776,1.2384000234305859,0.0012384000234305858,0.9857880809513628,-1.4416809579318013,0.1310625987928204,0.2503230186702949,0.08305446687685486,False,True,True,False,False,-1.4978633387051632,-0.8589817167951042,1.4978633387051632,1.3439999893307686,1.1982881799086746,1.1806043403198616,15.2976178514582,False,1.348000019788742,1.2061560286926676,1.1958836071530727,16.379822081464468,False,1.4696000143885612,1.2038008153649917,1.1866924956263412,15.73217125029548,False,True,True,False
bf16,256,4096,False,fused_int4,"[4096, 256]",1.0,cuda_graph,3.389599919319153,0.003389599919319153,3.055199980735779,0.003055199980735779,1.109452716906224,9.865469274926786,0.3075540659473993,0.3665909057654696,0.161246689290471,3.386399894952774,0.0033863998949527742,3.057599999010563,0.003057599999010563,1.1075352878233289,9.709423167425314,0.18972975363403927,0.2616451111504374,0.09180861909484053,3.096799924969673,0.0030967999249696732,2.786399982869625,0.0027863999828696253,1.111398199830728,10.023248179427924,0.5941602392134931,0.22968880175510054,0.08240689819501702,True,False,False,False,False,9.709423167425314,10.023248179427924,0.0,,,,,,,,,,,,,,,,,,
bf16,256,4096,False,transform,"[4096, 256]",1.0,cuda_graph,2.810399979352951,0.002810399979352951,2.550400048494339,0.002550400048494339,1.101944763925215,9.251349728463666,0.33803192159181134,0.3136786685943602,0.10497696127573236,2.8015999123454094,0.0028015999123454094,2.5488000363111496,0.0025488000363111498,1.0991838796424902,9.023411048818309,0.1427699999501362,0.19127044411604233,0.06960079615535684,2.6071999222040176,0.0026071999222040177,2.395999990403652,0.002395999990403652,1.0881468834082861,8.100641995333667,1.0432656359820303,0.2337246520697789,0.0828367141793345,True,False,False,False,False,8.100641995333667,9.251349728463666,0.0,3.359999880194664,1.1955593171361498,1.317440329480186,24.095233945467285,False,3.367200121283531,1.2018847182446617,1.3210923074831884,24.305062232547638,False,3.1176000833511353,1.19576563991136,1.3011686543562613,23.14601211364573,False,True,True,False
bf16,256,4096,True,fused_int4,"[4096, 256]",0.0625,cuda_graph,3.094400092959404,0.003094400092959404,2.8008000925183296,0.00280080009251833,1.1048271889255348,9.488107278341085,0.12926073142769362,0.11424728635261996,0.040267479250474796,3.097599931061268,0.003097599931061268,2.8008000925183296,0.00280080009251833,1.105969661789061,9.581606571164002,0.1549538478782435,0.17227205923966865,0.06274187568813136,3.3959999680519104,0.0033959999680519106,3.070399910211563,0.003070399910211563,1.1060448369469604,9.587752087851909,0.14134383376692672,0.26054829616252867,0.0917482448317841,True,False,False,False,False,9.488107278341085,9.587752087851909,0.0,,,,,,,,,,,,,,,,,,
bf16,256,4096,True,transform,"[4096, 256]",0.0625,cuda_graph,2.6095500215888023,0.0026095500215888023,2.3903999477624893,0.0023903999477624892,1.0916792497554422,8.39800241471843,0.3065614602229921,0.16733728854527755,0.05836422623403694,2.606399916112423,0.002606399916112423,2.393599972128868,0.002393599972128868,1.0889037209481125,8.164516222857953,0.24554414802883984,0.13369085910928893,0.05349780014430082,2.810399979352951,0.002810399979352951,2.5520000606775284,0.0025520000606775286,1.1012538842208415,9.194417896875839,0.31312507373301823,0.25077830392149564,0.08501097483477421,True,False,False,False,False,8.164516222857953,9.194417896875839,0.0,3.110400028526783,1.1919296441127587,1.3012048596462875,23.14815053243541,False,3.1088000163435936,1.1927563368635024,1.2987968133951082,23.00566264972894,False,3.364799916744232,1.1972672720837845,1.3184952338327587,24.15596398531672,False,True,True,False
bf16,256,16384,False,fused_int4,"[16384, 256]",1.0,cuda_graph,8.65280032157898,0.00865280032157898,7.344000041484833,0.007344000041484833,1.1782135447577597,15.125742319861068,5.085058955058866,5.39215477404268,2.4874805498602908,8.768799901008606,0.008768799901008605,7.348000258207321,0.007348000258207321,1.1933586816650323,16.20289730454291,4.890068078907774,5.216045029571645,2.3893868026950282,8.792000263929367,0.008792000263929367,7.622324675321579,0.007622324675321579,1.153453918381985,13.303862073418893,4.740669042118236,5.604588079715667,2.4203868357276512,True,False,False,False,False,13.303862073418893,16.20289730454291,0.0,,,,,,,,,,,,,,,,,,
bf16,256,16384,False,transform,"[16384, 256]",1.0,cuda_graph,8.83999988436699,0.008839999884366989,8.860799670219421,0.00886079967021942,0.9976526062402314,-0.2352916982410358,0.09050264196411467,0.08097360714464695,0.029244353797732662,8.83679986000061,0.00883679986000061,8.850400149822235,0.008850400149822236,0.9984633135687206,-0.1539051470791586,0.11768423594449905,0.18077574463292018,0.0573407585030505,8.83679986000061,0.00883679986000061,8.846350014209747,0.008846350014209747,0.9989204412900465,-0.10807254164899582,0.12673946372816375,0.225513059897906,0.0883473323781628,False,True,True,False,False,-0.2352916982410358,-0.10807254164899582,0.2352916982410358,9.627199918031693,1.0890497787287101,1.086493350074045,7.960780438108572,False,9.593524783849716,1.085633366811258,1.083965088747135,7.746106366228389,False,8.96880030632019,1.0149375846925168,1.0138418999829029,1.36529176621486,False,True,True,False
bf16,256,16384,True,fused_int4,"[16384, 256]",0.0625,cuda_graph,8.636000007390976,0.008636000007390976,7.447899878025055,0.007447899878025055,1.159521495834201,13.757528118910434,2.0472445835978696,3.909826755666689,1.2404696746288464,9.28720012307167,0.00928720012307167,8.006399869918823,0.008006399869918824,1.1599720565999951,13.791026748427948,0.41347544887236487,0.5895305493909925,0.22604793621917676,8.557599782943726,0.008557599782943726,7.3527999222278595,0.007352799922227859,1.1638559288242971,14.078712387522142,5.29997172164346,5.669951881497586,2.3371038583610515,True,False,False,False,False,13.757528118910434,14.078712387522142,0.0,,,,,,,,,,,,,,,,,,
bf16,256,16384,True,transform,"[16384, 256]",0.0625,cuda_graph,8.851200342178345,0.008851200342178345,8.853600174188614,0.008853600174188615,0.9997289428071006,-0.027113068482176317,0.29826900608423657,0.8584038795933823,0.3239182784658663,8.832000195980072,0.008832000195980072,8.850400149822235,0.008850400149822236,0.9979210031715309,-0.20833280609005023,0.11774819029011879,0.08078252982665093,0.029840913493098416,8.851999789476395,0.008851999789476395,8.853600174188614,0.008853600174188615,0.9998192391026551,-0.018079357775424576,0.24401241213562583,0.13553701176149222,0.044722966496779155,False,True,True,False,False,-0.20833280609005023,-0.018079357775424576,0.20833280609005023,8.963999897241592,1.0127439839459658,1.0124694724045515,1.2315899633929095,False,8.953575044870377,1.0137652679112983,1.0116576531344985,1.1523318286950857,False,8.963199704885483,1.0125621235939575,1.0123790919558793,1.2227723838076576,False,True,True,False
fp16,256,1,False,fused_int4,"[1, 256]",1.0,cuda_graph,1.515199989080429,0.0015151999890804292,1.4248000457882881,0.001424800045788288,1.0634474595641425,5.966205381707034,0.15839613860086238,0.11404909994160278,0.04240074252182335,1.3767999596893787,0.0013767999596893787,1.295199990272522,0.0012951999902725219,1.0630018298561656,5.926784704095034,0.17976393190765486,0.06176699332945235,0.024703745579604083,1.3911999762058258,0.001391199976205826,1.3088000006973743,0.0013088000006973744,1.0629584164612973,5.922942561656608,0.22463002821816405,0.2445006391101543,0.08294462079569745,True,False,False,False,False,5.922942561656608,5.966205381707034,0.0,,,,,,,,,,,,,,,,,,
fp16,256,1,False,transform,"[1, 256]",1.0,cuda_graph,1.0759999975562096,0.0010759999975562095,1.1176000349223614,0.0011176000349223613,0.9627773478290543,-3.8661744851889335,0.06738240018446419,0.28632168344050013,0.09649849132014202,0.976799987256527,0.000976799987256527,1.015899982303381,0.001015899982303381,0.9615119640437424,-4.0028660480096345,0.16380141319240182,0.3149940370235337,0.11625751908922334,0.9879999794065952,0.0009879999794065951,1.0255999863147736,0.0010255999863147736,0.9633385263164013,-3.8056687947262358,0.08097227816494383,0.3120148604795948,0.12074864740973353,False,True,True,True,True,-4.0028660480096345,-3.8056687947262358,4.0028660480096345,1.059150043874979,0.984340191710502,0.94770043913658,-5.518575142907856,False,0.9631499648094177,0.9860257753632378,0.9480755798672607,-5.476822864692843,False,0.9727999567985535,0.9846153614120812,0.948517911251205,-5.4276348541361985,False,False,False,False
fp16,256,1,True,fused_int4,"[1, 256]",0.0625,cuda_graph,1.5159999951720238,0.0015159999951720239,1.4240000396966934,0.0014240000396966933,1.0646067085046753,6.068598665456526,0.10554170107420319,0.16853406429945056,0.07101995887656436,1.5119999647140503,0.0015119999647140504,1.4255999587476254,0.0014255999587476254,1.060606066545012,5.714286242246369,0.1587313710842566,0.21920313252604334,0.07424077385845239,1.5143250115215778,0.001514325011521578,1.4271999709308147,0.0014271999709308148,1.0610461339443136,5.753391110090744,0.26414609991512267,0.0,0.0,True,False,False,False,False,5.714286242246369,6.068598665456526,0.0,,,,,,,,,,,,,,,,,,
fp16,256,1,True,transform,"[1, 256]",0.0625,cuda_graph,1.0768000036478043,0.0010768000036478042,1.1176000349223614,0.0011176000349223613,0.9634931728707475,-3.7890073492144793,0.07429477051305426,0.06710755600414295,0.026839420145876064,0.9879999794065952,0.0009879999794065951,1.0280000045895576,0.0010280000045895577,0.961089469840097,-4.048585629221058,0.0,0.007292944253096512,0.002917220251487941,1.0768000036478043,0.0010768000036478042,1.119999960064888,0.001119999960064888,0.9614286089665744,-4.01188301176989,0.22288431153916277,0.14285823573571327,0.057118814615035644,False,True,True,True,True,-4.048585629221058,-3.7890073492144793,4.048585629221058,1.0583999566733837,0.9829122892718352,0.9470292802441705,-5.593356072599165,False,0.9759250096976757,0.9877783704852181,0.9493433904091532,-5.335962740417299,False,1.0623999871313572,0.9866270277974879,0.9485714509041646,-5.42168426498757,False,False,False,False
fp16,256,17,False,fused_int4,"[17, 256]",1.0,cuda_graph,1.4360000379383564,0.0014360000379383564,1.3671999797224998,0.0013671999797224999,1.0503218689557186,4.79109027842588,0.16713218742178854,0.05851419715183678,0.023402940052238412,1.4287750236690044,0.0014287750236690044,1.3647999614477158,0.0013647999614477158,1.0468750469141477,4.477616220992209,0.22396978624117622,0.11723419023929149,0.046877189267743105,1.4336000196635723,0.0014336000196635724,1.3655999675393105,0.0013655999675393105,1.0497950012746353,4.743307142268294,0.22321598231630496,0.0,0.0,False,False,False,False,False,4.477616220992209,4.79109027842588,0.0,,,,,,,,,,,,,,,,,,
fp16,256,17,False,transform,"[17, 256]",1.0,cuda_graph,1.130400039255619,0.001130400039255619,1.184799987822771,0.0011847999878227711,0.9540851205889027,-4.8124510507780105,1.3446587119769693,4.454336384316144,1.6770758537212387,1.0280000045895576,0.0010280000045895577,1.0808000341057777,0.0010808000341057777,0.9511472725295523,-5.1361896187248846,0.15564320778658144,0.222059418860936,0.07494057432915571,1.0328000411391258,0.001032800041139126,1.0824000462889671,0.001082400046288967,0.954175902597292,-4.80247900601698,0.1549108237028439,2.2172944805028867,0.8366458676156349,False,True,True,True,True,-5.1361896187248846,-4.80247900601698,5.1361896187248846,1.0824000462889671,0.9575371626859988,0.913571959329627,-9.460452434835375,False,0.9808000177145004,0.9540856160852816,0.9074759314991931,-10.1957600515038,False,0.9920000098645687,0.9604957110288679,0.9164818620117978,-9.112906807000964,False,False,False,False
fp16,256,17,True,fused_int4,"[17, 256]",0.0625,cuda_graph,1.4295999892055988,0.0014295999892055989,1.3543999753892422,0.001354399975389242,1.0555227519069799,5.2602136530613635,0.006996645584005903,0.22519110713448529,0.07671899500838752,1.4303999952971935,0.0014303999952971936,1.3527999632060528,0.0013527999632060527,1.0573625326742568,5.42505818975606,0.11185767536701915,0.17741117238768933,0.06029393957093722,1.565600000321865,0.001565600000321865,1.4840000309050083,0.0014840000309050082,1.054986501157344,5.212057319882534,0.10219801883370289,0.16172629547187084,0.07193589847202736,True,False,False,False,False,5.212057319882534,5.42505818975606,0.0,,,,,,,,,,,,,,,,,,
fp16,256,17,True,transform,"[17, 256]",0.0625,cuda_graph,1.0312000289559364,0.0010312000289559365,1.0696000419557095,0.0010696000419557095,0.9640987177510197,-3.723818068416085,0.15516021511455574,0.14023822735954997,0.04443739941747062,1.0304000228643417,0.0010304000228643418,1.0664000175893307,0.0010664000175893307,0.9662415658934728,-3.493788230411221,0.3105613640693879,0.15003864936220912,0.05934829646442825,1.1256000027060509,0.001125600002706051,1.172799989581108,0.001172799989581108,0.9597544446671459,-4.193317942571428,0.21322123925144038,0.2046400320690068,0.07959318005271444,False,True,True,True,True,-4.193317942571428,-3.493788230411221,4.193317942571428,0.9783999994397163,0.9487974902699734,0.914734443774667,-9.321345315639729,False,0.9775999933481216,0.9487577364668095,0.9167291609372368,-9.083472263239623,False,1.0808000341057777,0.9601990329668002,0.9215552896549818,-8.512208787210884,False,False,False,False
fp16,256,64,False,fused_int4,"[64, 256]",1.0,cuda_graph,1.5799999237060547,0.0015799999237060547,1.5015999786555767,0.0015015999786555767,1.0522109391082115,4.962022078240535,0.15189989814395655,0.11487717749218569,0.03646181655411853,1.4519999735057354,0.0014519999735057355,1.3783999718725681,0.001378399971872568,1.0533952431333709,5.068870728383423,0.2221063271504075,0.11607749679621379,0.043437264421499915,1.4592000283300877,0.0014592000283300877,1.381599996238947,0.0013815999962389469,1.0561667865535518,5.317984552121102,0.16447493340105504,0.4053302443838707,0.15265601627681058,False,False,False,False,False,4.962022078240535,5.317984552121102,0.0,,,,,,,,,,,,,,,,,,
fp16,256,64,False,transform,"[64, 256]",1.0,cuda_graph,1.1439500376582146,0.0011439500376582146,1.1888000182807446,0.0011888000182807446,0.9622728970955161,-3.9206240785080615,0.13985917201481388,0.06729526239002533,0.0329589390706425,1.0471999645233154,0.0010471999645233153,1.0919749736785889,0.0010919749736785888,0.9589963046456663,-4.275688566858871,0.15278955666482633,0.13965041511328963,0.044265103999644805,1.0568000376224518,0.0010568000376224517,1.095999963581562,0.001095999963581562,0.9642336430094296,-3.7093039897406532,0.24129960737810496,0.510944315235707,0.1760561371603498,False,True,True,True,True,-4.275688566858871,-3.7093039897406532,4.275688566858871,1.1247999966144562,0.9832597225286512,0.9461641817949785,-5.689902370103361,False,1.0255999863147736,0.9793735877193481,0.9392156514904232,-6.471820227135194,False,1.0231999680399895,0.9682058399069946,0.9335766441965261,-7.114933328333262,False,False,False,False
fp16,256,64,True,fused_int4,"[64, 256]",0.0625,cuda_graph,1.4576000161468983,0.0014576000161468984,1.3791999779641628,0.0013791999779641628,1.0568445761567236,5.378707280065931,0.16465547805964156,0.1740152489218246,0.06958188295136539,1.5928000211715698,0.0015928000211715698,1.5039999969303608,0.0015039999969303608,1.0590425694298193,5.57508934334977,0.25113199427454136,0.159575683489527,0.058303487649574756,1.5912000089883804,0.0015912000089883804,1.5104000456631184,0.0015104000456631183,1.0534957368130826,5.077926273808364,0.2011076136439459,0.1588933441453238,0.05188860109568034,True,False,False,False,False,5.077926273808364,5.57508934334977,0.0,,,,,,,,,,,,,,,,,,
fp16,256,64,True,transform,"[64, 256]",0.0625,cuda_graph,1.053600013256073,0.001053600013256073,1.0928000323474407,0.0010928000323474408,0.96412882692988,-3.720578834298127,0.1518614429630342,0.2928194673683857,0.09925619122165312,1.152000017464161,0.001152000017464161,1.1920000426471233,0.0011920000426471234,0.9664429330940856,-3.472224355604814,0.2170175591490881,0.06711460259834301,0.0328881352276261,1.1504000052809715,0.0011504000052809716,1.1983999982476234,0.0011983999982476234,0.9599466012709942,-4.172461121897197,0.20862467522311182,0.06675618264056372,0.026698908421811673,False,True,True,True,True,-4.172461121897197,-3.472224355604814,4.172461121897197,1.0208000428974628,0.9688686693755401,0.9341142136541533,-7.053290206141782,False,1.1191749945282936,0.9715060569112461,0.9389051631599743,-6.507029595449798,False,1.1247999966144562,0.9777468632223599,0.93858477825368,-6.54338565564514,False,False,False,False
fp16,256,257,False,fused_int4,"[257, 256]",1.0,cuda_graph,1.6367999836802483,0.0016367999836802483,1.5599999576807022,0.0015599999576807022,1.0492307872326656,4.692083746657039,0.09775245595933224,0.30768868894374407,0.11042945400676941,1.6279999166727066,0.0016279999166727067,1.548799965530634,0.001548799965530634,1.051136333228764,4.86486211276601,0.24570212915911635,0.05165328702216275,0.020663449479038715,1.63199994713068,0.0016319999471306802,1.5519250184297562,0.0015519250184297562,1.0515971633616321,4.906552162682887,0.2450999134531947,0.051549274745512214,0.02453262800359014,False,False,False,False,False,4.692083746657039,4.906552162682887,0.0,,,,,,,,,,,,,,,,,,
fp16,256,257,False,transform,"[257, 256]",1.0,cuda_graph,1.2047999538481236,0.0012047999538481236,1.247975043952465,0.001247975043952465,0.9654038834241416,-3.583589953372801,0.2655985521829381,0.3205216704738721,0.102850667377678,1.1935999616980553,0.0011935999616980552,1.2376000173389912,0.001237600017338991,0.9644472729278544,-3.6863318576468407,0.26809076213181116,0.12928346483297865,0.048379697812965194,1.196799986064434,0.001196799986064434,1.2415999546647072,0.0012415999546647072,0.963917549745424,-3.743312927968323,0.2026218038118548,0.25772642968446796,0.09468283882861055,False,True,True,True,True,-3.743312927968323,-3.583589953372801,3.743312927968323,1.4615999534726143,1.213147418211856,1.171177228707697,14.615826239772245,False,1.4663999900221825,1.2285523098844882,1.1848739249173108,15.602835122750525,False,1.4655999839305878,1.2245989313135586,1.1804124012926303,15.283844959191095,False,True,True,False
fp16,256,257,True,fused_int4,"[257, 256]",0.0625,cuda_graph,1.5015999786555767,0.0015015999786555767,1.4351249672472477,0.0014351249672472477,1.0463200159745227,4.42694541510622,0.15650015223303756,0.11323506994402233,0.04186154192719705,1.6383999958634377,0.0016383999958634377,1.5552000142633915,0.0015552000142633915,1.0534979300649332,5.078123889776975,0.048828496924714186,0.2572036021918418,0.09968572286320708,1.5039999969303608,0.0015039999969303608,1.4352000318467617,0.0014352000318467617,1.047937544284381,4.574465772873582,0.106383788993018,0.16722534988351653,0.05460948250985381,False,False,False,False,False,4.42694541510622,5.078123889776975,0.0,,,,,,,,,,,,,,,,,,
fp16,256,257,True,transform,"[257, 256]",0.0625,cuda_graph,1.1032000184059143,0.0011032000184059143,1.1495250277221203,0.0011495250277221204,0.959700738827755,-4.199148707697087,0.21755060140880264,0.34797245484075057,0.11647699713996988,1.2055999599397182,0.0012055999599397183,1.2455999851226807,0.0012455999851226807,0.9678869415055246,-3.3178522322580672,0.06635750814347219,0.25690626241165293,0.08686609754952963,1.106400042772293,0.001106400042772293,1.1552000418305397,0.0011552000418305398,0.9577562350318845,-4.4107011181931055,0.7953699869022246,1.320120678504589,0.4746335345996117,False,True,True,True,True,-4.4107011181931055,-3.3178522322580672,4.4107011181931055,1.3392000459134579,1.213923154070062,1.165002947841157,14.163307324408114,False,1.464799977838993,1.2149967041407626,1.1759794439100955,14.96450000222531,False,1.3423999771475792,1.2133043431415131,1.1620497996350492,13.945168243731231,False,True,True,False
fp16,256,4096,False,fused_int4,"[4096, 256]",1.0,cuda_graph,3.0991999432444572,0.0030991999432444573,2.8327999636530876,0.0028327999636530874,1.094041225292812,8.59576614835904,0.02904072510940306,0.05206963825902643,0.0165071284331333,3.107200004160404,0.0031072000041604043,2.847200073301792,0.002847200073301792,1.0913177592599244,8.36765996751041,0.07724054684508784,0.08429398050699248,0.03077980972372036,3.091200068593025,0.003091200068593025,2.8367750346660614,0.0028367750346660614,1.0896881250073869,8.230623326906382,0.46664948154811164,0.67858320058937,0.2371320592509555,True,False,False,False,False,8.230623326906382,8.59576614835904,0.0,,,,,,,,,,,,,,,,,,
fp16,256,4096,False,transform,"[4096, 256]",1.0,cuda_graph,2.5863999500870705,0.0025863999500870703,2.4528000503778458,0.0024528000503778458,1.0544683206805399,5.165477199484448,0.18558755962729523,0.22831223606262582,0.08093691376918502,2.5919999927282333,0.002591999992728233,2.457600086927414,0.002457600086927414,1.054687459735913,5.185181565504382,0.1581811155088636,0.32551572137327633,0.12167691710119478,2.58799996227026,0.0025879999622702597,2.463199943304062,0.0024631999433040617,1.0506658094506105,4.822257371932892,0.401857779843545,1.0392988492917985,0.3723862023795781,False,False,False,False,False,4.822257371932892,5.185181565504382,0.0,3.10479998588562,1.200433052042511,1.2658186244766816,20.999740352736328,False,3.10479998588562,1.1978395040879743,1.2633463037378716,20.84513984476837,False,3.1176000833511353,1.204636834931132,1.2656707352669394,20.99050944801275,False,True,True,False
fp16,256,4096,True,fused_int4,"[4096, 256]",0.0625,cuda_graph,3.0880000442266464,0.0030880000442266462,2.8311999514698982,0.002831199951469898,1.0907036229014566,8.316065060842991,0.1295346632346063,0.08477035588878314,0.02768431775924119,3.3911999315023422,0.0033911999315023424,3.1031249091029167,0.0031031249091029167,1.09283384679565,8.494781440733423,0.1651400394784989,0.3093679236364237,0.10393296683918436,3.399199992418289,0.0033991999924182894,3.1112000346183777,0.0031112000346183778,1.0925687691550947,8.472580561375565,0.16474042095605118,0.13017920954685852,0.053070367617482316,True,False,False,False,False,8.316065060842991,8.494781440733423,0.0,,,,,,,,,,,,,,,,,,
fp16,256,4096,True,transform,"[4096, 256]",0.0625,cuda_graph,2.5807999074459076,0.0025807999074459074,2.460799925029278,0.0024607999250292776,1.0487646237290917,4.649720502175159,0.030998377258406803,0.1950524395028233,0.06821284253839095,2.7879999950528145,0.0027879999950528147,2.6391999796032906,0.0026391999796032905,1.0563807277203339,5.337159817559655,0.9182212593953177,0.2737577419365539,0.09536964379746452,2.7928000316023827,0.002792800031602383,2.645600028336048,0.002645600028336048,1.0556395531031635,5.270696132937158,0.9739337060268721,1.0281229421823153,0.4030878843467257,False,False,False,False,False,4.649720502175159,5.337159817559655,0.0,3.1096000224351883,1.2048977580414626,1.2636541438443807,20.864422842968168,False,3.3528000116348267,1.2025825027203103,1.270384979367422,21.28370405497536,False,3.362400084733963,1.203953038773338,1.2709404478078823,21.31810725476557,False,True,True,False
fp16,256,16384,False,fused_int4,"[16384, 256]",1.0,cuda_graph,8.97279977798462,0.00897279977798462,7.7376000583171844,0.007737600058317184,1.1596360254288036,13.766045718506748,4.502499691109124,5.1075320327492,2.2356615827155126,8.823200315237045,0.008823200315237045,7.391049712896347,0.007391049712896347,1.1937682275146648,16.23164556138973,5.1854796099980245,6.050564616341027,2.789869886734714,9.018400311470032,0.009018400311470031,7.777599990367889,0.00777759999036789,1.1595351165705106,13.75854118522587,5.153907390865983,5.451877292263432,2.1734965903795485,True,False,False,False,False,13.75854118522587,16.23164556138973,0.0,,,,,,,,,,,,,,,,,,
fp16,256,16384,False,transform,"[16384, 256]",1.0,cuda_graph,8.83760005235672,0.00883760005235672,8.852799981832504,0.008852799981832504,0.9982830370609325,-0.1719915971048147,0.1720000276521954,0.16265743210312517,0.06898058131947793,8.833575248718262,0.008833575248718261,8.850400149822235,0.008850400149822236,0.9980989671857592,-0.19046536232782962,0.13471405398548475,0.1175118105304523,0.04019211340081027,8.842399716377258,0.008842399716377259,8.8639996945858,0.0088639996945858,0.9975631792697675,-0.24427733309246857,0.6785434663839135,0.09927663635189167,0.03655540030882665,False,True,True,False,False,-0.24427733309246857,-0.1719915971048147,0.24427733309246857,9.624724835157394,1.0890654451590365,1.0871955601514791,8.020227762825872,False,8.966399729251862,1.0150363218508691,1.0131067044953845,1.2937141208548941,False,9.646400064229965,1.0909255828328588,1.0882671927574705,8.110801588515926,False,True,True,False
fp16,256,16384,True,fused_int4,"[16384, 256]",0.0625,cuda_graph,8.959999680519104,0.008959999680519104,7.729600369930267,0.0077296003699302675,1.1591801971257587,13.732135652459675,4.491070445574671,5.071418422912963,2.033352653441883,9.324800223112106,0.009324800223112106,8.051999658346176,0.008051999658346177,1.1580726054113313,13.649628242020817,0.4032268696464035,0.8445102071200423,0.28958250673650787,9.014400094747543,0.009014400094747544,7.768800109624863,0.007768800109624862,1.1603336380838905,13.817891063526899,5.404968690188374,5.4989173890706216,2.108516922212277,True,False,False,False,False,13.649628242020817,13.817891063526899,0.0,,,,,,,,,,,,,,,,,,
fp16,256,16384,True,transform,"[16384, 256]",0.0625,cuda_graph,8.843199908733368,0.008843199908733368,8.853600174188614,0.008853600174188615,0.9988253066266121,-0.11760749007805327,0.09046989243198876,0.22617833509956703,0.07242463169422021,8.834400027990341,0.008834400027990342,8.851999789476395,0.008851999789476395,0.998011775654697,-0.19921852565303322,0.09960926282651636,0.036150298717619704,0.011989406748700655,8.840800076723099,0.0088408000767231,8.86479988694191,0.00886479988694191,0.9972926844909197,-0.2714664963638258,0.14592209066620282,0.2075619763201504,0.07309947090896451,False,True,True,False,False,-0.2714664963638258,-0.11760749007805327,0.2714664963638258,8.94320011138916,1.0113081467893803,1.0101201698108937,1.0018778075472246,False,8.954399824142456,1.0135832422996371,1.011568011421306,1.1435722848780472,False,9.609600156545639,1.0869604643415374,1.0840177194186684,7.7505854298880905,False,True,True,False
