partition,case_id,rows,n,dtype,scale,round,old_wmma_ms,four_warp_wmma_ms,warp128_ms,old_over_new,warp128_over_new,reduction_vs_old,reduction_vs_warp128
holdout,n16_m1_bf16_normalized,1,16,bf16,normalized,1,0.002022399976849556,0.002017280012369156,0.0021401600539684294,1.002538053442758,1.060913725831725,0.00253162803550655,0.057416285932176514
holdout,n16_m1_bf16_normalized,1,16,bf16,normalized,2,0.0018943999707698822,0.0019046400487422943,0.002037919983267784,0.994623615113431,1.0699764423275147,-0.005405446648233614,0.06539998411114101
holdout,n16_m1_bf16_normalized,1,16,bf16,normalized,3,0.0019046400487422943,0.0019148799777030945,0.002053920030593872,0.9946524434533578,1.072610322584059,-0.005376306650467733,0.0676949690444254
holdout,n16_m1_bf16_unit,1,16,bf16,unit,1,0.0019404800236225129,0.0019456000626087188,0.001955839991569519,0.9973684010991751,1.005263121212625,-0.002638542486331774,0.005235565795227992
holdout,n16_m1_bf16_unit,1,16,bf16,unit,2,0.001884160041809082,0.001934240013360977,0.001884160041809082,0.9741087087404033,0.9741087087404033,-0.026579468007298823,-0.026579468007298823
holdout,n16_m1_bf16_unit,1,16,bf16,unit,3,0.00187391996383667,0.0019353599846363067,0.00187391996383667,0.9682539572547881,0.9682539572547881,-0.032786896978163504,-0.032786896978163504
holdout,n16_m1_fp16_normalized,1,16,fp16,normalized,1,0.0019865599274635315,0.002001120001077652,0.002007039934396744,0.9927240377357281,1.0029583100043495,-0.0073292899010155566,0.00294958421984326
holdout,n16_m1_fp16_normalized,1,16,fp16,normalized,2,0.0019046400487422943,0.0019464000314474107,0.0019148799777030945,0.9785450153974452,0.9838059734715084,-0.021925393584311115,-0.016460589755669552
holdout,n16_m1_fp16_normalized,1,16,fp16,normalized,3,0.001904960051178932,0.0019508799910545349,0.0019148799777030945,0.9764619350825464,0.9815467822128922,-0.02410546081907805,-0.018800140881217287
holdout,n16_m1_fp16_unit,1,16,fp16,unit,1,0.001987199932336807,0.0019966399669647215,0.002017280012369156,0.995272039634534,1.0103373896876418,-0.004750420163719404,0.010231621429785509
holdout,n16_m1_fp16_unit,1,16,fp16,unit,2,0.0019036800414323806,0.001955839991569519,0.0018888000398874284,0.9733311772118529,0.9657231920959481,-0.027399536162543425,-0.03549340865435724
holdout,n16_m1_fp16_unit,1,16,fp16,unit,3,0.0018943999707698822,0.0019456000626087188,0.0019046400487422943,0.9736841641698006,0.9789473619714505,-0.027027075923163668,-0.021505383074073237
screen,n16_m17_bf16_normalized,17,16,bf16,normalized,1,0.002027519941329956,0.0020377600193023683,0.002001919969916344,0.9949748361556735,0.9824120362326598,-0.005050543653689177,-0.017902838237595642
screen,n16_m17_bf16_normalized,17,16,bf16,normalized,2,0.0020166399329900743,0.0020377600193023683,0.0018943999707698822,0.9896356361336776,0.9296482180558406,-0.010472908904952227,-0.07567570246225497
screen,n16_m17_bf16_normalized,17,16,bf16,normalized,3,0.002017280012369156,0.0020377600193023683,0.0019148799777030945,0.9899497454365486,0.939698472619292,-0.01015228763862086,-0.06417114546608227
screen,n16_m17_bf16_unit,17,16,bf16,unit,1,0.002027200013399124,0.002067839950323105,0.001960960030555725,0.9803466719377237,0.9483132532811933,-0.02004732471160442,-0.05450387468483542
screen,n16_m17_bf16_unit,17,16,bf16,unit,2,0.002027519941329956,0.0020687999576330185,0.0018636800348758697,0.9800463954232229,0.9008507700319981,-0.020359857114887303,-0.11006176968076531
screen,n16_m17_bf16_unit,17,16,bf16,unit,3,0.002027519941329956,0.0020684799551963806,0.00187391996383667,0.9801980126693876,0.9059405961991838,-0.02020202762570933,-0.1038251340048526
screen,n16_m17_fp16_normalized,17,16,fp16,normalized,1,0.002836480140686035,0.002836480140686035,0.002841600030660629,1.0,1.0018050152726807,0.0,0.0018017630628346382
screen,n16_m17_fp16_normalized,17,16,fp16,normalized,2,0.0027033600211143496,0.0027081599831581117,0.0027033600211143496,0.9982275928772255,0.9982275928772255,-0.001775554127557033,-0.001775554127557033
screen,n16_m17_fp16_normalized,17,16,fp16,normalized,3,0.0027335999906063077,0.0027289599180221557,0.0027142401039600373,1.0017003080747022,0.9946060717253822,0.0016974219344809693,-0.005423180521370252
screen,n16_m17_fp16_unit,17,16,fp16,unit,1,0.0019968000054359438,0.002027519941329956,0.001966080069541931,0.9848485160279797,0.9696970320559593,-0.015384583238372551,-0.031249933682680364
screen,n16_m17_fp16_unit,17,16,fp16,unit,2,0.0019968000054359438,0.0020377600193023683,0.0018535999953746794,0.9798994908730974,0.9096262453953059,-0.020512827401301115,-0.09935262429177083
screen,n16_m17_fp16_unit,17,16,fp16,unit,3,0.0019968000054359438,0.0020273599773645403,0.001889280006289482,0.9849262231326462,0.9318917347601215,-0.015304473079628567,-0.07308602780709306
holdout,n16_m64_bf16_normalized,64,16,bf16,normalized,1,0.001971200034022331,0.001971200034022331,0.001987679973244667,1.0,1.0083603586332677,0.0,0.008291042544154803
holdout,n16_m64_bf16_normalized,64,16,bf16,normalized,2,0.0019353599846363067,0.001965760067105293,0.00187391996383667,0.9845352019416325,0.9532801053366275,-0.01570771469406984,-0.049009618895670126
holdout,n16_m64_bf16_normalized,64,16,bf16,normalized,3,0.0019251200556755065,0.001955839991569519,0.0018883199989795684,0.984293226426278,0.9654777523309729,-0.015957413047277935,-0.03575664751018781
holdout,n16_m64_bf16_unit,64,16,bf16,unit,1,0.0019865599274635315,0.0019862399995326996,0.0019916799664497376,1.000161072141789,1.002738826586071,0.0001610462017325176,0.002731345903295379
holdout,n16_m64_bf16_unit,64,16,bf16,unit,2,0.0019251200556755065,0.001955839991569519,0.0018900799751281738,0.984293226426278,0.9663776092498372,-0.015957413047277935,-0.03479218726545463
holdout,n16_m64_bf16_unit,64,16,bf16,unit,3,0.0019251200556755065,0.001955839991569519,0.0018956800550222397,0.984293226426278,0.9692408700064454,-0.015957413047277935,-0.031735279583649856
holdout,n16_m64_fp16_normalized,64,16,fp16,normalized,1,0.002022399976849556,0.002027519941329956,0.002027519941329956,0.9974747649204172,1.0,-0.00253162803550655,0.0
holdout,n16_m64_fp16_normalized,64,16,fp16,normalized,2,0.0019251200556755065,0.001955839991569519,0.0019243200123310088,0.984293226426278,0.9838841728493258,-0.015957413047277935,-0.01637980119550342
holdout,n16_m64_fp16_normalized,64,16,fp16,normalized,3,0.0019246400147676468,0.001955839991569519,0.0019251200556755065,0.9840477866613029,0.984293226426278,-0.01621081166476679,-0.015957413047277935
holdout,n16_m64_fp16_unit,64,16,fp16,unit,1,0.002017280012369156,0.0020479999482631685,0.0019456000626087188,0.9850000309228205,0.9500000545696834,-0.015228394524136712,-0.052631518482348705
holdout,n16_m64_fp16_unit,64,16,fp16,unit,2,0.0020185599476099016,0.0020577599853277206,0.0018585599958896638,0.9809501409312438,0.9031957123967828,-0.01941980359029416,-0.10717974662028751
holdout,n16_m64_fp16_unit,64,16,fp16,unit,3,0.002017280012369156,0.0020479999482631685,0.00187391996383667,0.9850000309228205,0.9150000054569682,-0.015228394524136712,-0.09289616834546477
holdout,n16_m257_bf16_normalized,257,16,bf16,normalized,1,0.0019763199985027313,0.001967040002346039,0.0019968000054359438,1.0047177465357209,1.015129332933957,0.004695593913800811,0.014903847660701297
holdout,n16_m257_bf16_normalized,257,16,bf16,normalized,2,0.0018943999707698822,0.0019251200556755065,0.0019046400487422943,0.98404250954892,0.9893616988338808,-0.01621626128569864,-0.010752691537036618
holdout,n16_m257_bf16_normalized,257,16,bf16,normalized,3,0.0018943999707698822,0.0019251200556755065,0.0018943999707698822,0.98404250954892,0.98404250954892,-0.01621626128569864,-0.01621626128569864
holdout,n16_m257_bf16_unit,257,16,bf16,unit,1,0.0019763199985027313,0.0019763199985027313,0.0019865599274635315,1.0,1.0051813112089936,0.0,0.005154603603564456
holdout,n16_m257_bf16_unit,257,16,bf16,unit,2,0.001944960057735443,0.0019617599993944166,0.0019148799777030945,0.9914362910528507,0.9761030800374186,-0.008637679520541841,-0.02448196348449727
holdout,n16_m257_bf16_unit,257,16,bf16,unit,3,0.0019353599846363067,0.001955839991569519,0.0019147200137376785,0.9895287922215059,0.978975796584033,-0.010582014248404104,-0.02147571317833119
holdout,n16_m257_fp16_normalized,257,16,fp16,normalized,1,0.001966080069541931,0.0019758400321006776,0.0019968000054359438,0.9950603478013501,1.0106081327408787,-0.004964173489139911,0.010496781489486295
holdout,n16_m257_fp16_normalized,257,16,fp16,normalized,2,0.0019046400487422943,0.0019353599846363067,0.0019148799777030945,0.9841270171245246,0.989417985751596,-0.01612899818750435,-0.010695190911013785
holdout,n16_m257_fp16_normalized,257,16,fp16,normalized,3,0.0019046400487422943,0.001940320059657097,0.0019046400487422943,0.9816112755536279,0.9816112755536279,-0.018733204175961582,-0.018733204175961582
holdout,n16_m257_fp16_unit,257,16,fp16,unit,1,0.001960960030555725,0.001966080069541931,0.001955839991569519,0.9973958135960358,0.9947916271920718,-0.002610985897940621,-0.005235641983265982
holdout,n16_m257_fp16_unit,257,16,fp16,unit,2,0.0019353599846363067,0.001966080069541931,0.001884160041809082,0.9843749573674374,0.9583333207014629,-0.015873059869736528,-0.0434782746237381
holdout,n16_m257_fp16_unit,257,16,fp16,unit,3,0.0019353599846363067,0.001966080069541931,0.00187391996383667,0.9843749573674374,0.9531249478935346,-0.015873059869736528,-0.049180385226577306
screen,n16_m4096_bf16_normalized,4096,16,bf16,normalized,1,0.0020684799551963806,0.002088959962129593,0.0020319999754428867,0.9901960749346608,0.9727328490161016,-0.009900993665306279,-0.028031489849940305
screen,n16_m4096_bf16_normalized,4096,16,bf16,normalized,2,0.0020694400370121005,0.0020982400327920914,0.001966080069541931,0.9862742129928447,0.9370138967969754,-0.013916806123830838,-0.06722003101376828
screen,n16_m4096_bf16_normalized,4096,16,bf16,normalized,3,0.002077759951353073,0.002099200040102005,0.001975359991192818,0.9897865432834643,0.9410060753889994,-0.01031884782213166,-0.06269239503752755
screen,n16_m4096_bf16_unit,4096,16,bf16,unit,1,0.0020684799551963806,0.002088959962129593,0.001955839991569519,0.9901960749346608,0.9362745227417549,-0.009900993665306279,-0.0680628124661915
screen,n16_m4096_bf16_unit,4096,16,bf16,unit,2,0.0020684799551963806,0.002099200040102005,0.001955839991569519,0.9853658134914424,0.9317072952582834,-0.014851526517552172,-0.07329845444945748
screen,n16_m4096_bf16_unit,4096,16,bf16,unit,3,0.0020684799551963806,0.002088959962129593,0.001955839991569519,0.9901960749346608,0.9362745227417549,-0.009900993665306279,-0.0680628124661915
screen,n16_m4096_fp16_normalized,4096,16,fp16,normalized,1,0.0021001600474119184,0.002128319963812828,0.0019968000054359438,0.9867689459857051,0.9382047997420134,-0.013408462100596541,-0.0658653635911679
screen,n16_m4096_fp16_normalized,4096,16,fp16,normalized,2,0.002109439969062805,0.0021196800470352174,0.0019865599274635315,0.9951690454478095,0.9371980126161586,-0.004854405966794095,-0.06701037191546266
screen,n16_m4096_fp16_normalized,4096,16,fp16,normalized,3,0.002109439969062805,0.0021292799711227417,0.0019865599274635315,0.99068229526929,0.9329726266180225,-0.00940534092029699,-0.071842808105687
screen,n16_m4096_fp16_unit,4096,16,fp16,unit,1,0.002222079932689667,0.002242559939622879,0.002109439969062805,0.9908675765711502,0.9406392809360271,-0.009216593261081485,-0.06310678308575768
screen,n16_m4096_fp16_unit,4096,16,fp16,unit,2,0.002222079932689667,0.002242559939622879,0.0021196800470352174,0.9908675765711502,0.9452055258740037,-0.009216593261081485,-0.057970962532544856
screen,n16_m4096_fp16_unit,4096,16,fp16,unit,3,0.0022316800057888032,0.0022528000175952912,0.0021196800470352174,0.9906249948324165,0.9409091044387641,-0.009463727663331811,-0.06280191708473537
holdout,n32_m1_bf16_normalized,1,32,bf16,normalized,1,0.0019361600279808044,0.0019548800587654114,0.0019656000286340713,0.9904239491826269,1.0054836969770053,-0.009668638187996237,0.005453790045022222
holdout,n32_m1_bf16_normalized,1,32,bf16,normalized,2,0.00187391996383667,0.0019456000626087188,0.0018636800348758697,0.9631578451555259,0.9578947239429011,-0.03825141956718947,-0.043956058014167354
holdout,n32_m1_bf16_normalized,1,32,bf16,normalized,3,0.00187391996383667,0.001955360025167465,0.0018636800348758697,0.958350349663193,0.9531134987359969,-0.04345973302085682,-0.04919298837565833
holdout,n32_m1_bf16_unit,1,32,bf16,unit,1,0.002007039934396744,0.0020180799812078475,0.002017280012369156,0.9945294304914041,0.9996035990415936,-0.0055006612583530234,-0.0003965581544389529
holdout,n32_m1_bf16_unit,1,32,bf16,unit,2,0.0018943999707698822,0.001966080069541931,0.0018641600012779236,0.9635416177181688,0.9481607744043947,-0.037837890560628695,-0.05467345517237732
holdout,n32_m1_bf16_unit,1,32,bf16,unit,3,0.0018956799805164336,0.001966080069541931,0.0019046400487422943,0.9641926643191598,0.9687499905260972,-0.037137116891596156,-0.032258074611109855
holdout,n32_m1_fp16_normalized,1,32,fp16,normalized,1,0.002007039934396744,0.002007039934396744,0.0020174399763345716,1.0,1.0051817812688184,0.0,0.005155068829717169
holdout,n32_m1_fp16_normalized,1,32,fp16,normalized,2,0.0019046400487422943,0.0019651200622320176,0.0019046400487422943,0.9692232476518361,0.9692232476518361,-0.03175403852799419,-0.03175403852799419
holdout,n32_m1_fp16_normalized,1,32,fp16,normalized,3,0.0018943999707698822,0.001955839991569519,0.0019148799777030945,0.9685863766645181,0.979057584443012,-0.03243244391239508,-0.02139038182202757
holdout,n32_m1_fp16_unit,1,32,fp16,unit,1,0.001929600015282631,0.001960959956049919,0.0019300799816846848,0.9840078627457247,0.9842526236856782,-0.01625204214288667,-0.015999323685166766
holdout,n32_m1_fp16_unit,1,32,fp16,unit,2,0.0019148799777030945,0.001966080069541931,0.0018636800348758697,0.9739582875428031,0.9479166508768286,-0.02673801618639904,-0.05494507251770919
holdout,n32_m1_fp16_unit,1,32,fp16,unit,3,0.0019251200556755065,0.001950240060687065,0.0018227200210094452,0.9871195318371684,0.9346131575039563,-0.013048539459916464,-0.06996139736644658
holdout,n32_m17_bf16_normalized,17,32,bf16,normalized,1,0.0023654399812221526,0.0024268800020217896,0.002007039934396744,0.9746835357543626,0.8270041916883881,-0.025974034973355264,-0.20918371400080638
holdout,n32_m17_bf16_normalized,17,32,bf16,normalized,2,0.002375680059194565,0.0024265599995851516,0.00187391996383667,0.9790320699264451,0.7722537106673802,-0.021417000236907624,-0.2949112269539007
holdout,n32_m17_bf16_normalized,17,32,bf16,normalized,3,0.002375360056757927,0.0024268800020217896,0.001884160041809082,0.9787711196182166,0.7763713245975996,-0.021689320369469023,-0.2880434507525238
holdout,n32_m17_bf16_unit,17,32,bf16,unit,1,0.0023654399812221526,0.002406399995088577,0.001964640021324158,0.9829787176072045,0.8164228828681666,-0.01731602331557003,-0.22485542845995532
holdout,n32_m17_bf16_unit,17,32,bf16,unit,2,0.002370399981737137,0.002406399995088577,0.0018636800348758697,0.9850398880381833,0.7744681011800242,-0.01518731590820277,-0.2912087644104935
holdout,n32_m17_bf16_unit,17,32,bf16,unit,3,0.0023654399812221526,0.002406399995088577,0.0018636800348758697,0.9829787176072045,0.7744681011800242,-0.01731602331557003,-0.2912087644104935
holdout,n32_m17_fp16_normalized,17,32,fp16,normalized,1,0.002222079932689667,0.00228255994617939,0.0020582400262355804,0.9735034282052675,0.901724412399647,-0.027217748830716593,-0.10898627812329531
holdout,n32_m17_fp16_normalized,17,32,fp16,normalized,2,0.002222079932689667,0.0022833599895238877,0.001955839991569519,0.9731623322142039,0.8565622593646913,-0.02757779138937,-0.16745746040888587
holdout,n32_m17_fp16_normalized,17,32,fp16,normalized,3,0.002222079932689667,0.0022732800245285033,0.001955839991569519,0.9774774373212312,0.8603603473686336,-0.02304151668246357,-0.16230368247263693
holdout,n32_m17_fp16_unit,17,32,fp16,unit,1,0.0022529599815607074,0.002303999960422516,0.00202687993645668,0.9778472310162503,0.8797222097542846,-0.022654631808618042,-0.13672246637868812
holdout,n32_m17_fp16_unit,17,32,fp16,unit,2,0.0022630399465560914,0.002303999960422516,0.0019249600172042847,0.9822222158984268,0.8354861329300016,-0.01809955406609487,-0.19690795644094972
holdout,n32_m17_fp16_unit,17,32,fp16,unit,3,0.0022630399465560914,0.002303999960422516,0.0019251200556755065,0.9822222158984268,0.8355555940732182,-0.01809955406609487,-0.1968084554675027
holdout,n32_m64_bf16_normalized,64,32,bf16,normalized,1,0.002220799997448921,0.0022630399465560914,0.0019763199985027313,0.9813348636768646,0.8733031873831072,-0.019020150016071824,-0.1450776940326366
holdout,n32_m64_bf16_normalized,64,32,bf16,normalized,2,0.002222079932689667,0.0022732800245285033,0.00187391996383667,0.9774774373212312,0.8243242995219369,-0.02304151668246357,-0.21311479059873095
holdout,n32_m64_bf16_normalized,64,32,bf16,normalized,3,0.002222079932689667,0.0022732800245285033,0.0018790400028228758,0.9774774373212312,0.8265765688996471,-0.02304151668246357,-0.20980927554142648
holdout,n32_m64_bf16_unit,64,32,bf16,unit,1,0.0022323200106620787,0.0022937600314617158,0.001996480002999306,0.9732142770137625,0.8703961947261911,-0.027522944965858498,-0.14890208167164554
holdout,n32_m64_bf16_unit,64,32,bf16,unit,2,0.002237759977579117,0.002295039966702461,0.0018943999707698822,0.9750418337134037,0.8254322357147345,-0.025597020992980557,-0.21148648760259392
holdout,n32_m64_bf16_unit,64,32,bf16,unit,3,0.0022323200106620787,0.0022937600314617158,0.0018943999707698822,0.9732142770137625,0.8258928330714097,-0.027522944965858498,-0.21081084610106604
holdout,n32_m64_fp16_normalized,64,32,fp16,normalized,1,0.002222079932689667,0.0022528000175952912,0.001966080069541931,0.9863635987812109,0.8727272967800249,-0.013824923421382085,-0.1458333017536575
holdout,n32_m64_fp16_normalized,64,32,fp16,normalized,2,0.0022320000082254408,0.0022528000175952912,0.00187391996383667,0.9907670413674565,0.8318181592687266,-0.009319000579389503,-0.20218582493934312
holdout,n32_m64_fp16_normalized,64,32,fp16,normalized,3,0.002222719937562943,0.0022528000175952912,0.001873759999871254,0.9866476918512914,0.8317471525374737,-0.013533005001668874,-0.20228845623243163
holdout,n32_m64_fp16_unit,64,32,fp16,unit,1,0.002406399995088577,0.002446559965610504,0.002027519941329956,0.9835851272454279,0.828722765772887,-0.01668881757143148,-0.20667615431968467
holdout,n32_m64_fp16_unit,64,32,fp16,unit,2,0.002406399995088577,0.0024473600089550017,0.0019249600172042847,0.9832635927217287,0.7865455062437763,-0.017021282392795545,-0.2713822557776677
holdout,n32_m64_fp16_unit,64,32,fp16,unit,3,0.002406399995088577,0.0024473600089550017,0.0019148799777030945,0.9832635927217287,0.7824267662691478,-0.017021282392795545,-0.27807488586862705
holdout,n32_m257_bf16_normalized,257,32,bf16,normalized,1,0.0022412799298763275,0.0022835199534893035,0.002007039934396744,0.9815022314351002,0.8789237559890433,-0.018846384625996526,-0.1377551160563535
holdout,n32_m257_bf16_normalized,257,32,bf16,normalized,2,0.002242559939622879,0.0022835199534893035,0.0019148799777030945,0.9820627738313229,0.8385650297371331,-0.0182648468576998,-0.19251335858051744
holdout,n32_m257_bf16_normalized,257,32,bf16,normalized,3,0.002242559939622879,0.0022835199534893035,0.0019251200556755065,0.9820627738313229,0.8430493689069156,-0.0182648468576998,-0.1861701543013834
holdout,n32_m257_bf16_unit,257,32,bf16,unit,1,0.002231199964880943,0.00228192001581192,0.0019968000054359438,0.9777730811862262,0.8750525836136597,-0.02273218524978038,-0.1427884663460468
holdout,n32_m257_bf16_unit,257,32,bf16,unit,2,0.0022323200106620787,0.0022732800245285033,0.001919040009379387,0.9819819760766516,0.8441722923146748,-0.01834862997723885,-0.18459230313998343
holdout,n32_m257_bf16_unit,257,32,bf16,unit,3,0.0022323200106620787,0.002273920029401779,0.0019353599846363067,0.9817055928960507,0.8511117187993016,-0.018635329406630374,-0.17493388695286827
holdout,n32_m257_fp16_normalized,257,32,fp16,normalized,1,0.0022118400037288667,0.0022732800245285033,0.002017280012369156,0.9729729641149776,0.8873873832536562,-0.027777787134719123,-0.12690355854896573
holdout,n32_m257_fp16_normalized,257,32,fp16,normalized,2,0.002212959975004196,0.0022732800245285033,0.0019198400527238846,0.9734656316540597,0.8445242257922339,-0.027257632404396714,-0.18409865514741974
holdout,n32_m257_fp16_normalized,257,32,fp16,normalized,3,0.0022124799340963366,0.002273599952459335,0.0019251200556755065,0.9731175142324904,0.8467276987726532,-0.027625117598168103,-0.18101722838347878
holdout,n32_m257_fp16_unit,257,32,fp16,unit,1,0.002242559939622879,0.0022732800245285033,0.0019456000626087188,0.9864864492829053,0.85585587416238,-0.013698668366826539,-0.16842102763937072
holdout,n32_m257_fp16_unit,257,32,fp16,unit,2,0.0022528000175952912,0.0022732800245285033,0.0018585599958896638,0.9909909880383259,0.817567556937973,-0.009090912097503123,-0.22314051177041483
holdout,n32_m257_fp16_unit,257,32,fp16,unit,3,0.0022518400102853773,0.0022732800245285033,0.0018636800348758697,0.9905686875300052,0.8198198263156833,-0.009521109024263508,-0.21978021011525994
holdout,n32_m4096_bf16_normalized,4096,32,bf16,normalized,1,0.0027852800488471986,0.002682879865169525,0.002007039934396744,1.0381680093123378,0.7480916161968825,0.036764771183442124,-0.33673467039205596
holdout,n32_m4096_bf16_normalized,4096,32,bf16,normalized,2,0.0027852800488471986,0.002682879865169525,0.0019968000054359438,1.0381680093123378,0.7442748485906471,0.036764771183442124,-0.3435896724087777
holdout,n32_m4096_bf16_normalized,4096,32,bf16,normalized,3,0.0027843199670314787,0.002682879865169525,0.002006719931960106,1.03781015437139,0.7479723404735106,0.03643263097024896,-0.336947833347609
holdout,n32_m4096_bf16_unit,4096,32,bf16,unit,1,0.002754560112953186,0.0026665599644184112,0.0019763199985027313,1.033001376195929,0.7411496553139676,0.03194707863551727,-0.3492551643653907
holdout,n32_m4096_bf16_unit,4096,32,bf16,unit,2,0.002754560112953186,0.002672640085220337,0.001971839964389801,1.0306513503953882,0.7377873194726252,0.029739785800144358,-0.3554041572777449
holdout,n32_m4096_bf16_unit,4096,32,bf16,unit,3,0.002754560112953186,0.002672640085220337,0.0019763199985027313,1.0306513503953882,0.7394635773936618,0.029739785800144358,-0.3523316503628666
holdout,n32_m4096_fp16_normalized,4096,32,fp16,normalized,1,0.002764799892902374,0.002682879865169525,0.002007039934396744,1.030534363016539,0.7480916161968825,0.029629640808055968,-0.33673467039205596
holdout,n32_m4096_fp16_normalized,4096,32,fp16,normalized,2,0.002764799892902374,0.002683039903640747,0.0019812799990177156,1.0304728935080998,0.7384459680712242,0.029571756520794246,-0.35419521974226353
holdout,n32_m4096_fp16_normalized,4096,32,fp16,normalized,3,0.002764799892902374,0.0026931199431419373,0.0019865599274635315,1.0266159514888933,0.7376425741907005,0.02592590875905676,-0.35567012397182096
holdout,n32_m4096_fp16_unit,4096,32,fp16,unit,1,0.002764799892902374,0.0027033600211143496,0.002022719979286194,1.0227272251228672,0.7482244183119976,0.02222217671005744,-0.33649741377862386
holdout,n32_m4096_fp16_unit,4096,32,fp16,unit,2,0.0027643200755119324,0.0027134400606155396,0.0020073600113391875,1.018751110678616,0.7397841730411473,0.01840597814526601,-0.3517455988401894
holdout,n32_m4096_fp16_unit,4096,32,fp16,unit,3,0.002764799892902374,0.0027048000693321228,0.0020156800001859664,1.0221827203609422,0.74522328768044,0.021701325916670955,-0.34187969771123305
holdout,n64_m1_bf16_normalized,1,64,bf16,normalized,1,0.002303999960422516,0.002558880001306534,0.0019046400487422943,0.9003939064145724,0.7443256611368284,-0.11062501964508575,-0.34349795017502593
holdout,n64_m1_bf16_normalized,1,64,bf16,normalized,2,0.002313759997487068,0.002558880001306534,0.0018329599499702454,0.9042080895961083,0.7163133671896915,-0.10594011655732927,-0.3960370499901389
holdout,n64_m1_bf16_normalized,1,64,bf16,normalized,3,0.002303999960422516,0.0025497600436210632,0.0018227200210094452,0.9036144268503287,0.7148594337610271,-0.10666670460943872,-0.39887641230218907
holdout,n64_m1_bf16_unit,1,64,bf16,unit,1,0.002303999960422516,0.0025600001215934755,0.0019865599274635315,0.8999999417923419,0.7759999348074228,-0.11111118297242206,-0.2886599020761085
holdout,n64_m1_bf16_unit,1,64,bf16,unit,2,0.0022937600314617158,0.0025600001215934755,0.001884160041809082,0.8959999697320177,0.7359999813735493,-0.11607146627369569,-0.35869568655934536
holdout,n64_m1_bf16_unit,1,64,bf16,unit,3,0.0022937600314617158,0.0025600001215934755,0.001884160041809082,0.8959999697320177,0.7359999813735493,-0.11607146627369569,-0.35869568655934536
holdout,n64_m1_fp16_normalized,1,64,fp16,normalized,1,0.0022534399479627607,0.0025798399746418,0.0019865599274635315,0.8734805143391273,0.7700322295142965,-0.14484522961178703,-0.29864694186989715
holdout,n64_m1_fp16_normalized,1,64,fp16,normalized,2,0.0022630399465560914,0.0025702399015426636,0.00187391996383667,0.8804781005842334,0.7290836791973928,-0.13574658964994013,-0.37158467338185885
holdout,n64_m1_fp16_normalized,1,64,fp16,normalized,3,0.0022630399465560914,0.002570559978485107,0.001884160041809082,0.8803684665975992,0.7329764944521788,-0.1358880263678075,-0.3643002300467939
holdout,n64_m1_fp16_unit,1,64,fp16,unit,1,0.0022528000175952912,0.0025702399015426636,0.002181120067834854,0.8764940643257292,0.8486056365889195,-0.14090903829369528,-0.17840367407837365
holdout,n64_m1_fp16_unit,1,64,fp16,unit,2,0.002247679978609085,0.0025702399015426636,0.002078079953789711,0.874502017208597,0.8085159492475558,-0.14350793974380016,-0.23683398074045248
holdout,n64_m1_fp16_unit,1,64,fp16,unit,3,0.0022479999810457226,0.0025702399015426636,0.002083839997649193,0.8746265201534176,0.8107570022543295,-0.14334516157203958,-0.23341518755863433
screen,n64_m17_bf16_normalized,17,64,bf16,normalized,1,0.002927839905023575,0.0031129598617553713,0.001966080069541931,0.9405324948110931,0.6315789977559413,-0.06322748604326622,-0.5833332070146293
screen,n64_m17_bf16_normalized,17,64,bf16,normalized,2,0.0029286399483680727,0.0031129598617553713,0.0018227200210094452,0.9407894988779707,0.5855263485413619,-0.06293703447226662,-0.7078650730085112
screen,n64_m17_bf16_normalized,17,64,bf16,normalized,3,0.0029286399483680727,0.0031129598617553713,0.0018280000239610673,0.9407894988779707,0.5872224844332794,-0.06293703447226662,-0.7029320683541036
screen,n64_m17_bf16_unit,17,64,bf16,unit,1,0.0029286399483680727,0.0031436800956726072,0.001960799992084503,0.9315960464296144,0.6237275843631854,-0.07342662501901653,-0.6032640291530185
screen,n64_m17_bf16_unit,17,64,bf16,unit,2,0.0029286399483680727,0.0031436800956726072,0.001863040030002594,0.9315960464296144,0.5926302846676855,-0.07342662501901653,-0.6873926727533761
screen,n64_m17_bf16_unit,17,64,bf16,unit,3,0.0029286399483680727,0.0031436800956726072,0.0018636800348758697,0.9315960464296144,0.5928338692735609,-0.07342662501901653,-0.6868132065824228
screen,n64_m17_fp16_normalized,17,64,fp16,normalized,1,0.0029081600904464723,0.00317440003156662,0.0020270399749279023,0.916129051640428,0.6385584534938162,-0.09154927268095259,-0.5660273457012248
screen,n64_m17_fp16_normalized,17,64,fp16,normalized,2,0.002907039970159531,0.00317440003156662,0.0019148799777030945,0.9157761911704801,0.6032257934290874,-0.0919698608039492,-0.65775404648302
screen,n64_m17_fp16_normalized,17,64,fp16,normalized,3,0.002898560017347336,0.003173760026693344,0.0019148799777030945,0.9132889673348329,0.6033474369825487,-0.0949436988363146,-0.6574198193352467
screen,n64_m17_fp16_unit,17,64,fp16,unit,1,0.002861119955778122,0.003123199939727783,0.001966080069541931,0.9160860690934491,0.6295082311359463,-0.09160048792095643,-0.5885415798225577
screen,n64_m17_fp16_unit,17,64,fp16,unit,2,0.002861279994249344,0.003123199939727783,0.00187391996383667,0.9161373109205208,0.6,-0.09153943200415582,-0.6666666666666665
screen,n64_m17_fp16_unit,17,64,fp16,unit,3,0.00286624014377594,0.003122399896383286,0.00187391996383667,0.9179606196810156,0.6001537362357892,-0.08937135053515965,-0.6662397309597332
holdout,n64_m64_bf16_normalized,64,64,bf16,normalized,1,0.0030105599761009218,0.003153919875621796,0.0019403199851512909,0.9545454846113963,0.6152090292936679,-0.047619014621507194,-0.6254637893532173
holdout,n64_m64_bf16_normalized,64,64,bf16,normalized,2,0.003001119941473007,0.003153919875621796,0.0018534399569034576,0.9515523728646835,0.5876623471729927,-0.05091430436925215,-0.7016574310241213
holdout,n64_m64_bf16_normalized,64,64,bf16,normalized,3,0.00301024004817009,0.00315423995256424,0.0018534399569034576,0.9543471940753635,0.5876027140537305,-0.04783668481245762,-0.7018301244751564
holdout,n64_m64_bf16_unit,64,64,bf16,unit,1,0.002979840040206909,0.0031334400177001954,0.0020428799837827684,0.9509803996165141,0.6519607754553893,-0.05154638350406926,-0.5338346073067173
holdout,n64_m64_bf16_unit,64,64,bf16,unit,2,0.002979840040206909,0.0031334400177001954,0.001966080069541931,0.9509803996165141,0.6274509990412855,-0.05154638350406926,-0.5937499526304861
holdout,n64_m64_bf16_unit,64,64,bf16,unit,3,0.002979840040206909,0.0031329600512981417,0.0019862399995326996,0.9511260888794968,0.6339819107204068,-0.05138531230709975,-0.5773320706637817
holdout,n64_m64_fp16_normalized,64,64,fp16,normalized,1,0.0031643199920654294,0.0033587199449539185,0.0019148799777030945,0.9421208210048736,0.5701219539247314,-0.06143498551851567,-0.7540106868644141
holdout,n64_m64_fp16_normalized,64,64,fp16,normalized,2,0.0031641599535942077,0.0033587199449539185,0.0018227200210094452,0.9420731723548388,0.5426829419784962,-0.061488671310281795,-0.8426965777738138
holdout,n64_m64_fp16_normalized,64,64,fp16,normalized,3,0.0031652799248695373,0.0033587199449539185,0.0018227200210094452,0.9424066241738904,0.5426829419784962,-0.06111308467997634,-0.8426965777738138
holdout,n64_m64_fp16_unit,64,64,fp16,unit,1,0.003153919875621796,0.003400000035762787,0.0019974400103092193,0.9276234830727631,0.5874823497938862,-0.07802359281320559,-0.7021787979687262
holdout,n64_m64_fp16_unit,64,64,fp16,unit,2,0.003153919875621796,0.0034001599252223968,0.0019148799777030945,0.927579862413532,0.5631735035456741,-0.07807428828611407,-0.775651719592839
holdout,n64_m64_fp16_unit,64,64,fp16,unit,3,0.003153919875621796,0.003399679958820343,0.0019251200556755065,0.927710818025405,0.566265083476712,-0.07792210737442895,-0.7659573743453767
holdout,n64_m257_bf16_normalized,257,64,bf16,normalized,1,0.0030003198981285095,0.0031641599535942077,0.0019916799664497376,0.9482200464361512,0.6294498368160447,-0.05460752887313647,-0.5886889494773953
holdout,n64_m257_bf16_normalized,257,64,bf16,normalized,2,0.0030003198981285095,0.003153919875621796,0.0019046400487422943,0.9512987065142218,0.6038961431659053,-0.051194533485944715,-0.6559138708148284
holdout,n64_m257_bf16_normalized,257,64,bf16,normalized,3,0.0030003198981285095,0.003163679987192154,0.0019046400487422943,0.9483639022514946,0.6020330932499626,-0.054447557130672175,-0.6610382572188647
holdout,n64_m257_bf16_unit,257,64,bf16,unit,1,0.003031040132045746,0.0031948798894882204,0.001955839991569519,0.9487180228647909,0.6121795057161977,-0.054053971674698165,-0.63350780394075
holdout,n64_m257_bf16_unit,257,64,bf16,unit,2,0.003031040132045746,0.0031948798894882204,0.0018780799955129624,0.9487180228647909,0.5878405638009156,-0.054053971674698165,-0.7011415366338529
holdout,n64_m257_bf16_unit,257,64,bf16,unit,3,0.003031040132045746,0.0031948798894882204,0.001884160041809082,0.9487180228647909,0.5897436232292603,-0.054053971674698165,-0.6956520776338335
holdout,n64_m257_fp16_normalized,257,64,fp16,normalized,1,0.002949279993772507,0.003184640109539032,0.0019763199985027313,0.9260952234252326,0.620578756319438,-0.0798025674956242,-0.6113990203771298
holdout,n64_m257_fp16_normalized,257,64,fp16,normalized,2,0.002949120104312897,0.003184320032596588,0.0018940800428390503,0.9261380998530157,0.5948145988625905,-0.07975257702788241,-0.6811961271835099
holdout,n64_m257_fp16_normalized,257,64,fp16,normalized,3,0.002949120104312897,0.003184640109539032,0.001884160041809082,0.9260450169798854,0.5916398641609174,-0.0798611100584552,-0.690217411935607
holdout,n64_m257_fp16_unit,257,64,fp16,unit,1,0.002957919985055924,0.0031641599535942077,0.0020076799392700195,0.9348199928059853,0.6345064626045442,-0.06972466110653919,-0.5760280768381227
holdout,n64_m257_fp16_unit,257,64,fp16,unit,2,0.002959039956331253,0.0031641599535942077,0.0019249600172042847,0.9351739481343362,0.6083636874986991,-0.06931977948593548,-0.6437535976407835
holdout,n64_m257_fp16_unit,257,64,fp16,unit,3,0.0029499199986457825,0.0031641599535942077,0.0019244800508022308,0.9322916799117353,0.6082119990856311,-0.0726256830852281,-0.6441635507082597
screen,n64_m4096_bf16_normalized,4096,64,bf16,normalized,1,0.004208639860153198,0.004177919924259186,0.0020684799551963806,1.0073529259657745,0.4950980374673304,0.007299255083539902,-1.0198019873306126
screen,n64_m4096_bf16_normalized,4096,64,bf16,normalized,2,0.004208639860153198,0.004177919924259186,0.0020684799551963806,1.0073529259657745,0.4950980374673304,0.007299255083539902,-1.0198019873306126
screen,n64_m4096_bf16_normalized,4096,64,bf16,normalized,3,0.004208639860153198,0.004177919924259186,0.002062560021877289,1.0073529259657745,0.4936810803627393,0.007299255083539902,-1.0255991970873901
screen,n64_m4096_bf16_unit,4096,64,bf16,unit,1,0.00419840008020401,0.004136959910392761,0.0020479999482631685,1.0148515265175522,0.4950495031673469,0.014634186508557634,-1.0200000072759576
screen,n64_m4096_bf16_unit,4096,64,bf16,unit,2,0.00419840008020401,0.004136959910392761,0.0020468799769878384,1.0148515265175522,0.49477877990688784,0.014634186508557634,-1.021105270901451
screen,n64_m4096_bf16_unit,4096,64,bf16,unit,3,0.004207520037889481,0.004136959910392761,0.0020377600193023683,1.0170560336636234,0.49257427276081683,0.01677000391235528,-1.0301506905651525
screen,n64_m4096_fp16_normalized,4096,64,fp16,normalized,1,0.004290559887886047,0.00389615997672081,0.0020684799551963806,1.1012278534561568,0.5309022133473353,0.09192271439417143,-0.8835860443960213
screen,n64_m4096_fp16_normalized,4096,64,fp16,normalized,2,0.004290559887886047,0.003900320082902908,0.0020582400262355804,1.1000532768307296,0.5277105423367421,0.09095311921526616,-0.894978249954842
screen,n64_m4096_fp16_normalized,4096,64,fp16,normalized,3,0.004290559887886047,0.0039001598954200743,0.0020582400262355804,1.1000984582515236,0.5277322164797794,0.09099045408228112,-0.8949004225485182
screen,n64_m4096_fp16_unit,4096,64,fp16,unit,1,0.004321280121803284,0.0038809600472450257,0.0020768000185489655,1.1134564822100728,0.5351253280804119,0.10189574897877973,-0.8687211154575223
screen,n64_m4096_fp16_unit,4096,64,fp16,unit,2,0.004321280121803284,0.0038806399703025817,0.002078720033168793,1.1135483206050534,0.535664232981322,0.10196981891486856,-0.8668410889305518
screen,n64_m4096_fp16_unit,4096,64,fp16,unit,3,0.004321280121803284,0.0038809600472450257,0.002078720033168793,1.1134564822100728,0.5356200547965991,0.10189574897877973,-0.866995066829132
holdout,n64_m16384_bf16_normalized,16384,64,bf16,normalized,1,0.00907263994216919,0.006635519862174988,0.00345088005065918,1.3672839703015167,0.5200617468317021,0.2686230353600374,-0.9228485965217728
holdout,n64_m16384_bf16_normalized,16384,64,bf16,normalized,2,0.009066720008850098,0.006635519862174988,0.00345088005065918,1.3663918121221947,0.5200617468317021,0.2681454974127354,-0.9228485965217728
holdout,n64_m16384_bf16_normalized,16384,64,bf16,normalized,3,0.009072159826755525,0.006635519862174988,0.00345088005065918,1.3672116149437394,0.5200617468317021,0.2685843295434922,-0.9228485965217728
holdout,n64_m16384_bf16_unit,16384,64,bf16,unit,1,0.009052159786224366,0.006624480187892913,0.003434879928827286,1.3664709576410763,0.5185131257702256,0.26818788616899036,-0.928591486502004
holdout,n64_m16384_bf16_unit,16384,64,bf16,unit,2,0.009052159786224366,0.00662447988986969,0.0034303998947143553,1.3664710191161031,0.5178368644397583,0.2681879190918762,-0.9311101017921706
holdout,n64_m16384_bf16_unit,16384,64,bf16,unit,3,0.009052159786224366,0.0066193598508834835,0.0034303998947143553,1.367527977046931,0.5182374084491722,0.2687535342718025,-0.9296175530680129
holdout,n64_m16384_fp16_normalized,16384,64,fp16,normalized,1,0.009093120098114013,0.0066867202520370485,0.0034406399726867676,1.3598774519307693,0.514548215418255,0.26463961985678286,-0.9434524696332709
holdout,n64_m16384_fp16_normalized,16384,64,fp16,normalized,2,0.009082880020141602,0.0066867202520370485,0.00343983992934227,1.3583460467595583,0.514428568818077,0.26381057140367214,-0.9439044808447272
holdout,n64_m16384_fp16_normalized,16384,64,fp16,normalized,3,0.009087519943714142,0.0066867202520370485,0.0034406399726867676,1.359039948014232,0.514548215418255,0.2641864564311336,-0.9434524696332709
holdout,n64_m16384_fp16_unit,16384,64,fp16,unit,1,0.009194720089435577,0.006758400201797485,0.0035019201040267945,1.3604876620047035,0.5181581438600533,0.2649694459364066,-0.9299127338816564
holdout,n64_m16384_fp16_unit,16384,64,fp16,unit,2,0.009077920019626616,0.006676480174064636,0.00345088005065918,1.3596865089018881,0.5168711597563671,0.2645363519804125,-0.9347181229290509
holdout,n64_m16384_fp16_unit,16384,64,fp16,unit,3,0.00907263994216919,0.006676480174064636,0.00345088005065918,1.3588956614313996,0.5168711597563671,0.2641083282680843,-0.9347181229290509
holdout,n128_m1_bf16_normalized,1,128,bf16,normalized,1,0.002744320034980774,0.0030720001459121704,0.0019865599274635315,0.893333302289249,0.646666612339519,-0.11940302397482294,-0.5463918824913301
holdout,n128_m1_bf16_normalized,1,128,bf16,normalized,2,0.002744320034980774,0.003057119995355606,0.00187391996383667,0.8976814907985164,0.6129690580296291,-0.11398086097382709,-0.6314037175293488
holdout,n128_m1_bf16_normalized,1,128,bf16,normalized,3,0.0027446401119232177,0.0030723200738430024,0.001884160041809082,0.8933444582452286,0.613269449967264,-0.11938904503227321,-0.6306046225739428
holdout,n128_m1_bf16_unit,1,128,bf16,unit,1,0.0027136000990867614,0.003061760067939758,0.001990879997611046,0.8862876381142198,0.6502403694064435,-0.12830187062941478,-0.5378928270984256
holdout,n128_m1_bf16_unit,1,128,bf16,unit,2,0.0027136000990867614,0.003071680068969727,0.00187391996383667,0.8834253692302437,0.6100635228151224,-0.13195753125284537,-0.6391735657059541
holdout,n128_m1_bf16_unit,1,128,bf16,unit,3,0.0027136000990867614,0.003066240102052689,0.0018840000033378602,0.884992697496242,0.6144332930994607,-0.12995282653645446,-0.6275159748515222
holdout,n128_m1_fp16_normalized,1,128,fp16,normalized,1,0.0025497600436210632,0.0030515199899673463,0.0019968000054359438,0.8355704868406737,0.6543624200401555,-0.19678712418510735,-0.5282051190204875
holdout,n128_m1_fp16_normalized,1,128,fp16,normalized,2,0.0025600001215934755,0.003061760067939758,0.0019046400487422943,0.8361204224980587,0.6220735807113443,-0.1959999697320176,-0.6075268762523154
holdout,n128_m1_fp16_normalized,1,128,fp16,normalized,3,0.0025600001215934755,0.0030518400669097903,0.0018943999707698822,0.8388382305320676,0.6207402515322828,-0.19212496951373903,-0.6109797899065241
holdout,n128_m1_fp16_unit,1,128,fp16,unit,1,0.0025804799795150755,0.0031027200818061827,0.0019862399995326996,0.8316831397864624,0.6401608740600447,-0.20238099362787798,-0.562107339765666
holdout,n128_m1_fp16_unit,1,128,fp16,unit,2,0.0025804799795150755,0.0030927999317646028,0.00187391996383667,0.8343507619139069,0.6058975702212659,-0.19853668942078073,-0.650443984508492
holdout,n128_m1_fp16_unit,1,128,fp16,unit,3,0.0025804799795150755,0.003102560043334961,0.0018636800348758697,0.8317260402610296,0.6006910450869433,-0.20231897475057914,-0.6647493052859832
holdout,n128_m17_bf16_normalized,17,128,bf16,normalized,1,0.004372479915618896,0.004689759910106658,0.0020259200036525727,0.9323462180219485,0.43198799991586295,-0.07256293924974,-1.3148791174633718
holdout,n128_m17_bf16_normalized,17,128,bf16,normalized,2,0.004372479915618896,0.004679679870605469,0.0019148799777030945,0.9343544935805991,0.40919037854086,-0.07025760230235178,-1.443850228262746
holdout,n128_m17_bf16_normalized,17,128,bf16,normalized,3,0.004372479915618896,0.0046847999095916745,0.0019251200556755065,0.9333333333333333,0.41092898156312063,-0.0714285714285714,-1.433510520957002
holdout,n128_m17_bf16_unit,17,128,bf16,unit,1,0.0043520000576972966,0.004730879962444305,0.001966080069541931,0.9199134394119667,0.415584433583074,-0.08705880048804016,-1.4062498957870693
holdout,n128_m17_bf16_unit,17,128,bf16,unit,2,0.004351040124893188,0.004730879962444305,0.0019139200448989868,0.9197105315361109,0.4045589953861609,-0.08729862898252216,-1.4718273759936467
holdout,n128_m17_bf16_unit,17,128,bf16,unit,3,0.0043520000576972966,0.004731680005788804,0.0019148799777030945,0.9197578983306138,0.40469346518792554,-0.08724263397468812,-1.4710060478382938
holdout,n128_m17_fp16_normalized,17,128,fp16,normalized,1,0.0041569600999355315,0.004648959934711456,0.0020422399789094925,0.8941699129083888,0.4392896492097316,-0.11835567889707543,-1.2764023732381782
holdout,n128_m17_fp16_normalized,17,128,fp16,normalized,2,0.004147199988365173,0.004659200012683868,0.0019456000626087188,0.8901098851895469,0.4175824298832757,-0.12345679633369344,-1.3947367715627403
holdout,n128_m17_fp16_normalized,17,128,fp16,normalized,3,0.004157440066337586,0.004659200012683868,0.0019353599846363067,0.8923077041165162,0.41538461095630647,-0.12068964034117702,-1.4074074330721613
holdout,n128_m17_fp16_unit,17,128,fp16,unit,1,0.00419840008020401,0.004700160026550293,0.001966080069541931,0.8932461993821618,0.4183006660275237,-0.1195121800592911,-1.390624928945729
holdout,n128_m17_fp16_unit,17,128,fp16,unit,2,0.00419840008020401,0.004710400104522705,0.0018636800348758697,0.8913043450752524,0.3956521725376262,-0.1219512229748756,-1.5274725362588546
holdout,n128_m17_fp16_unit,17,128,fp16,unit,3,0.00419840008020401,0.0047012799978256225,0.0018735999614000322,0.8930334041252173,0.39852975408114094,-0.11977894150506407,-1.5092229369564194
holdout,n128_m64_bf16_normalized,64,128,bf16,normalized,1,0.004485119879245758,0.004792320132255554,0.0019820799678564073,0.9358973848716553,0.413595067348625,-0.06849320893992616,-1.4178238062909152
holdout,n128_m64_bf16_normalized,64,128,bf16,normalized,2,0.004485119879245758,0.004801920056343079,0.0018227200210094452,0.9340263533377976,0.37958150065445795,-0.07063360303105126,-1.63448033762405
holdout,n128_m64_bf16_normalized,64,128,bf16,normalized,3,0.0044945599138736725,0.004792320132255554,0.0018222399801015854,0.9378672104190716,0.3802417054396426,-0.0662490263980604,-1.6299061509935666
holdout,n128_m64_bf16_unit,64,128,bf16,unit,1,0.004444159865379334,0.004788000136613846,0.0019756799936294558,0.9281870799031177,0.4126315658434149,-0.07736901498820492,-1.4234694647172947
holdout,n128_m64_bf16_unit,64,128,bf16,unit,2,0.004444159865379334,0.004801599979400635,0.0018727999925613405,0.9255581232183528,0.3900366545726107,-0.08042917555820006,-1.5638615967921448
holdout,n128_m64_bf16_unit,64,128,bf16,unit,3,0.004444159865379334,0.00479296013712883,0.0018731199949979782,0.9272265443963319,0.39080650399901934,-0.07848508656646258,-1.558811047838931
holdout,n128_m64_fp16_normalized,64,128,fp16,normalized,1,0.004255360066890717,0.004761599898338318,0.0020022399723529814,0.8936828288272883,0.4204973149994636,-0.11896521645405622,-1.378136469197849
holdout,n128_m64_fp16_normalized,64,128,fp16,normalized,2,0.004259839951992035,0.0047710400819778445,0.001884160041809082,0.8928535243464376,0.3949159951362219,-0.12000453907822428,-1.5321840905812416
holdout,n128_m64_fp16_normalized,64,128,fp16,normalized,3,0.004258719980716705,0.004761599898338318,0.001884160041809082,0.8943884559059434,0.39569894195995087,-0.11808240971433448,-1.5271738030100952
holdout,n128_m64_fp16_unit,64,128,fp16,unit,1,0.004259839951992035,0.00479200005531311,0.002001919969916344,0.8889482267991535,0.4177629271303374,-0.12492490547026769,-1.3937021096369593
holdout,n128_m64_fp16_unit,64,128,fp16,unit,2,0.004259839951992035,0.00479200005531311,0.0018793600052595138,0.8889482267991535,0.3921869748677864,-0.12492490547026769,-1.5498042109560592
holdout,n128_m64_fp16_unit,64,128,fp16,unit,3,0.004259839951992035,0.0047912000119686125,0.001884160041809082,0.8890966650005806,0.39325430729303174,-0.12473709481223505,-1.5428837814479537
holdout,n128_m257_bf16_normalized,257,128,bf16,normalized,1,0.0045875200629234315,0.004803360104560853,0.0019763199985027313,0.9550647802915134,0.41144531234004084,-0.04704939459161195,-1.4304566609657847
holdout,n128_m257_bf16_normalized,257,128,bf16,normalized,2,0.0045875200629234315,0.004801760017871857,0.00187391996383667,0.955383035772084,0.39025689681742826,-0.0467006033782662,-1.5624146764735447
holdout,n128_m257_bf16_normalized,257,128,bf16,normalized,3,0.004587039947509766,0.004802559912204743,0.00187391996383667,0.9551239404328354,0.3901918972576434,-0.04698454061032953,-1.5628415326618144
holdout,n128_m257_bf16_unit,257,128,bf16,unit,1,0.004577279984951019,0.004792320132255554,0.0019507200270891191,0.9551281756289257,0.40705127647033734,-0.046979898107945006,-1.4566929470687264
holdout,n128_m257_bf16_unit,257,128,bf16,unit,2,0.0045875200629234315,0.004787040054798126,0.0018534399569034576,0.9583208016664259,0.3871787024313125,-0.04349190611442233,-1.582786691831029
holdout,n128_m257_bf16_unit,257,128,bf16,unit,3,0.0045875200629234315,0.004796959906816483,0.0018636800348758697,0.95633904640407,0.3885127395431384,-0.045654262220181874,-1.573918171064157
holdout,n128_m257_fp16_normalized,257,128,fp16,normalized,1,0.004382719993591308,0.004761599898338318,0.002037279978394508,0.9204301258324478,0.4278561873931216,-0.08644857652349036,-1.3372339338899937
holdout,n128_m257_fp16_normalized,257,128,fp16,normalized,2,0.004392960071563721,0.004761599898338318,0.0019148799777030945,0.922580679888026,0.4021505415378014,-0.08391604311654399,-1.4866309919068006
holdout,n128_m257_fp16_normalized,257,128,fp16,normalized,3,0.004392960071563721,0.00477183997631073,0.0019251200556755065,0.920600877936411,0.4034334900651638,-0.08624706315897446,-1.4787233202639594
holdout,n128_m257_fp16_unit,257,128,fp16,unit,1,0.004414079934358597,0.004812799990177154,0.0019756799936294558,0.9171542435521238,0.41050531866310386,-0.0903291425954873,-1.4360220307417904
holdout,n128_m257_fp16_unit,257,128,fp16,unit,2,0.004423519968986512,0.004812799990177154,0.001884160041809082,0.9191156869213022,0.391489371188211,-0.08800232030597832,-1.5543477641931784
holdout,n128_m257_fp16_unit,257,128,fp16,unit,3,0.004423680007457733,0.004812799990177154,0.0018857599794864655,0.919148939595743,0.39182180504805325,-0.0879629589082882,-1.552180575752693
holdout,n128_m4096_bf16_normalized,4096,128,bf16,normalized,1,0.010465279817581177,0.007817600071430206,0.0023552000522613524,1.3386819128580194,0.30126893557378864,0.25299655549610756,-2.319293434935225
holdout,n128_m4096_bf16_normalized,4096,128,bf16,normalized,2,0.010444799661636353,0.007802879810333252,0.002364640012383461,1.3385826663387075,0.3030470890057795,0.25294117042827025,-2.299817210852432
holdout,n128_m4096_bf16_normalized,4096,128,bf16,normalized,3,0.010444799661636353,0.007802879810333252,0.0023654399812221526,1.3385826663387075,0.3031496112614257,0.25294117042827025,-2.298701244705324
holdout,n128_m4096_bf16_unit,4096,128,bf16,unit,1,0.010813440084457398,0.00809984028339386,0.00243711993098259,1.3350189270555013,0.3008849367041382,0.25094694933982276,-2.323529622166847
holdout,n128_m4096_bf16_unit,4096,128,bf16,unit,2,0.010813440084457398,0.0081044802069664,0.00243711993098259,1.3342546108216105,0.3007126760440115,0.25051786076705584,-2.3254334774156407
holdout,n128_m4096_bf16_unit,4096,128,bf16,unit,3,0.01043455958366394,0.007813119888305664,0.0023552000522613524,1.3355176591212854,0.301441688586721,0.251226673664534,-2.3173911833111047
holdout,n128_m4096_fp16_normalized,4096,128,fp16,normalized,1,0.009994239807128906,0.007813119888305664,0.0022732800245285033,1.2791611993677259,0.29095675697118756,0.2182377010072788,-2.4369368507191136
holdout,n128_m4096_fp16_normalized,4096,128,fp16,normalized,2,0.010003839731216432,0.007813119888305664,0.002273439988493919,1.2803898921594359,0.2909772307342557,0.2189878988239633,-2.436695020694874
holdout,n128_m4096_fp16_normalized,4096,128,fp16,normalized,3,0.009994239807128906,0.007813439965248109,0.00228255994617939,1.279108798631634,0.29213252502502707,0.2182056748653588,-2.4231039488476322
holdout,n128_m4096_fp16_unit,4096,128,fp16,unit,1,0.01001471996307373,0.007823359966278077,0.0022937600314617158,1.2801047128396652,0.29319372256278275,0.21881390641731713,-2.410714224230589
holdout,n128_m4096_fp16_unit,4096,128,fp16,unit,2,0.01001471996307373,0.007833600044250488,0.0022937600314617158,1.278431360613577,0.29281045987856286,0.21779140374024097,-2.4151785438769147
holdout,n128_m4096_fp16_unit,4096,128,fp16,unit,3,0.01001471996307373,0.007833600044250488,0.0022937600314617158,1.278431360613577,0.29281045987856286,0.21779140374024097,-2.4151785438769147
holdout,n128_m16384_bf16_normalized,16384,128,bf16,normalized,1,0.026224639415740967,0.021867519617080687,0.004444159865379334,1.1992507552277187,0.20323109082330523,0.16614603272847983,-3.9205069753300092
holdout,n128_m16384_bf16_normalized,16384,128,bf16,normalized,2,0.026316800117492677,0.021934080123901366,0.004464319944381714,1.1998132572159022,0.2035334930466031,0.16653696399351126,-3.913196275617546
holdout,n128_m16384_bf16_normalized,16384,128,bf16,normalized,3,0.026311360597610474,0.021913599967956544,0.0044646400213241575,1.2006863608026346,0.20373831902802997,0.16714303364658845,-3.9082568501138057
holdout,n128_m16384_bf16_unit,16384,128,bf16,unit,1,0.026224639415740967,0.021872639656066895,0.004450239986181259,1.1989700295943448,0.20346149601321117,0.16595079500165966,-3.914934862835511
holdout,n128_m16384_bf16_unit,16384,128,bf16,unit,2,0.02634752035140991,0.021964800357818604,0.004475999921560288,1.1995337959915138,0.20378058751474187,0.1663427880550732,-3.9072387718366848
holdout,n128_m16384_bf16_unit,16384,128,bf16,unit,3,0.026357760429382326,0.021949440240859985,0.004485119879245758,1.2008397544606186,0.20433869064672008,0.1672494216772743,-3.893835801898593
holdout,n128_m16384_fp16_normalized,16384,128,fp16,normalized,1,0.029075520038604738,0.022085919380187988,0.004443359971046447,1.3164731582189293,0.20118519381322794,0.2403946911056578,-3.9705447058313785
holdout,n128_m16384_fp16_normalized,16384,128,fp16,normalized,2,0.029071519374847414,0.022081758975982666,0.004444159865379334,1.3165400186854315,0.20125932314599784,0.2404332676506845,-3.9687139177874435
holdout,n128_m16384_fp16_normalized,16384,128,fp16,normalized,3,0.029081599712371828,0.02208255887031555,0.004444159865379334,1.316948813910544,0.20125203294955954,0.2406690454197663,-3.9688939055370103
holdout,n128_m16384_fp16_unit,16384,128,fp16,unit,1,0.030054399967193602,0.02282495975494385,0.004597760140895844,1.3167339741172541,0.2014356296904303,0.24054515212884542,-3.9643650506954353
holdout,n128_m16384_fp16_unit,16384,128,fp16,unit,2,0.029070240259170533,0.02208255887031555,0.004454080015420914,1.3164344055365866,0.20170126304557506,0.24037233014098114,-3.957827159337355
holdout,n128_m16384_fp16_unit,16384,128,fp16,unit,3,0.029173760414123534,0.02216447949409485,0.00447488009929657,1.3162393649666406,0.20189421098243185,0.2402597683854073,-3.9530890218888777
holdout,n256_m1_bf16_normalized,1,256,bf16,normalized,1,0.004003840088844299,0.004648959934711456,0.0019353599846363067,0.8612335113816812,0.4162995620129876,-0.16112527762150708,-1.4021163874508287
holdout,n256_m1_bf16_normalized,1,256,bf16,normalized,2,0.004003840088844299,0.004648959934711456,0.0018478400260210038,0.8612335113816812,0.39747385479150027,-0.16112527762150708,-1.5158887507822674
holdout,n256_m1_bf16_normalized,1,256,bf16,normalized,3,0.004003840088844299,0.004648959934711456,0.0018534399569034576,0.8612335113816812,0.3986784104256846,-0.16112527762150708,-1.5082873159152532
holdout,n256_m1_bf16_unit,1,256,bf16,unit,1,0.003992159962654114,0.004628480076789856,0.0019912000000476835,0.8625207187718803,0.4302060216339328,-0.15939243920293622,-1.3244676962028006
holdout,n256_m1_bf16_unit,1,256,bf16,unit,2,0.003983359932899475,0.004628480076789856,0.00187391996383667,0.8606194402509317,0.4048672421069061,-0.16195376635743775,-1.4699454438350132
holdout,n256_m1_bf16_unit,1,256,bf16,unit,3,0.003983359932899475,0.004628480076789856,0.0018830399960279465,0.8606194402509317,0.4068376583212937,-0.16195376635743775,-1.457982882229318
holdout,n256_m1_fp16_normalized,1,256,fp16,normalized,1,0.003778559863567352,0.004556800127029419,0.0019548800587654114,0.8292134300897235,0.4290028099257009,-0.20596213678280262,-1.3309870631690974
holdout,n256_m1_fp16_normalized,1,256,fp16,normalized,2,0.003778559863567352,0.004556800127029419,0.0018534399569034576,0.8292134300897235,0.40674155223738473,-0.20596213678280262,-1.4585636616157047
holdout,n256_m1_fp16_normalized,1,256,fp16,normalized,3,0.003778559863567352,0.004556800127029419,0.0018534399569034576,0.8292134300897235,0.40674155223738473,-0.20596213678280262,-1.4585636616157047
holdout,n256_m1_fp16_unit,1,256,fp16,unit,1,0.0037887999415397644,0.0045673599839210505,0.002006400004029274,0.8295382791980199,0.4392909713910468,-0.20548987922146145,-1.2763955217049587
holdout,n256_m1_fp16_unit,1,256,fp16,unit,2,0.0037887999415397644,0.0045673599839210505,0.00190528005361557,0.8295382791980199,0.41715127783291095,-0.20548987922146145,-1.3972118824493878
holdout,n256_m1_fp16_unit,1,256,fp16,unit,3,0.0037887999415397644,0.0045673599839210505,0.0019147200137376785,0.8295382791980199,0.41921810859627123,-0.20548987922146145,-1.38539313902361
screen,n256_m17_bf16_normalized,17,256,bf16,normalized,1,0.007402560114860535,0.008048639893531799,0.002078720033168793,0.9197280798721684,0.25826972763924166,-0.08727788341418097,-2.8719210692661115
screen,n256_m17_bf16_normalized,17,256,bf16,normalized,2,0.007394720017910004,0.008048799932003022,0.0019968000054359438,0.9187357221425873,0.24808667407627072,-0.08845228926975435,-3.030849313948093
screen,n256_m17_bf16_normalized,17,256,bf16,normalized,3,0.007393600046634674,0.008048639893531799,0.002007039934396744,0.9186148398285852,0.24936386283223824,-0.08859552082415889,-3.0102041596651032
screen,n256_m17_bf16_unit,17,256,bf16,unit,1,0.007433759868144989,0.008058879971504212,0.0019555200636386873,0.9224308954135543,0.24265407482842608,-0.0840920495748021,-3.1210929620987082
screen,n256_m17_bf16_unit,17,256,bf16,unit,2,0.007434239983558655,0.008058879971504212,0.0018534399569034576,0.9224904713614979,0.2299872889852097,-0.08402203713183765,-3.3480663840700746
screen,n256_m17_bf16_unit,17,256,bf16,unit,3,0.007434239983558655,0.00806304007768631,0.0018636800348758697,0.9220145146161683,0.2311386297128084,-0.084581624418675,-3.326407927755339
screen,n256_m17_fp16_normalized,17,256,fp16,normalized,1,0.00712559998035431,0.007946239709854126,0.0019446400552988051,0.8967260289817155,0.24472456486396432,-0.1151678078705467,-3.0862264912223774
screen,n256_m17_fp16_normalized,17,256,fp16,normalized,2,0.007126079797744751,0.007936000227928161,0.0018534399569034576,0.8979434971116609,0.2335483749585693,-0.11365581822978355,-3.2817681783373427
screen,n256_m17_fp16_normalized,17,256,fp16,normalized,3,0.0071270400285720825,0.007936000227928161,0.0018644800037145616,0.8980644939362266,0.2349395098494495,-0.11350577464318734,-3.256414770937444
screen,n256_m17_fp16_unit,17,256,fp16,unit,1,0.0071561598777771,0.00796671986579895,0.001966080069541931,0.8982567478616166,0.24678664527697194,-0.11326745096053292,-3.0520831217495044
screen,n256_m17_fp16_unit,17,256,fp16,unit,2,0.007148000001907349,0.00796671986579895,0.00187391996383667,0.8972325025000116,0.23521850842043407,-0.11453831332864262,-3.2513661306472565
screen,n256_m17_fp16_unit,17,256,fp16,unit,3,0.007147520184516907,0.00796671986579895,0.0018687999993562698,0.897172274777872,0.23457583934625462,-0.11461313296555775,-3.263013628287233
holdout,n256_m64_bf16_normalized,64,256,bf16,normalized,1,0.007321599721908569,0.00796671986579895,0.001955839991569519,0.919023116821281,0.24550128842435154,-0.08811191111144412,-3.073298378261419
holdout,n256_m64_bf16_normalized,64,256,bf16,normalized,2,0.007320800125598907,0.00796671986579895,0.001884160041809082,0.9189227497538892,0.23650386527305453,-0.08823075744704911,-3.228260704515143
holdout,n256_m64_bf16_normalized,64,256,bf16,normalized,3,0.007321599721908569,0.00796671986579895,0.001884160041809082,0.919023116821281,0.23650386527305453,-0.08811191111144412,-3.228260704515143
holdout,n256_m64_bf16_unit,64,256,bf16,unit,1,0.007342079877853394,0.007976159751415253,0.001966080069541931,0.9205031126101316,0.24649457017120036,-0.08636243191448978,-3.0568844956927848
holdout,n256_m64_bf16_unit,64,256,bf16,unit,2,0.007342079877853394,0.00796671986579895,0.001884160041809082,0.921593830526522,0.23650386527305453,-0.08507670828122116,-3.228260704515143
holdout,n256_m64_bf16_unit,64,256,bf16,unit,3,0.007342079877853394,0.00796671986579895,0.00187391996383667,0.921593830526522,0.23521850842043407,-0.08507670828122116,-3.2513661306472565
holdout,n256_m64_fp16_normalized,64,256,fp16,normalized,1,0.007137280106544495,0.007874559760093689,0.0020479999482631685,0.9063719527172116,0.2600780247604346,-0.10329980644491576,-2.844999979991116
holdout,n256_m64_fp16_normalized,64,256,fp16,normalized,2,0.007137280106544495,0.007874559760093689,0.001955839991569519,0.9063719527172116,0.24837451885008607,-0.10329980644491576,-3.026177905164177
holdout,n256_m64_fp16_normalized,64,256,fp16,normalized,3,0.007137280106544495,0.007874559760093689,0.0019456000626087188,0.9063719527172116,0.24707413771478834,-0.10329980644491576,-3.0473681675026487
holdout,n256_m64_fp16_unit,64,256,fp16,unit,1,0.007065600156784058,0.007853600084781646,0.0019763199985027313,0.8996638586774314,0.25164510252213573,-0.11152625545064088,-2.973850434510387
holdout,n256_m64_fp16_unit,64,256,fp16,unit,2,0.007064799964427948,0.007853920161724091,0.0018745599687099456,0.8995253095209825,0.2386782562223605,-0.11169745799873332,-3.189740681984735
holdout,n256_m64_fp16_unit,64,256,fp16,unit,3,0.007056479752063751,0.007853760123252868,0.00187391996383667,0.8984842472042679,0.23860162959249262,-0.11298556776216118,-3.1910862122270434
holdout,n256_m257_bf16_normalized,257,256,bf16,normalized,1,0.0077292799949646,0.007956479787826537,0.002027519941329956,0.9714446842170636,0.2548262542477735,-0.02939469045110954,-2.924242433150851
holdout,n256_m257_bf16_normalized,257,256,bf16,normalized,2,0.007720959782600403,0.007966559827327729,0.0019251200556755065,0.9691711290631569,0.24165010963349046,-0.03180952260375691,-3.138214551264616
holdout,n256_m257_bf16_normalized,257,256,bf16,normalized,3,0.007720959782600403,0.00796671986579895,0.0019251200556755065,0.9691516599882477,0.24164525527501324,-0.0318302503987109,-3.138297682948144
holdout,n256_m257_bf16_unit,257,256,bf16,unit,1,0.007750719785690308,0.007987200021743775,0.0019968000054359438,0.9703925987317594,0.25,-0.030510745142672713,-3.0
holdout,n256_m257_bf16_unit,257,256,bf16,unit,2,0.007741439938545227,0.007987200021743775,0.0019046400487422943,0.9692307588980483,0.2384615439149189,-0.03174604274521209,-3.193548291194457
holdout,n256_m257_bf16_unit,257,256,bf16,unit,3,0.007741119861602783,0.007987200021743775,0.0019046400487422943,0.9691906851623747,0.2384615439149189,-0.03178870299652492,-3.193548291194457
holdout,n256_m257_fp16_normalized,257,256,fp16,normalized,1,0.007639039754867554,0.0078847998380661,0.002212160006165504,0.9688311576392757,0.2805600714790091,-0.032171593693035794,-2.564299063399754
holdout,n256_m257_fp16_normalized,257,256,fp16,normalized,2,0.007633920013904572,0.007875039875507354,0.002099200040102005,0.9693817599130254,0.2665637346968688,-0.03158532721899143,-2.7514480397612266
holdout,n256_m257_fp16_normalized,257,256,fp16,normalized,3,0.007639039754867554,0.0078847998380661,0.002109439969062805,0.9688311576392757,0.26753246910325956,-0.032171593693035794,-2.737864055723381
holdout,n256_m257_fp16_unit,257,256,fp16,unit,1,0.007639039754867554,0.007905600070953369,0.0019968000054359438,0.9662820894437595,0.25258044772243854,-0.03489447949475122,-2.9591346401400918
holdout,n256_m257_fp16_unit,257,256,fp16,unit,2,0.0076388800144195565,0.007906399965286255,0.0019251200556755065,0.9661641262722265,0.243488827295345,-0.03502083425341329,-3.10696462383068
holdout,n256_m257_fp16_unit,257,256,fp16,unit,3,0.007639039754867554,0.007905279994010925,0.0019353599846363067,0.9663212132467065,0.24481865109174425,-0.03485257934071151,-3.084656113987232
screen,n256_m4096_bf16_normalized,4096,256,bf16,normalized,1,0.03205120086669922,0.028252160549163817,0.0029279999434947968,1.1344690191365858,0.10363808949759976,0.11853035813964019,-8.648962122397672
screen,n256_m4096_bf16_normalized,4096,256,bf16,normalized,2,0.03208192110061645,0.02828752040863037,0.0029286399483680727,1.1341369139879942,0.10353116519447779,0.11827224062068942,-8.658927320305468
screen,n256_m4096_bf16_normalized,4096,256,bf16,normalized,3,0.03207136034965515,0.028282880783081055,0.0029286399483680727,1.1339495646016506,0.10354814881940874,0.11812656292937174,-8.6573430949889
screen,n256_m4096_bf16_unit,4096,256,bf16,unit,1,0.03206144094467163,0.028287839889526368,0.0029286399483680727,1.1334001136135687,0.10352999592069975,0.11769904732782777,-8.659036408790781
screen,n256_m4096_bf16_unit,4096,256,bf16,unit,2,0.03209120035171509,0.028313601016998292,0.0029286399483680727,1.1334199536275475,0.10343579916273599,0.11771449161498582,-8.66783268553565
screen,n256_m4096_bf16_unit,4096,256,bf16,unit,3,0.03208704113960266,0.028334081172943115,0.0029286399483680727,1.132453914554439,0.10336103473737135,0.11696185853757468,-8.67482574590015
screen,n256_m4096_fp16_normalized,4096,256,fp16,normalized,1,0.03189839959144593,0.025927200317382812,0.00289792001247406,1.2303063655530806,0.11177142063160435,0.18719432167576178,-7.946830901398075
screen,n256_m4096_fp16_normalized,4096,256,fp16,normalized,2,0.0319488000869751,0.02593680024147034,0.00289792001247406,1.2317941993435326,0.11173005095056317,0.1881760763827789,-7.9501435960363676
screen,n256_m4096_fp16_normalized,4096,256,fp16,normalized,3,0.0319488000869751,0.025928479433059693,0.00289792001247406,1.2321894991743825,0.1117659066724566,0.18843651835205455,-7.94727229235137
screen,n256_m4096_fp16_unit,4096,256,fp16,unit,1,0.03229183912277221,0.026224639415740967,0.0029396799206733706,1.2313549334596188,0.11209610450959602,0.18788647137637493,-7.9209166043267345
screen,n256_m4096_fp16_unit,4096,256,fp16,unit,2,0.03192415952682495,0.02592767953872681,0.0029183998703956604,1.2312771561042135,0.11255923870998946,0.18783517176261055,-7.884210762801219
screen,n256_m4096_fp16_unit,4096,256,fp16,unit,3,0.03191215991973877,0.02592767953872681,0.0029183998703956604,1.2308143454208178,0.11255923870998946,0.18752978162754663,-7.884210762801219
holdout,n256_m16384_bf16_normalized,16384,256,bf16,normalized,1,0.10783663749694825,0.08679423809051513,0.007280640006065368,1.2424400498163095,0.08388390941887876,0.19513219157105677,-10.921237421189407
holdout,n256_m16384_bf16_normalized,16384,256,bf16,normalized,2,0.10783743858337402,0.0868454360961914,0.007279360294342041,1.2417168181864104,0.08381972181335245,0.19466340041963026,-10.930366486144797
holdout,n256_m16384_bf16_normalized,16384,256,bf16,normalized,3,0.10769408226013183,0.08673216342926025,0.007280640006065368,1.2416856446567064,0.08394394556989855,0.19464318178819418,-10.912711431550697
holdout,n256_m16384_bf16_unit,16384,256,bf16,unit,1,0.10770431995391845,0.08694224357604981,0.007296000123023987,1.238803089544241,0.08391778061998201,0.1927692072774031,-10.916425727802029
holdout,n256_m16384_bf16_unit,16384,256,bf16,unit,2,0.10781696319580078,0.08694191932678222,0.007290880084037781,1.240103324502845,0.08385920325308306,0.1936155800558812,-10.9247495946515
holdout,n256_m16384_bf16_unit,16384,256,bf16,unit,3,0.10778608322143554,0.08693295955657959,0.007290880084037781,1.2398759201483744,0.08386784622571801,0.19346768192713082,-10.923520693599864
holdout,n256_m16384_fp16_normalized,16384,256,fp16,normalized,1,0.10597375869750977,0.0768511986732483,0.0072702401876449585,1.3789473752788577,0.09460151973108664,0.27480916391187515,-9.570654708746648
holdout,n256_m16384_fp16_normalized,16384,256,fp16,normalized,2,0.10482687950134277,0.07684607982635498,0.007260159850120545,1.3641148610080633,0.09447664560802507,0.2669239016566297,-9.584626428725128
holdout,n256_m16384_fp16_normalized,16384,256,fp16,normalized,3,0.10495935916900635,0.07696287870407104,0.0072396802902221676,1.3637660250805355,0.0940671712405583,0.2667363890804171,-9.630701304312602
holdout,n256_m16384_fp16_unit,16384,256,fp16,unit,1,0.1075968027114868,0.08003071784973145,0.007511039972305298,1.3444438036094393,0.0938519630226021,0.25619799257113474,-9.655078144281042
holdout,n256_m16384_fp16_unit,16384,256,fp16,unit,2,0.10481152057647705,0.0768452787399292,0.007229440212249756,1.363929213285766,0.09407787089583815,0.26682412088604257,-9.629492254423864
holdout,n256_m16384_fp16_unit,16384,256,fp16,unit,3,0.10488831996917725,0.07687680006027223,0.007229440212249756,1.3643689628983475,0.09403929672647403,0.26706043072418895,-9.633852387354988
