dtype,dim,rows,normalized,mode,original_target,run1_baseline128_us,run1_candidate256_us,run1_time_reduction_percent,run1_dao_us,run1_dao_over_candidate,run2_baseline128_us,run2_candidate256_us,run2_time_reduction_percent,run2_dao_us,run2_dao_over_candidate,run3_baseline128_us,run3_candidate256_us,run3_time_reduction_percent,run3_dao_us,run3_dao_over_candidate,min_time_reduction_percent,max_time_reduction_percent,stable_at_least_5_percent,any_run_regression_over_3_percent,every_run_regression_over_3_percent
bf16,16,4095,False,fused_int4,False,1.8160000443458557,1.664000004529953,8.370046040976554,,,1.8144000321626663,1.6623999923467636,8.377427090029698,,,1.8175000324845314,1.6631999984383583,8.48968535286595,,,8.370046040976554,8.48968535286595,True,False,False
bf16,16,4095,False,transform,False,1.5535750426352024,1.3352000154554844,14.056290889515466,2.9848000034689903,2.2354703182434945,1.551199983805418,1.3344000093638897,13.97627492940482,2.9839999973773956,2.236211013517508,1.553600002080202,1.3352000154554844,14.057671622830181,2.9848000034689903,2.2354703182434945,13.97627492940482,14.057671622830181,True,False,False
bf16,16,4095,True,fused_int4,False,1.8119249492883682,1.6752000898122787,7.5458345849141235,,,1.8095999956130981,1.6736000776290894,7.51546851866186,,,1.8112000077962875,1.6752000898122787,7.508829361671754,,,7.508829361671754,7.5458345849141235,True,False,False
bf16,16,4095,True,transform,False,1.5544000081717968,1.336000021547079,14.050436533488453,2.9823999851942062,2.232335282255914,1.553600002080202,1.3358750380575657,14.014222691240485,2.980799973011017,2.231346411970734,1.5552000142633915,1.3376000337302685,13.991768167272522,2.983199991285801,2.230263095139375,13.991768167272522,14.050436533488453,True,False,False
bf16,16,4096,False,fused_int4,True,1.8144000321626663,1.6648000106215477,8.245150952891212,,,1.8120000138878822,1.6631249338388443,8.216063957395182,,,1.8136000260710716,1.6648000106215477,8.204676516898813,,,8.204676516898813,8.245150952891212,True,False,False
bf16,16,4096,False,transform,True,1.5544000081717968,1.336000021547079,14.050436533488453,2.9839999973773956,2.233532896146172,1.5527999959886074,1.3352000154554844,14.013393939673835,2.9815999791026115,2.233073655324578,1.5552000142633915,1.336000021547079,14.094649608149268,2.9839999973773956,2.233532896146172,14.013393939673835,14.094649608149268,True,False,False
bf16,16,4096,True,fused_int4,True,1.812800019979477,1.6750749200582504,7.597368623307144,,,1.9807999953627586,1.8295250833034515,7.6370614102108325,,,1.9840000197291374,1.8319999799132347,7.661292253245755,,,7.597368623307144,7.661292253245755,True,False,False
bf16,16,4096,True,transform,True,1.5552000142633915,1.3367249630391598,14.048035572306162,2.9848000034689903,2.2329200740613007,1.5543250367045403,1.336000021547079,14.046290833759656,2.9823999851942062,2.232335282255914,1.5560000203549862,1.336000021547079,14.138817219148637,2.9848000034689903,2.234131703091301,14.046290833759656,14.138817219148637,True,False,False
bf16,16,4097,False,fused_int4,False,1.9943999126553535,1.839200034737587,7.781783228777462,,,1.9816000014543533,1.83119997382164,7.589827791801085,,,1.9840000197291374,1.8327999860048294,7.620969365965546,,,7.589827791801085,7.781783228777462,True,False,False
bf16,16,4097,False,transform,False,1.5527999959886074,1.3352000154554844,14.013393939673835,2.980799973011017,2.232474489594849,1.6992000862956047,1.4592000283300877,14.124296479335573,3.2623250037431717,2.2356941751684207,1.7000000923871994,1.4599500223994255,14.120591584832631,3.2638750970363617,2.2356074159800268,14.013393939673835,14.124296479335573,True,False,False
bf16,16,4097,True,fused_int4,False,1.9872000440955162,1.8200000748038292,8.41384689923298,,,1.9856000319123268,1.8192000687122345,8.380336448717362,,,1.988000050187111,1.820800080895424,8.410461019653903,,,8.380336448717362,8.41384689923298,True,False,False
bf16,16,4097,True,transform,False,1.7015999183058739,1.4600000344216824,14.198395362214766,3.267199918627739,2.2378081106839858,1.7000000923871994,1.4576000161468983,14.25882723923353,3.266400098800659,2.240944060521654,1.7015999183058739,1.4592000283300877,14.24541029698223,3.2680001109838486,2.2395833659102626,14.198395362214766,14.25882723923353,True,False,False
bf16,16,16383,False,transform,False,3.2632000744342804,2.4407999590039253,25.2022584172357,9.471999853849411,3.880694859448815,3.2615501433610916,2.4383999407291412,25.238005440679135,9.471199661493301,3.8841863072967353,3.26399989426136,2.4399999529123306,25.24509706013639,9.471199661493301,3.8816392804387903,25.2022584172357,25.24509706013639,True,False,False
bf16,16,16383,True,transform,False,2.9920000582933426,2.2312000393867493,25.427807623124142,8.657500147819519,3.8801989938109958,2.988800033926964,2.2304000332951546,25.374732067148454,8.6559496819973,3.880895602933232,2.9896000400185585,2.2328000515699387,25.314422608982902,8.656799793243408,3.8771047981464313,25.314422608982902,25.427807623124142,True,False,False
bf16,16,16384,False,transform,True,2.9928000643849373,2.237600088119507,25.233893344647285,8.659200370311737,3.869860577986026,2.991200052201748,2.2352000698447227,25.27413643900388,8.658400177955627,3.873657796797187,2.9928000643849373,2.236800082027912,25.260624368250063,8.659999817609787,3.8716020654642134,25.233893344647285,25.27413643900388,True,False,False
bf16,16,16384,True,transform,True,2.993600070476532,2.2360000759363174,25.307321509369718,8.65359976887703,3.8701249888166322,2.9896000400185585,2.2336000576615334,25.287662972881552,8.65200012922287,3.873567293099499,2.9928000643849373,2.2350750863552094,25.318262554416616,8.654399961233139,3.872084662420034,25.287662972881552,25.318262554416616,True,False,False
bf16,16,16385,False,transform,False,2.9872000217437744,2.2328000515699387,25.254417671484074,8.656799793243408,3.8771047981464313,2.9839999973773956,2.2304000332951546,25.254690507525858,8.65517482161522,3.880548194230527,2.9864000156521797,2.232775092124939,25.235230363560714,8.657500147819519,3.8774618090083357,25.235230363560714,25.254690507525858,True,False,False
bf16,16,16385,True,transform,False,2.996000088751316,2.237600088119507,25.313750940104207,8.658400177955627,3.8695029661141107,2.9951749369502068,2.235949970781803,25.348267869170716,8.656799793243408,3.8716428839490296,2.996799908578396,2.2360000759363174,25.387074741435846,8.659200370311737,3.8726297299814387,25.313750940104207,25.387074741435846,True,False,False
bf16,64,4095,False,fused_int4,False,1.8367249518632889,1.7095999792218208,6.921285220876672,,,1.8334999680519104,1.7071999609470367,6.8884651925610445,,,1.8366999924182892,1.7111999914050102,6.832906927169935,,,6.832906927169935,6.921285220876672,True,False,False
bf16,64,4095,False,transform,False,1.5855999663472176,1.4480000361800194,8.678098706333238,3.0168000608682632,2.083425404343848,1.5846500173211098,1.4472000300884247,8.67383874863723,3.015200048685074,2.0834715215565907,1.587199978530407,1.448800042271614,8.719754166512638,3.0208000913262367,2.085035893973222,8.67383874863723,8.719754166512638,True,False,False
bf16,64,4095,True,fused_int4,False,1.8384000286459923,1.706399954855442,7.180160559928305,,,1.8368000164628029,1.7055999487638474,7.14286076453835,,,1.839200034737587,1.7079999670386314,7.133539866297078,,,7.133539866297078,7.180160559928305,True,False,False
bf16,64,4095,True,transform,False,1.5887999907135963,1.4480000361800194,8.86203142979236,3.0184000730514526,2.084530385105734,1.5879999846220016,1.44640002399683,8.916874181134027,3.017600066959858,2.086283197521899,1.589599996805191,1.4480000361800194,8.907898899708233,3.0191250145435333,2.085031035294938,8.86203142979236,8.916874181134027,True,False,False
bf16,64,4096,False,fused_int4,True,1.8384000286459923,1.706399954855442,7.180160559928305,,,1.8351249396800995,1.7055999487638474,7.058102046110881,,,1.8495500087738037,1.7287999391555786,6.528618801622931,,,6.528618801622931,7.180160559928305,True,False,False
bf16,64,4096,False,transform,True,1.5887999907135963,1.4480000361800194,8.86203142979236,3.0160000547766685,2.082872913962905,1.5879999846220016,1.4472000300884247,8.866495963291342,3.015200048685074,2.0834715215565907,1.5920000150799751,1.448800042271614,8.994973081150837,3.0168000608682632,2.082274967453851,8.86203142979236,8.994973081150837,True,False,False
bf16,64,4096,True,fused_int4,True,1.8432000651955605,1.7055999487638474,7.465283830549019,,,2.019999921321869,1.873599924147129,7.24752489489886,,,2.016800083220005,1.8719999119639397,7.17969879418483,,,7.17969879418483,7.465283830549019,True,False,False
bf16,64,4096,True,transform,True,1.589599996805191,1.4470749534666538,8.96609484304145,3.0208000913262367,2.087521509573172,1.5887999907135963,1.4456000179052353,9.013089982713552,3.0191749334335327,2.088527183202796,1.5904000028967857,1.450399961322546,8.802819499449255,3.0208000913262367,2.0827359155275507,8.802819499449255,9.013089982713552,True,False,False
bf16,64,4097,False,fused_int4,False,2.0095249637961388,1.8751999363303185,6.684416958526884,,,2.0072000101208687,1.873599924147129,6.6560425119614575,,,2.008800022304058,1.8743999302387238,6.690566038085755,,,6.6560425119614575,6.690566038085755,True,False,False
bf16,64,4097,False,transform,False,1.7432000488042831,1.5960000455379486,8.444240428245953,3.307199850678444,2.072180298443361,1.7374750226736069,1.5887999907135963,8.556959381852359,3.3023998141288757,2.078549744103177,1.738400012254715,1.589599996805191,8.559595858293246,3.3032000064849854,2.0780070540537374,8.444240428245953,8.559595858293246,True,False,False
bf16,64,4097,True,fused_int4,False,2.0055999979376793,1.868000067770481,6.860786313755963,,,2.00399998575449,1.8672000616788864,6.826343565272008,,,2.006400004029274,1.8696000799536705,6.818178020378807,,,6.818178020378807,6.860786313755963,True,False,False
bf16,64,4097,True,transform,False,1.740800030529499,1.5855999663472176,8.915444707056574,3.296799957752228,2.079212933730782,1.7383499071002007,1.5823999419808388,8.971149276816615,3.296799957752228,2.083417643219396,1.740724965929985,1.5831999480724335,9.049391543217943,3.2976001501083374,2.0828702995621042,8.915444707056574,9.049391543217943,True,False,False
bf16,64,16383,False,transform,False,3.3055998384952545,2.9335999861359596,11.253626286738728,9.491200000047684,3.2353422569207115,3.303999826312065,2.9311999678611755,11.283289287185283,9.492000192403793,3.238264293285276,3.306400030851364,2.9335999861359596,11.27510407805713,9.493599832057953,3.236160307105335,11.253626286738728,11.283289287185283,True,False,False
bf16,64,16383,True,transform,False,3.3103249967098236,2.9368000105023384,11.283634887170802,9.492675215005875,3.2323192526079283,3.309600055217743,2.935199998319149,11.312546853156302,9.492799639701843,3.234123618539767,3.3112000674009323,2.937600016593933,11.282919884096588,9.495999664068222,3.2325706734841915,11.282919884096588,11.312546853156302,True,False,False
bf16,64,16384,False,transform,True,3.072799928486347,2.7375999838113785,10.908616000915073,8.701600134372711,3.1785506231111427,3.3087998628616333,2.9335999861359596,11.339455158257294,9.491200000047684,3.2353422569207115,3.3103998750448227,2.9360000044107437,11.30980802218069,9.493599832057953,3.2335149243173524,10.908616000915073,11.339455158257294,True,False,False
bf16,64,16384,True,transform,True,3.0671000480651855,2.7375999838113785,10.743049104696311,8.671999722719193,3.16773808226202,3.0640000477433205,2.736799977719784,10.678853293900048,8.669599890708923,3.1677871825810824,3.3112000674009323,2.938400022685528,11.258759275395501,9.495200216770172,3.2314185078490802,10.678853293900048,11.258759275395501,True,False,False
bf16,64,16385,False,transform,False,3.0719999223947525,2.733599953353405,11.015624270509438,8.675999939441681,3.173836730864193,3.070399910211563,2.736799977719784,10.865031990858576,8.67839977145195,3.1710025731155267,3.071199916303158,2.7400000020861626,10.78405584927421,8.6776003241539,3.1670074151631415,10.78405584927421,11.015624270509438,True,False,False
bf16,64,16385,True,transform,False,3.0592000111937523,2.7448000386357307,10.277195718083743,8.671999722719193,3.1594285924848293,3.056799992918968,2.7424000203609467,10.285264763357905,8.672749996185303,3.1624671571595964,3.0598750337958336,2.745475061237812,10.274928521116832,8.674400299787521,3.1595261680784024,10.274928521116832,10.285264763357905,True,False,False
fp16,16,4095,False,fused_int4,False,1.982400007545948,1.812800019979477,8.555285861627004,,,1.9816000014543533,1.812800019979477,8.518368053642977,,,1.9832000136375427,1.815200038254261,8.47115642537435,,,8.47115642537435,8.555285861627004,True,False,False
fp16,16,4095,False,transform,False,1.6983749344944954,1.4560000039637089,14.270990792909167,3.266400098800659,2.2434066551569014,1.6968000680208206,1.4560000039637089,14.191422348184213,3.261600062251091,2.2401099267664475,1.6992000862956047,1.4576000161468983,14.218459150117768,3.26480008661747,2.23984635733459,14.191422348184213,14.270990792909167,True,False,False
fp16,16,4095,True,fused_int4,False,1.9816000014543533,1.8055999651551247,8.881713573377937,,,1.9816000014543533,1.8063250929117203,8.845120529571748,,,1.982400007545948,1.808750070631504,8.759581126586491,,,8.759581126586491,8.881713573377937,True,False,False
fp16,16,4095,True,transform,False,1.7000000923871994,1.4599249698221684,14.12206526576767,3.2680001109838486,2.2384712766313735,1.7015999183058739,1.462399959564209,14.057356031129464,3.2655999064445496,2.233041573262686,1.7038999125361443,1.4639999717473984,14.079462004999488,3.2679248601198196,2.2321891551809907,14.057356031129464,14.12206526576767,True,False,False
fp16,16,4096,False,fused_int4,True,1.9807999953627586,1.8120000138878822,8.521808454667468,,,1.979999989271164,1.8136000260710716,8.404038590997365,,,1.982324942946434,1.815200038254261,8.430752248103502,,,8.404038590997365,8.521808454667468,True,False,False
fp16,16,4096,False,transform,True,1.6983749344944954,1.4558999799191952,14.276880190031216,3.2632000744342804,2.241362812997218,1.6976000741124153,1.4576000161468983,14.137608829394066,3.2600000500679016,2.236553247773397,1.6992000862956047,1.458400022238493,14.171377814726672,3.261600062251091,2.236423486366157,14.137608829394066,14.276880190031216,True,False,False
fp16,16,4096,True,fused_int4,True,1.9832000136375427,1.8055999651551247,8.955226263672111,,,1.9832000136375427,1.807199977338314,8.874547957289147,,,1.9840000197291374,1.807199977338314,8.91129237059991,,,8.874547957289147,8.955226263672111,True,False,False
fp16,16,4096,True,transform,True,1.7000000923871994,1.458400022238493,14.211768059932472,3.2712001353502274,2.2430060926146136,1.7023999243974686,1.4623249880969524,14.102146790536663,3.2680001109838486,2.2347974202620815,1.7031999304890633,1.462399959564209,14.138091871323066,3.2712001353502274,2.2368710515589973,14.102146790536663,14.211768059932472,True,False,False
fp16,16,4097,False,fused_int4,False,1.9832000136375427,1.8015999346971512,9.156922029629511,,,1.9840000197291374,1.8023999407887459,9.153229694281162,,,1.9840000197291374,1.8031999468803406,9.112906807000954,,,9.112906807000954,9.156922029629511,True,False,False
fp16,16,4097,False,transform,False,1.7015999183058739,1.4551999978721142,14.480484970819541,3.2687999308109283,2.2462891256121322,1.7023999243974686,1.4576000161468983,14.379694497296958,3.2680001109838486,2.2420417637087184,1.7031999304890633,1.4582999981939793,14.378812957370336,3.2680001109838486,2.2409655866632923,14.378812957370336,14.480484970819541,True,False,False
fp16,16,4097,True,fused_int4,False,1.9807500764727592,1.807199977338314,8.76183730576935,,,1.9807999953627586,1.8079999834299088,8.7237486034628,,,1.9816000014543533,1.8103500828146935,8.64200234729383,,,8.64200234729383,8.76183730576935,True,False,False
fp16,16,4097,True,transform,False,1.69840008020401,1.45279997959733,14.460674105548721,3.2655999064445496,2.2477973239989097,1.699100062251091,1.4551999978721142,14.354661611620468,3.2623998820781708,2.241891071226401,1.7000000923871994,1.4560000039637089,14.352945597835653,3.26480008661747,2.2423077456934166,14.352945597835653,14.460674105548721,True,False,False
fp16,16,16383,False,transform,False,3.261600062251091,2.4328000843524933,25.41084014226369,9.47519987821579,3.8947712716549336,3.261600062251091,2.4328000843524933,25.41084014226369,9.47280004620552,3.89378482314825,3.2632000744342804,2.433600090444088,25.42289669854261,9.47360023856163,3.8928336154166026,25.41084014226369,25.42289669854261,True,False,False
fp16,16,16383,True,transform,False,3.0400000512599945,2.2624000906944275,25.578945639927664,8.771075308322906,3.876889567145786,3.266400098800659,2.4375999346375465,25.373504135865886,9.466399997472763,3.8834920624004483,2.991200052201748,2.2352000698447227,25.27413643900388,8.65039974451065,3.8700785049239848,25.27413643900388,25.578945639927664,True,False,False
fp16,16,16384,False,transform,True,3.030399978160858,2.266399934887886,25.211194851467823,8.776000142097473,3.87222043515087,2.983199991285801,2.234400063753128,25.10056079780054,8.65359976887703,3.872896313089767,2.9848000034689903,2.2336000576615334,25.16751356655047,8.655200153589249,3.874999968727977,25.10056079780054,25.211194851467823,True,False,False
fp16,16,16384,True,transform,True,3.0327999964356422,2.260800078511238,25.455022383002913,8.772800117731094,3.8803962372064675,2.985600009560585,2.2287750616669655,25.349174218585546,8.6496002972126,3.880876292084547,2.9864000156521797,2.22960002720356,25.341547832913047,8.65039974451065,3.8797989051696757,25.341547832913047,25.455022383002913,True,False,False
fp16,16,16385,False,transform,False,2.993600070476532,2.2360000759363174,25.307321509369718,8.657500147819519,3.8718693442772896,2.991200052201748,2.2336000576615334,25.327627083403005,8.656799793243408,3.8757161397580915,2.993600070476532,2.234400063753128,25.360769269441917,8.658400177955627,3.875044723822684,25.307321509369718,25.360769269441917,True,False,False
fp16,16,16385,True,transform,False,2.988000027835369,2.2328000515699387,25.274430027784454,8.65435004234314,3.8760076327739448,2.9864000156521797,2.2319750860333443,25.26201867347907,8.65280032157898,3.8767459259398347,2.988800033926964,2.2336000576615334,25.267664871951247,8.654399961233139,3.874641716428795,25.26201867347907,25.274430027784454,True,False,False
fp16,64,4095,False,fused_int4,False,1.8384000286459923,1.7023999243974686,7.397742718090017,,,1.8368000164628029,1.7031999304890633,7.273523779198266,,,1.839200034737587,1.7039250582456589,7.355098626410628,,,7.273523779198266,7.397742718090017,True,False,False
fp16,64,4095,False,transform,False,1.587199978530407,1.4480000361800194,8.770157776795918,3.0191749334335327,2.085065509665623,1.5863999724388123,1.4478749595582485,8.732035759405987,3.017600066959858,2.0841579219524164,1.5879999846220016,1.450399961322546,8.664988956672381,3.0184000730514526,2.0810811869431705,8.664988956672381,8.770157776795918,True,False,False
fp16,64,4095,True,fused_int4,False,1.8319500610232353,1.6976000741124153,7.333714481047526,,,1.83119997382164,1.699100062251091,7.213844116372603,,,1.8343999981880188,1.6992000862956047,7.370252509047193,,,7.213844116372603,7.370252509047193,True,False,False
fp16,64,4095,True,transform,False,1.5863999724388123,1.444000005722046,8.976296595482868,3.0136000365018845,2.086980626426652,1.5855999663472176,1.4415999874472618,9.081734482606718,3.0127249658107758,2.089848079941795,1.5887999907135963,1.44640002399683,8.962737131739818,3.0136000365018845,2.083517689784337,8.962737131739818,9.081734482606718,True,False,False
fp16,64,4096,False,fused_int4,True,1.8352000042796135,1.69840008020401,7.454224267469023,,,1.8352000042796135,1.6968000680208206,7.541408889279078,,,1.8368000164628029,1.69840008020401,7.5348396678107115,,,7.454224267469023,7.541408889279078,True,False,False
fp16,64,4096,False,transform,True,1.587199978530407,1.4471500180661678,8.823712346185374,3.0136000365018845,2.082437894399483,1.5863999724388123,1.444000005722046,8.976296595482868,3.0128000304102898,2.086426605589793,1.5887999907135963,1.4454499818384647,9.022533340445648,3.0136000365018845,2.084887110842046,8.823712346185374,9.022533340445648,True,False,False
fp16,64,4096,True,fused_int4,True,1.8343249335885048,1.69840008020401,7.4100750033737945,,,1.831975020468235,1.6968000680208206,7.378646047961124,,,1.8343999981880188,1.69840008020401,7.413863831135337,,,7.378646047961124,7.413863831135337,True,False,False
fp16,64,4096,True,transform,True,1.5871500596404076,1.4415999874472618,9.170529989213637,3.0168000608682632,2.0926748662160537,1.5855999663472176,1.4423999935388565,9.031280010572528,3.015200048685074,2.090404923870965,1.5887999907135963,1.4423999935388565,9.214501386608486,3.0175000429153442,2.091999484492549,9.031280010572528,9.214501386608486,True,False,False
fp16,64,4097,False,fused_int4,False,2.0062999799847603,1.863200031220913,7.132530039946183,,,2.0047999918460846,1.8624000251293182,7.102951281720616,,,2.008800022304058,1.8672000616788864,7.048982429956318,,,7.048982429956318,7.132530039946183,True,False,False
fp16,64,4097,False,transform,False,1.7447000369429588,1.5920000150799751,8.75222207999392,3.3039499074220657,2.075345399576576,1.5855999663472176,1.448800042271614,8.627644234299058,3.0167249962687492,2.0822231558875037,1.589599996805191,1.448800042271614,8.857571390070419,3.015200048685074,2.0811705968461025,8.627644234299058,8.857571390070419,True,False,False
fp16,64,4097,True,fused_int4,False,2.0072000101208687,1.8664000555872917,7.01474461058309,,,2.0072000101208687,1.865600049495697,7.0546014304097575,,,2.0072000101208687,1.8672000616788864,6.974887790756423,,,6.974887790756423,7.0546014304097575,True,False,False
fp16,64,4097,True,transform,False,1.7448000609874725,1.5823999419808388,9.307663533363419,3.306400030851364,2.0894844237117653,1.7447499558329582,1.5807999297976494,9.396763443793166,3.3055998384952545,2.0910931081065955,1.7440000548958778,1.5791749581694603,9.450980019393295,3.306400030851364,2.0937515591584983,9.307663533363419,9.450980019393295,True,False,False
fp16,64,16383,False,transform,False,3.3038999885320663,2.9368000105023384,11.11111048469816,9.495200216770172,3.2331790325572842,3.303999826312065,2.938299998641014,11.068397303133226,9.495174884796143,3.231519888775051,3.3055998384952545,2.9392000287771225,11.084215501562989,9.497600048780441,3.231355455835373,11.068397303133226,11.11111048469816,True,False,False
fp16,64,16383,True,transform,False,3.0664000660181046,2.739124931395054,10.672943111693712,8.67680013179779,3.167727047549686,3.068000078201294,2.736799977719784,10.795309388508423,8.6776003241539,3.1707104628756264,3.0743999406695366,2.7400000020861626,10.876917285867139,8.677499741315842,3.1669707060981844,10.672943111693712,10.876917285867139,True,False,False
fp16,64,16384,False,transform,True,3.0663250014185905,2.7343999594449997,10.824848697383038,8.675999939441681,3.1729081583232053,3.064800053834915,2.7343999594449997,10.780477962224433,8.68000015616417,3.1743710813709733,3.0672000721096992,2.738399989902973,10.719877232546127,8.680800348520279,3.1700264316857,10.719877232546127,10.824848697383038,True,False,False
fp16,64,16384,True,transform,True,3.070399910211563,2.7406999841332436,10.738012497388393,8.675199747085571,3.1653226538143446,3.068000078201294,2.7375999838113785,10.769233571324499,8.675199747085571,3.168906998241455,3.0719999223947525,2.7400000020861626,10.807289345560333,8.675999939441681,3.1664233331518274,10.738012497388393,10.807289345560333,True,False,False
fp16,64,16385,False,transform,False,3.0632000416517258,2.731199935078621,10.8383423236729,8.675999939441681,3.17662571238745,3.0608000233769417,2.730399928987026,10.794566514194848,8.675199747085571,3.177263394635399,3.063949942588806,2.7319999411702156,10.834054329820997,8.6776003241539,3.176281299785448,10.794566514194848,10.8383423236729,True,False,False
fp16,64,16385,True,transform,False,3.0640000477433205,2.735999971628189,10.704963152879454,8.67839977145195,3.171929773920081,3.062400035560131,2.7351999655365944,10.684432674508182,8.675999939441681,3.171980128970064,3.0632000416517258,2.735999971628189,10.681642255629676,8.680800348520279,3.172807177828423,10.681642255629676,10.704963152879454,True,False,False
