dim,rows,mode,dtype,scale,activated,round,original128_ms,original256_ms,auto_ms,baseline_ms,reduction_percent
1,4097,hadamard,fp16,1.0,True,1,0.0023336000740528107,0.001974399946630001,0.0015216000378131867,0.001974399946630001,22.933545434382463
16,4096,hadamard,bf16,1.0,True,1,0.0024095999076962473,0.002070399932563305,0.0018448000773787498,0.002070399932563305,10.8964384917288
4,15,hadamard_int4,fp16,1.0,False,1,0.0019447999075055122,0.0019503999501466751,0.001945599913597107,0.0019447999075055122,-0.04113565043413203
2,257,hadamard,fp16,1.0,True,1,0.0016039999201893807,0.0015607999637722969,0.0014543999917805196,0.0015607999637722969,6.8170152781538595
4,4097,hadamard,fp16,1.0,True,1,0.002343199960887432,0.001992800086736679,0.0016127999871969223,0.001992800086736679,19.06865129467292
8,4096,hadamard,bf16,1.0,True,1,0.0023792000487446786,0.0020360000431537627,0.0017759999260306357,0.0020360000431537627,12.770143006499502
2,16384,hadamard_int4,fp16,1.0,True,1,0.0064191997051239015,0.005914400145411491,0.002035200037062168,0.005914400145411491,65.58907096197885
2,2,hadamard_int4,fp16,1.0,True,1,0.001899999938905239,0.001889600045979023,0.0017696000635623933,0.001889600045979023,6.350549295973185
1,4096,hadamard,bf16,1.0,True,1,0.0023344000801444054,0.001973599940538406,0.001524799969047308,0.001973599940538406,22.74016948787827
1,2,hadamard_int4,fp16,1.0,True,1,0.001841600053012371,0.0018352000042796135,0.0017192000523209572,0.0018352000042796135,6.320834333486758
2,1,hadamard_int4,fp16,1.0,True,1,0.0018936000764369965,0.0018831999972462655,0.0017656000331044198,0.0018831999972462655,6.244687994573484
2,256,hadamard,fp16,1.0,True,1,0.0015984000638127327,0.0015599999576807022,0.0014456000179052352,0.0015599999576807022,7.33332967172311
2,4096,hadamard_int4,fp16,1.0,True,1,0.0031120000407099725,0.0029112000018358232,0.0018648000434041024,0.0029112000018358232,35.94393919249291
1,4096,hadamard,fp16,1.0,True,1,0.002339999936521053,0.0019783999770879744,0.001512799970805645,0.0019783999770879744,23.53416961557241
8,65,hadamard_int4,bf16,1.0,True,1,0.002043999917805195,0.002029599994421005,0.0019071999937295913,0.002029599994421005,6.030745025023099
4,17,hadamard_int4,bf16,1.0,True,1,0.0019392000511288642,0.001942400075495243,0.0018128000199794769,0.0019392000511288642,6.5181532496250805
32,17,hadamard,bf16,1.0,False,1,0.0015576000325381756,0.0015344000421464443,0.001556800026446581,0.0015576000325381756,0.05136145832579375
8,4095,hadamard,bf16,1.0,False,1,0.0023816000670194627,0.0020336000248789786,0.0023792000487446786,0.0023816000670194627,0.10077335435195733
4,4096,hadamard,bf16,1.0,True,1,0.002343199960887432,0.0019967999309301377,0.0016256000846624375,0.0019967999309301377,18.589736533834422
1,4096,hadamard_int4,bf16,1.0,True,1,0.002961600013077259,0.0027607999742031097,0.0016736000776290893,0.0027607999742031097,39.379886508722336
16,4096,hadamard,fp16,1.0,True,1,0.0024111999198794367,0.0020616000518202783,0.0018424000591039658,0.0020616000518202783,10.632517811724496
16,16384,hadamard,bf16,1.0,True,1,0.004788799956440925,0.0035447999835014343,0.00253519993275404,0.0035447999835014343,28.481157059534446
16,4096,hadamard_int4,fp16,1.0,False,1,0.003180000185966492,0.0029103999957442285,0.0031784001737833025,0.003180000185966492,0.05031484558555288
8,4096,hadamard_int4,fp16,1.0,True,1,0.003123999945819378,0.002881599962711334,0.0020136000588536263,0.002881599962711334,30.12215141205776
16,4096,hadamard_int4,bf16,1.0,False,1,0.0031968001276254654,0.0029279999434947968,0.003200000151991844,0.0031968001276254654,-0.10010085831533289
2,16384,hadamard_int4,bf16,1.0,True,1,0.00642080008983612,0.006029599905014038,0.002048799954354763,0.006029599905014038,66.02096346971477
16,65,hadamard_int4,fp16,1.0,False,1,0.0020503999665379526,0.002022399939596653,0.002049599960446358,0.0020503999665379526,0.039017074943947794
64,65,hadamard_int4,fp16,1.0,False,1,0.0019656000658869743,0.0019592000171542168,0.0019656000658869743,0.0019656000658869743,0.0
1,1,hadamard_int4,fp16,1.0,True,1,0.001907999999821186,0.0018983999267220496,0.001785599999129772,0.0018983999267220496,5.941842180064139
1,4095,hadamard,fp16,1.0,False,1,0.0023360000923275948,0.0019727999344468115,0.0023336000740528107,0.0023360000923275948,0.10274050427766523
4,17,hadamard_int4,fp16,1.0,True,1,0.0019416000694036483,0.0019432000815868377,0.0018120000138878822,0.0019416000694036483,6.674909913634897
16,4097,hadamard,fp16,1.0,True,1,0.002412799932062626,0.0020632000640034677,0.0018408000469207764,0.0020632000640034677,10.779372343132954
1,16384,hadamard_int4,fp16,1.0,True,1,0.005901600047945976,0.00554639995098114,0.0017440000548958779,0.00554639995098114,68.55617931794893
256,17,hadamard,fp16,1.0,False,1,0.0017551999539136887,0.0019648000597953796,0.0017575999721884728,0.0017551999539136887,-0.1367375990087405
8,16384,hadamard_int4,fp16,1.0,True,1,0.006344799697399139,0.006140799820423126,0.002423200011253357,0.006140799820423126,60.53934207081206
256,17,hadamard,bf16,1.0,False,1,0.0017551999539136887,0.001966400071978569,0.001754399947822094,0.0017551999539136887,0.045579199669576465
4,4096,hadamard,fp16,1.0,True,1,0.0023383999243378637,0.0019896000623703,0.001621600054204464,0.0019896000623703,18.496179967315708
64,65,hadamard_int4,bf16,1.0,False,1,0.0019592000171542168,0.0019511999562382698,0.0019600000232458115,0.0019592000171542168,-0.04083330362341098
8,16384,hadamard,fp16,1.0,True,1,0.00472560003399849,0.003413600102066994,0.002029599994421005,0.003413600102066994,40.54370946403337
1,16384,hadamard_int4,bf16,1.0,True,1,0.005883999913930893,0.00554560013115406,0.001746400073170662,0.00554560013115406,68.50836641899693
8,4095,hadamard,fp16,1.0,False,1,0.0023760000243783,0.002024799957871437,0.0023760000243783,0.0023760000243783,0.0
4,4095,hadamard,bf16,1.0,False,1,0.0023423999547958372,0.0019943999126553536,0.002339999936521053,0.0023423999547958372,0.10245979854424103
2,257,hadamard,bf16,1.0,True,1,0.0015984000638127327,0.0015607999637722969,0.0014472000300884246,0.0015607999637722969,7.278314730948132
2,4096,hadamard,bf16,1.0,True,1,0.0023336000740528107,0.0019943999126553536,0.001556800026446581,0.0019943999126553536,21.941431276245392
16,65,hadamard_int4,bf16,1.0,False,1,0.002040800079703331,0.002012000046670437,0.0020392000675201415,0.002040800079703331,0.07840122112411363
16,4097,hadamard,bf16,1.0,True,1,0.002406400069594383,0.002075199969112873,0.0018440000712871552,0.002075199969112873,11.141090076468796
2,255,hadamard,fp16,1.0,False,1,0.0016047999262809754,0.0015615999698638916,0.001603199914097786,0.0016047999262809754,0.09970166105984779
8,65,hadamard_int4,fp16,1.0,True,1,0.002016800083220005,0.002008800022304058,0.0018559999763965607,0.002008800022304058,7.606533463308029
8,4096,hadamard_int4,bf16,1.0,True,1,0.0031376000493764876,0.0028984000906348228,0.0020176000893116,0.0028984000906348228,30.389179332736827
8,16384,hadamard,bf16,1.0,True,1,0.004707999899983406,0.00339680016040802,0.002024799957871437,0.00339680016040802,40.390960249241736
8,64,hadamard_int4,fp16,1.0,True,1,0.0020152000710368157,0.0020152000710368157,0.0016936000436544418,0.0020152000710368157,15.958714571546807
4,4096,hadamard_int4,fp16,1.0,True,1,0.0030616000294685364,0.0028543999418616296,0.0019527999684214592,0.0028543999418616296,31.586322582817527
4,4097,hadamard,bf16,1.0,True,1,0.002343199960887432,0.0019943999126553536,0.0016248000785708428,0.0019943999126553536,18.531881782547
32,17,hadamard,fp16,1.0,False,1,0.001563199982047081,0.0015359999611973762,0.0015623999759554863,0.001563199982047081,0.05117746294668324
4,4095,hadamard,fp16,1.0,False,1,0.002339999936521053,0.001990400068461895,0.002340799942612648,0.002339999936521053,-0.03418829544004076
16,4095,hadamard,fp16,1.0,False,1,0.0024143999442458155,0.002065600082278252,0.0024143999442458155,0.0024143999442458155,0.0
4,16,hadamard_int4,bf16,1.0,True,1,0.001945599913597107,0.0019471999257802963,0.0016400000080466271,0.001945599913597107,15.70723268513483
1,4096,hadamard_int4,fp16,1.0,True,1,0.002969600073993206,0.002756799943745136,0.0016704000532627105,0.002756799943745136,39.40800611764893
2,256,hadamard,bf16,1.0,True,1,0.0016039999201893807,0.001565600000321865,0.0014480000361800193,0.001565600000321865,7.511494897653859
4,16384,hadamard,bf16,1.0,True,1,0.004688800126314163,0.003319999948143959,0.0017999999225139617,0.003319999948143959,45.78313401720837
4,15,hadamard_int4,bf16,1.0,False,1,0.0019447999075055122,0.001947999931871891,0.001942400075495243,0.0019447999075055122,0.12339737373534554
8,64,hadamard_int4,bf16,1.0,True,1,0.002014400064945221,0.0020104000344872476,0.0016912000253796577,0.0020104000344872476,15.87743750656081
2,4096,hadamard_int4,bf16,1.0,True,1,0.0031328000128269195,0.002900799922645092,0.001902399957180023,0.002900799922645092,34.41809128823606
4,16384,hadamard,fp16,1.0,True,1,0.0046847999095916745,0.003306400030851364,0.0017976000905036925,0.003306400030851364,45.63271008557216
1,1,hadamard_int4,bf16,1.0,True,1,0.001847199909389019,0.0018368000164628029,0.0017263999208807946,0.0018368000164628029,6.010458111526484
2,255,hadamard,bf16,1.0,False,1,0.0016047999262809754,0.0015599999576807022,0.001603199914097786,0.0016047999262809754,0.09970166105984779
8,16384,hadamard_int4,bf16,1.0,True,1,0.006398399919271469,0.006145599856972694,0.0025335999205708505,0.006145599856972694,58.773757167149924
8,63,hadamard_int4,bf16,1.0,False,1,0.002016800083220005,0.0020136000588536263,0.002016800083220005,0.002016800083220005,0.0
1,4095,hadamard,bf16,1.0,False,1,0.0023367999121546744,0.0019807999953627585,0.0023383999243378637,0.0023367999121546744,-0.0684702260928205
8,63,hadamard_int4,fp16,1.0,False,1,0.0020112000405788422,0.0020072000101208688,0.0020128000527620316,0.0020112000405788422,-0.0795550989910021
2,16384,hadamard,fp16,1.0,True,1,0.004679200053215027,0.003296000137925148,0.0017327999696135521,0.003296000137925148,47.42718758791193
2,16384,hadamard,bf16,1.0,True,1,0.004680800065398216,0.00331679992377758,0.0017456000670790673,0.00331679992377758,47.37095672955266
8,4097,hadamard,bf16,1.0,True,1,0.002375200018286705,0.002035200037062168,0.001770400069653988,0.002035200037062168,13.011004450964025
1,16384,hadamard,bf16,1.0,True,1,0.0046408001333475115,0.0032311998307704925,0.0015944000333547592,0.0032311998307704925,50.65609937920279
8,4097,hadamard,fp16,1.0,True,1,0.0023792000487446786,0.0020304000005126,0.0017656000331044198,0.0020304000005126,13.041763560940122
4,16384,hadamard_int4,fp16,1.0,True,1,0.006308799982070923,0.006042400002479553,0.002078399993479252,0.006042400002479553,65.60307174919963
2,2,hadamard_int4,bf16,1.0,True,1,0.0019112000241875648,0.001899999938905239,0.0017783999443054198,0.001899999938905239,6.39999992157283
4,16,hadamard_int4,fp16,1.0,True,1,0.0019408000633120536,0.0019432000815868377,0.001635199971497059,0.0019408000633120536,15.746088306153283
16,4095,hadamard,bf16,1.0,False,1,0.0024080000817775725,0.0020687999203801155,0.002407200075685978,0.0024080000817775725,0.03322284320705915
2,4096,hadamard,fp16,1.0,True,1,0.0023439999669790266,0.0019936000928282736,0.0015584000386297703,0.0019936000928282736,21.829857239878802
4,4096,hadamard_int4,bf16,1.0,True,1,0.003094400092959404,0.0028775999322533607,0.0020072000101208688,0.0028775999322533607,30.24742641868595
4,16384,hadamard_int4,bf16,1.0,True,1,0.006307999789714813,0.0060479998588562015,0.0021384000778198243,0.0060479998588562015,64.64285503101452
2,1,hadamard_int4,bf16,1.0,True,1,0.0019047999754548072,0.001895200088620186,0.001775199919939041,0.001895200088620186,6.331794167892413
1,4097,hadamard,bf16,1.0,True,1,0.0023344000801444054,0.0019751999527215956,0.001520800031721592,0.0019751999527215956,23.00526184065029
1,16384,hadamard,fp16,1.0,True,1,0.004657600075006485,0.0032016001641750336,0.001587199978530407,0.0032016001641750336,50.42479081895643
8,4096,hadamard,fp16,1.0,True,1,0.0023848000913858415,0.0020279999822378158,0.0017583999782800675,0.0020279999822378158,13.293885913167303
16,16384,hadamard,fp16,1.0,True,1,0.004783200100064278,0.0035415999591350555,0.0025248000398278236,0.0035415999591350555,28.710185538729192
1,2,hadamard_int4,bf16,1.0,True,1,0.0018456000834703445,0.0018376000225543976,0.0017216000705957413,0.0018376000225543976,6.312578936378543
16,4095,hadamard,fp16,1.0,False,2,0.0024143999442458155,0.0020632000640034677,0.0024167999625205995,0.0024143999442458155,-0.0994043377321896
1,4096,hadamard_int4,bf16,1.0,True,2,0.0029368000105023384,0.0027504000812768937,0.0016623999923467635,0.0027504000812768937,39.55788455419976
8,16384,hadamard,fp16,1.0,True,2,0.00472560003399849,0.003412799909710884,0.0020287999883294105,0.003412799909710884,40.55321020852697
1,1,hadamard_int4,bf16,1.0,True,2,0.0018408000469207764,0.0018295999616384506,0.0017184000462293625,0.0018295999616384506,6.0778267239088635
4,4095,hadamard,fp16,1.0,False,2,0.002343199960887432,0.0019936000928282736,0.0023423999547958372,0.002343199960887432,0.034141605707938005
8,16384,hadamard,bf16,1.0,True,2,0.004708800092339515,0.0033991999924182894,0.002022399939596653,0.0033991999924182894,40.5036495614411
4,16384,hadamard,bf16,1.0,True,2,0.004691199958324432,0.003328799828886986,0.0018023999407887458,0.003328799828886986,45.85436092769223
8,16384,hadamard_int4,fp16,1.0,True,2,0.006326399743556976,0.006120000034570694,0.0024143999442458155,0.006120000034570694,60.54902074171016
8,64,hadamard_int4,fp16,1.0,True,2,0.0020183999091386794,0.002021599933505058,0.0017000000923871994,0.0020183999091386794,15.774862816326241
16,4096,hadamard_int4,bf16,1.0,False,2,0.0032088000327348707,0.002935199998319149,0.00321040004491806,0.0032088000327348707,-0.04986325625986332
2,256,hadamard,bf16,1.0,True,2,0.001600000075995922,0.0015639999881386756,0.0014472000300884246,0.0015639999881386756,7.468028064965349
4,17,hadamard_int4,fp16,1.0,True,2,0.0019416000694036483,0.0019440000876784324,0.00180479995906353,0.0019416000694036483,7.045740906989961
16,16384,hadamard,fp16,1.0,True,2,0.004795999825000763,0.0035544000566005707,0.0025391999632120134,0.0035544000566005707,28.561784751925057
4,15,hadamard_int4,fp16,1.0,False,2,0.0019463999196887016,0.0019503999501466751,0.0019471999257802963,0.0019463999196887016,-0.04110183541945478
1,4097,hadamard,bf16,1.0,True,2,0.002335200086236,0.001973599940538406,0.0015351999551057815,0.001973599940538406,22.213214361621205
256,17,hadamard,bf16,1.0,False,2,0.0017720000818371774,0.0019759999588131903,0.0017735999077558517,0.0017720000818371774,-0.09028362555241198
64,65,hadamard_int4,fp16,1.0,False,2,0.001964000053703785,0.001966400071978569,0.001966400071978569,0.001964000053703785,-0.1222005198145526
8,4096,hadamard_int4,bf16,1.0,True,2,0.003134400025010109,0.002900799922645092,0.002014400064945221,0.002900799922645092,30.55708360925521
16,4097,hadamard,bf16,1.0,True,2,0.002407200075685978,0.0020743999630212784,0.0018456000834703445,0.0020743999630212784,11.02968972375492
4,16,hadamard_int4,fp16,1.0,True,2,0.001940000057220459,0.0019447999075055122,0.0016343999654054643,0.001940000057220459,15.752581587695635
2,255,hadamard,fp16,1.0,False,2,0.0016016000881791115,0.001559200044721365,0.0016063999384641648,0.0016016000881791115,-0.29969093536390545
1,2,hadamard_int4,bf16,1.0,True,2,0.001841600053012371,0.0018327999860048294,0.0017216000705957413,0.0018327999860048294,6.067214985716129
4,16384,hadamard,fp16,1.0,True,2,0.004688800126314163,0.0033008001744747164,0.0018007999286055564,0.0033008001744747164,45.44353388819932
8,4096,hadamard,bf16,1.0,True,2,0.0023711999878287316,0.0020287999883294105,0.0017559999600052834,0.0020287999883294105,13.446373713199833
1,1,hadamard_int4,fp16,1.0,True,2,0.0018384000286459923,0.00183119997382164,0.0017208000645041466,0.00183119997382164,6.028828685874943
8,63,hadamard_int4,fp16,1.0,False,2,0.0020112000405788422,0.0020072000101208688,0.0020128000527620316,0.0020112000405788422,-0.0795550989910021
2,1,hadamard_int4,fp16,1.0,True,2,0.0018856000155210496,0.001879199966788292,0.0017607999965548516,0.001879199966788292,6.300551954340216
2,255,hadamard,bf16,1.0,False,2,0.0016008000820875168,0.001563199982047081,0.001603199914097786,0.0016008000820875168,-0.14991453568267143
256,17,hadamard,fp16,1.0,False,2,0.0017759999260306357,0.0019759999588131903,0.0017775999382138251,0.0017759999260306357,-0.09009077983270775
8,4096,hadamard,fp16,1.0,True,2,0.002380800060927868,0.0020304000005126,0.0017575999721884728,0.0020304000005126,13.435777593343945
2,4096,hadamard_int4,fp16,1.0,True,2,0.0031176000833511353,0.002917600050568581,0.0018704000860452652,0.002917600050568581,35.89251255734101
8,65,hadamard_int4,bf16,1.0,True,2,0.002014400064945221,0.0020112000405788422,0.0018360000103712082,0.0020112000405788422,8.711218509980235
8,16384,hadamard_int4,bf16,1.0,True,2,0.006407999992370605,0.006161599978804588,0.002539999969303608,0.006161599978804588,58.776941410656235
4,4095,hadamard,bf16,1.0,False,2,0.0023471999913454054,0.0020023999735713006,0.0023520000278949736,0.0023471999913454054,-0.20450053541525293
4,17,hadamard_int4,bf16,1.0,True,2,0.0019392000511288642,0.001940000057220459,0.0018120000138878822,0.0019392000511288642,6.559407688079178
16,4096,hadamard,fp16,1.0,True,2,0.0024135999381542208,0.0020632000640034677,0.0018456000834703445,0.0020632000640034677,10.546722265551335
1,4096,hadamard,fp16,1.0,True,2,0.002327200025320053,0.0019632000476121902,0.0014911999925971032,0.0019632000476121902,24.042382007334073
8,4096,hadamard_int4,fp16,1.0,True,2,0.00313199982047081,0.0028880000114440917,0.0020023999735713006,0.0028880000114440917,30.664821134469566
1,4096,hadamard_int4,fp16,1.0,True,2,0.0029343999922275543,0.0027688000351190566,0.0016543999314308166,0.0027688000351190566,40.24848633174485
2,4096,hadamard_int4,bf16,1.0,True,2,0.0031367998570203783,0.00291920006275177,0.0019063999876379966,0.00291920006275177,34.694438659303884
2,2,hadamard_int4,fp16,1.0,True,2,0.001897599920630455,0.0018864000216126443,0.0017640000209212304,0.0018864000216126443,6.488549580633308
2,2,hadamard_int4,bf16,1.0,True,2,0.0018991999328136443,0.0018912000581622125,0.0017680000513792039,0.0018912000581622125,6.514382561024723
4,4096,hadamard,bf16,1.0,True,2,0.002340799942612648,0.001998399943113327,0.0016232000663876534,0.001998399943113327,18.775014381813182
1,16384,hadamard,bf16,1.0,True,2,0.004650399833917618,0.0032248001545667647,0.001587199978530407,0.0032248001545667647,50.78144683531129
2,256,hadamard,fp16,1.0,True,2,0.0016039999201893807,0.0015623999759554863,0.001448800042271614,0.0015623999759554863,7.270861202772361
8,65,hadamard_int4,fp16,1.0,True,2,0.002012000046670437,0.0020176000893116,0.0018376000225543976,0.002012000046670437,8.667993045260891
16,65,hadamard_int4,bf16,1.0,False,2,0.0020392000675201415,0.002016800083220005,0.0020392000675201415,0.0020392000675201415,0.0
1,16384,hadamard_int4,bf16,1.0,True,2,0.005893599987030029,0.005511999875307083,0.001735999993979931,0.005511999875307083,68.50507922257137
2,1,hadamard_int4,bf16,1.0,True,2,0.001902399957180023,0.0018936000764369965,0.001775199919939041,0.0018936000764369965,6.252648485351642
8,4095,hadamard,fp16,1.0,False,2,0.002383200079202652,0.0020304000005126,0.002383200079202652,0.002383200079202652,0.0
1,4095,hadamard,fp16,1.0,False,2,0.0023367999121546744,0.0019783999770879744,0.0023383999243378637,0.0023367999121546744,-0.0684702260928205
4,4097,hadamard,fp16,1.0,True,2,0.0023447999730706213,0.0019912000745534895,0.0016200000420212746,0.0019912000745534895,18.642025845416544
4,15,hadamard_int4,bf16,1.0,False,2,0.0019384000450372695,0.0019432000815868377,0.0019384000450372695,0.0019384000450372695,0.0
4,4096,hadamard,fp16,1.0,True,2,0.002340799942612648,0.0019912000745534895,0.0016152000054717064,0.0019912000745534895,18.88308833888017
4,16384,hadamard_int4,fp16,1.0,True,2,0.006273599714040757,0.006013600155711174,0.002070399932563305,0.006013600155711174,65.57137357067171
1,4095,hadamard,bf16,1.0,False,2,0.002332800067961216,0.0019656000658869743,0.002332800067961216,0.002332800067961216,0.0
4,4096,hadamard_int4,bf16,1.0,True,2,0.0030840000137686728,0.0028807999566197394,0.00200399998575449,0.0028807999566197394,30.43598944975219
2,16384,hadamard_int4,fp16,1.0,True,2,0.006428799778223038,0.005948799848556519,0.002046399936079979,0.005948799848556519,65.59978502930235
1,16384,hadamard_int4,fp16,1.0,True,2,0.005833600088953972,0.0055103998631238936,0.0017343999817967415,0.0055103998631238936,68.52497051251206
1,4096,hadamard,bf16,1.0,True,2,0.002324800007045269,0.0019648000597953796,0.0014928000047802926,0.0019648000597953796,24.022803371873003
1,4097,hadamard,fp16,1.0,True,2,0.0023336000740528107,0.001976799964904785,0.0015279999934136868,0.001976799964904785,22.703357924873057
2,4096,hadamard,bf16,1.0,True,2,0.002335200086236,0.0019936000928282736,0.0015456000342965125,0.0019936000928282736,22.471912001979998
8,4097,hadamard,fp16,1.0,True,2,0.0023824000731110574,0.0020320000126957893,0.001770400069653988,0.0020320000126957893,12.874012864534645
4,4097,hadamard,bf16,1.0,True,2,0.002348800003528595,0.002001599967479706,0.0016335999593138696,0.002001599967479706,18.385292473260773
1,2,hadamard_int4,fp16,1.0,True,2,0.0018464000895619392,0.0018352000042796135,0.0017216000705957413,0.0018352000042796135,6.190057400771664
32,17,hadamard,fp16,1.0,False,2,0.001556800026446581,0.001532800029963255,0.0015599999576807022,0.001556800026446581,-0.2055454252159361
8,4097,hadamard,bf16,1.0,True,2,0.0023792000487446786,0.0020392000675201415,0.0017632000148296357,0.0020392000675201415,13.534721633574087
16,65,hadamard_int4,fp16,1.0,False,2,0.002046399936079979,0.0020239999517798423,0.0020479999482631685,0.002046399936079979,-0.07818668066683632
16,4095,hadamard,bf16,1.0,False,2,0.0024119999259710314,0.002077599987387657,0.002415999956429005,0.0024119999259710314,-0.16583874712861046
16,4097,hadamard,fp16,1.0,True,2,0.002406400069594383,0.0020592000335454943,0.0018384000286459923,0.0020592000335454943,10.722610785865827
32,17,hadamard,bf16,1.0,False,2,0.0015904000028967857,0.0015783999115228653,0.0015904000028967857,0.0015904000028967857,0.0
4,4096,hadamard_int4,fp16,1.0,True,2,0.0030799999833106993,0.002874399907886982,0.0019511999562382698,0.002874399907886982,32.11800658341141
16,4096,hadamard_int4,fp16,1.0,False,2,0.003187200054526329,0.0029047999531030657,0.003187200054526329,0.003187200054526329,0.0
16,16384,hadamard,bf16,1.0,True,2,0.004792800173163414,0.0035344000905752184,0.002537599951028824,0.0035344000905752184,28.2028099253519
2,16384,hadamard_int4,bf16,1.0,True,2,0.0064776003360748294,0.005985600128769875,0.0020535999909043314,0.005985600128769875,65.69099260350399
1,16384,hadamard,fp16,1.0,True,2,0.0046431999653577805,0.0032152000814676283,0.0015944000333547592,0.0032152000814676283,50.41055010713453
2,16384,hadamard,fp16,1.0,True,2,0.004691199958324432,0.0033231999725103377,0.0017416000366210938,0.0033231999725103377,47.592680217029105
8,4095,hadamard,bf16,1.0,False,2,0.002380800060927868,0.0020392000675201415,0.002383200079202652,0.002380800060927868,-0.10080721662317771
8,64,hadamard_int4,bf16,1.0,True,2,0.002009600028395653,0.0020152000710368157,0.0016920000314712524,0.002009600028395653,15.804139751030633
2,257,hadamard,bf16,1.0,True,2,0.0016023999080061913,0.0015664000064134597,0.0014543999917805196,0.0015664000064134597,7.150154122469865
2,257,hadamard,fp16,1.0,True,2,0.0016119999811053276,0.001576000079512596,0.0014671999961137772,0.001576000079512596,6.903558242996233
2,4096,hadamard,fp16,1.0,True,2,0.0023336000740528107,0.0019951999187469483,0.0015623999759554863,0.0019951999187469483,21.69205896235574
4,16384,hadamard_int4,bf16,1.0,True,2,0.0063368000090122225,0.0060639999806880954,0.002147199958562851,0.0060639999806880954,64.59102959431073
64,65,hadamard_int4,bf16,1.0,False,2,0.001960800029337406,0.0019543999806046486,0.0019624000415205956,0.001960800029337406,-0.08159996732202135
16,4096,hadamard,bf16,1.0,True,2,0.0024119999259710314,0.0020896000787615776,0.0018487999215722084,0.0020896000787615776,11.523743688413424
4,16,hadamard_int4,bf16,1.0,True,2,0.0019487999379634857,0.0019503999501466751,0.00164560005068779,0.0019487999379634857,15.558286993406956
2,16384,hadamard,bf16,1.0,True,2,0.004686399921774864,0.003319999948143959,0.0017424000427126885,0.003319999948143959,47.51807018289942
8,63,hadamard_int4,bf16,1.0,False,2,0.0020160000771284104,0.002016800083220005,0.0020183999091386794,0.0020160000771284104,-0.11903928166945299
2,4096,hadamard_int4,fp16,1.0,True,3,0.004020800068974495,0.0037840001285076143,0.002399200014770031,0.0037840001285076143,36.59619626608575
8,63,hadamard_int4,fp16,1.0,False,3,0.002014400064945221,0.0020136000588536263,0.002012000046670437,0.002014400064945221,0.11914307969650428
4,16,hadamard_int4,bf16,1.0,True,3,0.0019368000328540802,0.001942400075495243,0.0016335999593138696,0.0019368000328540802,15.654691676838384
1,4095,hadamard,bf16,1.0,False,3,0.0023336000740528107,0.0019775999709963797,0.0023336000740528107,0.0023336000740528107,0.0
2,16384,hadamard,fp16,1.0,True,3,0.004687200114130974,0.0033080000430345535,0.0017263999208807946,0.0033080000430345535,47.811369455210084
1,4096,hadamard,fp16,1.0,True,3,0.002330400049686432,0.0019680000841617584,0.0014936000108718873,0.0019680000841617584,24.105693750106482
1,16384,hadamard,fp16,1.0,True,3,0.004648000001907349,0.0032039999961853026,0.001581599935889244,0.0032039999961853026,50.63670606203794
2,257,hadamard,fp16,1.0,True,3,0.0016039999201893807,0.0015639999881386756,0.0014511999674141408,0.0015639999881386756,7.21227759462958
1,16384,hadamard_int4,fp16,1.0,True,3,0.005936000123620033,0.005482399836182594,0.0017456000670790673,0.005482399836182594,68.15992778274756
1,4096,hadamard_int4,bf16,1.0,True,3,0.002951199933886528,0.002762399986386299,0.0016648000106215476,0.002762399986386299,39.733564334417906
1,4095,hadamard,fp16,1.0,False,3,0.002335200086236,0.0019759999588131903,0.002332800067961216,0.002335200086236,0.10277570170239558
4,4097,hadamard,fp16,1.0,True,3,0.0023471999913454054,0.0019943999126553536,0.001621600054204464,0.0019943999126553536,18.692332269235912
64,65,hadamard_int4,fp16,1.0,False,3,0.001966400071978569,0.0019600000232458115,0.001966400071978569,0.001966400071978569,0.0
2,255,hadamard,bf16,1.0,False,3,0.0016335999593138696,0.001589599996805191,0.0016343999654054643,0.0016335999593138696,-0.04897197058761904
1,16384,hadamard,bf16,1.0,True,3,0.004652800038456917,0.003226400166749954,0.001587199978530407,0.003226400166749954,50.80585493121769
16,65,hadamard_int4,bf16,1.0,False,3,0.002040000073611736,0.002016800083220005,0.0020392000675201415,0.002040000073611736,0.039215983467011384
2,2,hadamard_int4,bf16,1.0,True,3,0.001897599920630455,0.0018888000398874284,0.0017664000391960145,0.0018888000398874284,6.480304855283081
4,4096,hadamard_int4,fp16,1.0,True,3,0.003085600025951862,0.002868800051510334,0.0019624000415205956,0.002868800051510334,31.595091805458765
16,4095,hadamard,fp16,1.0,False,3,0.0024111999198794367,0.0020632000640034677,0.0024111999198794367,0.0024111999198794367,0.0
8,16384,hadamard_int4,fp16,1.0,True,3,0.006338399648666382,0.006140799820423126,0.0024280000478029253,0.006140799820423126,60.46117576202597
1,2,hadamard_int4,fp16,1.0,True,3,0.0018991999328136443,0.001889600045979023,0.0017759999260306357,0.001889600045979023,6.011860562245575
1,2,hadamard_int4,bf16,1.0,True,3,0.0018456000834703445,0.0018319999799132347,0.0017184000462293625,0.0018319999799132347,6.200869810558207
8,64,hadamard_int4,bf16,1.0,True,3,0.002012000046670437,0.0020104000344872476,0.001690400019288063,0.0020104000344872476,15.917230884887068
4,4096,hadamard,fp16,1.0,True,3,0.0023463999852538107,0.0019912000745534895,0.0016184000298380852,0.0019912000745534895,18.722380009904427
2,4096,hadamard_int4,bf16,1.0,True,3,0.00311840008944273,0.0029047999531030657,0.0019047999754548072,0.0029047999531030657,34.425777808898815
4,4096,hadamard_int4,bf16,1.0,True,3,0.003093600086867809,0.0028736000880599023,0.0020112000405788422,0.0028736000880599023,30.01113659010588
4,16,hadamard_int4,fp16,1.0,True,3,0.001940000057220459,0.001945599913597107,0.001637599989771843,0.001940000057220459,15.58763188295369
1,1,hadamard_int4,fp16,1.0,True,3,0.0018424000591039658,0.0018295999616384506,0.001716800034046173,0.0018295999616384506,6.1652782005560685
2,255,hadamard,fp16,1.0,False,3,0.0015992000699043274,0.0015623999759554863,0.0015992000699043274,0.0015992000699043274,0.0
2,4096,hadamard,fp16,1.0,True,3,0.0023344000801444054,0.001990400068461895,0.001547200046479702,0.001990400068461895,22.266881367456993
64,65,hadamard_int4,bf16,1.0,False,3,0.001966400071978569,0.001958400011062622,0.0019648000597953796,0.001966400071978569,0.08136758160202096
1,16384,hadamard_int4,bf16,1.0,True,3,0.005937600135803222,0.005530399829149246,0.0017448000609874726,0.005530399829149246,68.45074289581919
1,4096,hadamard_int4,fp16,1.0,True,3,0.0029464000836014748,0.0027607999742031097,0.0016656000167131423,0.0027607999742031097,39.66965979873609
4,4097,hadamard,bf16,1.0,True,3,0.0023447999730706213,0.0019967999309301377,0.0016232000663876534,0.0019967999309301377,18.709929760887768
16,4097,hadamard,fp16,1.0,True,3,0.0024088000878691672,0.0020640000700950624,0.0018408000469207764,0.0020640000700950624,10.813954243906876
256,17,hadamard,fp16,1.0,False,3,0.001762400008738041,0.001971999928355217,0.0017616000026464463,0.001762400008738041,0.04539299180822409
4,4096,hadamard,bf16,1.0,True,3,0.0023391999304294584,0.0019943999126553536,0.0016248000785708428,0.0019943999126553536,18.531881782547
1,4096,hadamard,bf16,1.0,True,3,0.0023312000557780266,0.0019703999161720274,0.0014952000230550766,0.0019703999161720274,24.11692617406015
8,4097,hadamard,bf16,1.0,True,3,0.002377600036561489,0.002037600055336952,0.001770400069653988,0.002037600055336952,13.113465764937771
4,17,hadamard_int4,bf16,1.0,True,3,0.0019463999196887016,0.0019463999196887016,0.0018184000626206398,0.0019463999196887016,6.5762362489479305
4,4095,hadamard,bf16,1.0,False,3,0.002340799942612648,0.001995999924838543,0.0023415999487042425,0.002340799942612648,-0.03417661103928271
16,4095,hadamard,bf16,1.0,False,3,0.0024088000878691672,0.00206959992647171,0.0024088000878691672,0.0024088000878691672,0.0
256,17,hadamard,bf16,1.0,False,3,0.0017559999600052834,0.0019656000658869743,0.0017575999721884728,0.0017559999600052834,-0.09111686899949678
8,4096,hadamard_int4,fp16,1.0,True,3,0.0031328000128269195,0.002892000041902065,0.0019912000745534895,0.002892000041902065,31.14799288716885
8,4097,hadamard,fp16,1.0,True,3,0.0023824000731110574,0.0020287999883294105,0.0017632000148296357,0.0020287999883294105,13.091481418948536
4,16384,hadamard_int4,fp16,1.0,True,3,0.006276799738407135,0.006021599844098091,0.0020759999752044678,0.006021599844098091,65.52411271168735
1,4097,hadamard,bf16,1.0,True,3,0.0023312000557780266,0.001974399946630001,0.0015168000012636186,0.001974399946630001,23.176659123569966
4,16384,hadamard,fp16,1.0,True,3,0.004684000089764595,0.0032999999821186066,0.0017968000844120978,0.0032999999821186066,45.551512298537986
16,4097,hadamard,bf16,1.0,True,3,0.0024024000391364097,0.002067999914288521,0.0018424000591039658,0.002067999914288521,10.9090843585538
2,256,hadamard,bf16,1.0,True,3,0.0016279999166727067,0.0015944000333547592,0.0014983999542891979,0.0015944000333547592,6.021078591146834
4,4095,hadamard,fp16,1.0,False,3,0.0023415999487042425,0.001990400068461895,0.0023415999487042425,0.0023415999487042425,0.0
32,17,hadamard,bf16,1.0,False,3,0.0015552000142633915,0.001532800029963255,0.0015544000081717968,0.0015552000142633915,0.051440720438367116
8,16384,hadamard_int4,bf16,1.0,True,3,0.006391199678182602,0.00615519993007183,0.002531200088560581,0.00615519993007183,58.87704514366534
16,4096,hadamard,bf16,1.0,True,3,0.0024032000452280044,0.0020687999203801155,0.0018384000286459923,0.0020687999203801155,11.136886146621183
16,4096,hadamard,fp16,1.0,True,3,0.002406400069594383,0.00205680001527071,0.0018360000103712082,0.00205680001527071,10.73512267892709
2,16384,hadamard,bf16,1.0,True,3,0.004678399860858917,0.0033103998750448225,0.001735999993979931,0.0033103998750448225,47.55920554895425
4,16384,hadamard,bf16,1.0,True,3,0.004676000028848648,0.0033103998750448225,0.001799199916422367,0.0033103998750448225,45.65007297198481
16,4096,hadamard_int4,bf16,1.0,False,3,0.0031968001276254654,0.002929599955677986,0.0032047998160123826,0.0031968001276254654,-0.2502404926034263
1,4097,hadamard,fp16,1.0,True,3,0.0023383999243378637,0.001981600001454353,0.001520800031721592,0.001981600001454353,23.25393466868021
8,16384,hadamard,bf16,1.0,True,3,0.004707200080156326,0.0033991999924182894,0.002022399939596653,0.0033991999924182894,40.5036495614411
2,1,hadamard_int4,bf16,1.0,True,3,0.0018959999084472655,0.0018840000033378602,0.001764800027012825,0.0018840000033378602,6.326962638739387
8,4096,hadamard_int4,bf16,1.0,True,3,0.0031495999544858934,0.002899199910461903,0.0019975999370217324,0.002899199910461903,31.098234039905403
8,65,hadamard_int4,bf16,1.0,True,3,0.0020112000405788422,0.002014400064945221,0.0018384000286459923,0.0020112000405788422,8.591885861493742
2,256,hadamard,fp16,1.0,True,3,0.001613599993288517,0.0015647999942302703,0.0014592000283300877,0.0015647999942302703,6.748464103371088
2,1,hadamard_int4,fp16,1.0,True,3,0.0018936000764369965,0.0018840000033378602,0.0017640000209212304,0.0018840000033378602,6.369425807007811
8,16384,hadamard,fp16,1.0,True,3,0.004720000177621841,0.003407999873161316,0.0020231999456882476,0.003407999873161316,40.63380220106949
4,15,hadamard_int4,fp16,1.0,False,3,0.0019392000511288642,0.0019432000815868377,0.0019408000633120536,0.0019392000511288642,-0.08250887690819386
4,17,hadamard_int4,fp16,1.0,True,3,0.0019408000633120536,0.0019440000876784324,0.0018128000199794769,0.0019408000633120536,6.595220484182152
8,63,hadamard_int4,bf16,1.0,False,3,0.002009600028395653,0.0020072000101208688,0.002008800022304058,0.002009600028395653,0.03980921975967888
16,16384,hadamard,fp16,1.0,True,3,0.004773600026965141,0.003540800139307976,0.002526400052011013,0.003540800139307976,28.648894243864888
4,16384,hadamard_int4,bf16,1.0,True,3,0.006358399987220764,0.0060479998588562015,0.0021423999220132827,0.0060479998588562015,64.5767200394999
1,1,hadamard_int4,bf16,1.0,True,3,0.00183119997382164,0.0018216000869870185,0.0017103999853134155,0.0018216000869870185,6.10452878587261
8,4095,hadamard,fp16,1.0,False,3,0.002380800060927868,0.0020279999822378158,0.0023816000670194627,0.002380800060927868,-0.03360240554106664
16,16384,hadamard,bf16,1.0,True,3,0.004797599837183952,0.0035463999956846237,0.002550400048494339,0.0035463999956846237,28.084816952465886
8,4096,hadamard,fp16,1.0,True,3,0.002375200018286705,0.0020239999517798423,0.001754399947822094,0.0020239999517798423,13.320158615649703
8,65,hadamard_int4,fp16,1.0,True,3,0.002021599933505058,0.0020104000344872476,0.0018583999946713448,0.0020104000344872476,7.560686291704643
2,2,hadamard_int4,fp16,1.0,True,3,0.0019047999754548072,0.001895200088620186,0.0017720000818371774,0.001895200088620186,6.500633232489205
4,15,hadamard_int4,bf16,1.0,False,3,0.0019695999100804327,0.0019975999370217324,0.001968800090253353,0.0019695999100804327,0.04060823840346117
32,17,hadamard,fp16,1.0,False,3,0.001595200039446354,0.0015936000272631645,0.0015960000455379486,0.001595200039446354,-0.05015083198420811
2,257,hadamard,bf16,1.0,True,3,0.0016224000602960587,0.0015863999724388123,0.001503199990838766,0.0015863999724388123,5.244577852087373
8,4096,hadamard,bf16,1.0,True,3,0.0023768000304698945,0.0020479999482631685,0.0017640000209212304,0.0020479999482631685,13.867184302557611
2,16384,hadamard_int4,fp16,1.0,True,3,0.0064327999949455265,0.005984799936413765,0.0020416000857949256,0.005984799936413765,65.88691171825033
8,64,hadamard_int4,fp16,1.0,True,3,0.0020176000893116,0.002019199915230274,0.0016960000619292259,0.0020176000893116,15.939731024303383
2,16384,hadamard_int4,bf16,1.0,True,3,0.006455200165510178,0.006072799861431122,0.0020592000335454943,0.006072799861431122,66.0914227286881
2,4096,hadamard,bf16,1.0,True,3,0.0023447999730706213,0.002000799961388111,0.0015456000342965125,0.002000799961388111,22.75089643523337
16,4096,hadamard_int4,fp16,1.0,False,3,0.003181599825620651,0.002906399965286255,0.0031840000301599503,0.003181599825620651,-0.07544017698173366
16,65,hadamard_int4,fp16,1.0,False,3,0.0020431999117136003,0.0020207999274134635,0.002046399936079979,0.0020431999117136003,-0.1566182705878827
8,4095,hadamard,bf16,1.0,False,3,0.002378400042653084,0.0020368000492453574,0.002378400042653084,0.002378400042653084,0.0
