dim,rows,mode,dtype,round,method,median_ms
16,4096,hadamard,fp16,1,original_pos3,0.0052128625
16,4096,hadamard,fp16,1,original_pos_full,0.00516854
16,4096,hadamard,fp16,1,auto_pos_full,0.005252746500000001
16,4096,hadamard,fp16,1,packed_pos_full,0.0051923925
16,4096,hadamard,fp16,1,original_kwrow,0.00581898
16,4096,hadamard,fp16,1,auto_kwrow,0.005871425
16,4096,hadamard,fp16,1,packed_kwrow,0.005790694000000001
16,65,hadamard_int4,bf16,1,original_pos3,0.0065444660000000005
16,65,hadamard_int4,bf16,1,original_pos_full,0.006528592
16,65,hadamard_int4,bf16,1,auto_pos_full,0.006590727
16,65,hadamard_int4,bf16,1,packed_pos_full,0.0065634989999999995
16,65,hadamard_int4,bf16,1,original_kwrow,0.007167332500000001
16,65,hadamard_int4,bf16,1,auto_kwrow,0.0071996535
16,65,hadamard_int4,bf16,1,packed_kwrow,0.007170077
16,65,hadamard_int4,fp16,1,original_pos3,0.0066743689999999994
16,65,hadamard_int4,fp16,1,original_pos_full,0.006645941
16,65,hadamard_int4,fp16,1,auto_pos_full,0.006710908999999999
16,65,hadamard_int4,fp16,1,packed_pos_full,0.006746053
16,65,hadamard_int4,fp16,1,original_kwrow,0.007237844
16,65,hadamard_int4,fp16,1,auto_kwrow,0.0074001695
16,65,hadamard_int4,fp16,1,packed_kwrow,0.0073309865
16,4096,hadamard,bf16,1,original_pos3,0.0052250045
16,4096,hadamard,bf16,1,original_pos_full,0.005230363
16,4096,hadamard,bf16,1,auto_pos_full,0.005249578
16,4096,hadamard,bf16,1,packed_pos_full,0.0052291565
16,4096,hadamard,bf16,1,original_kwrow,0.005781559
16,4096,hadamard,bf16,1,auto_kwrow,0.00588507
16,4096,hadamard,bf16,1,packed_kwrow,0.005798938
8,4096,hadamard_int4,bf16,1,original_pos3,0.0066135345
8,4096,hadamard_int4,bf16,1,original_pos_full,0.006598457
8,4096,hadamard_int4,bf16,1,auto_pos_full,0.006609797
8,4096,hadamard_int4,bf16,1,packed_pos_full,0.006636667000000001
8,4096,hadamard_int4,bf16,1,original_kwrow,0.0072476045
8,4096,hadamard_int4,bf16,1,auto_kwrow,0.007267584
8,4096,hadamard_int4,bf16,1,packed_kwrow,0.0072328115
1,1,hadamard_int4,fp16,1,original_pos3,0.0066066855
1,1,hadamard_int4,fp16,1,original_pos_full,0.006557764
1,1,hadamard_int4,fp16,1,auto_pos_full,0.0066408710000000004
1,1,hadamard_int4,fp16,1,packed_pos_full,0.006553226499999999
1,1,hadamard_int4,fp16,1,original_kwrow,0.007162863
1,1,hadamard_int4,fp16,1,auto_kwrow,0.007214020000000001
1,1,hadamard_int4,fp16,1,packed_kwrow,0.007207104000000001
4,17,hadamard_int4,bf16,1,original_pos3,0.0066516665
4,17,hadamard_int4,bf16,1,original_pos_full,0.006628457
4,17,hadamard_int4,bf16,1,auto_pos_full,0.0066333525
4,17,hadamard_int4,bf16,1,packed_pos_full,0.0066787875
4,17,hadamard_int4,bf16,1,original_kwrow,0.0071426925
4,17,hadamard_int4,bf16,1,auto_kwrow,0.0071653045000000005
4,17,hadamard_int4,bf16,1,packed_kwrow,0.007189975
2,4096,hadamard,fp16,1,original_pos3,0.005228611
2,4096,hadamard,fp16,1,original_pos_full,0.005207121
2,4096,hadamard,fp16,1,auto_pos_full,0.005252622500000001
2,4096,hadamard,fp16,1,packed_pos_full,0.0052103905
2,4096,hadamard,fp16,1,original_kwrow,0.00575159
2,4096,hadamard,fp16,1,auto_kwrow,0.005837701
2,4096,hadamard,fp16,1,packed_kwrow,0.00579575
8,4096,hadamard_int4,fp16,1,original_pos3,0.0065937455
8,4096,hadamard_int4,fp16,1,original_pos_full,0.0065982
8,4096,hadamard_int4,fp16,1,auto_pos_full,0.0066243555
8,4096,hadamard_int4,fp16,1,packed_pos_full,0.006603127
8,4096,hadamard_int4,fp16,1,original_kwrow,0.0071608545
8,4096,hadamard_int4,fp16,1,auto_kwrow,0.007256868499999999
8,4096,hadamard_int4,fp16,1,packed_kwrow,0.0072433244999999995
4,17,hadamard_int4,fp16,1,original_pos3,0.0065702675
4,17,hadamard_int4,fp16,1,original_pos_full,0.006587971
4,17,hadamard_int4,fp16,1,auto_pos_full,0.006623004
4,17,hadamard_int4,fp16,1,packed_pos_full,0.0065921719999999994
4,17,hadamard_int4,fp16,1,original_kwrow,0.0071601945
4,17,hadamard_int4,fp16,1,auto_kwrow,0.0071427555
4,17,hadamard_int4,fp16,1,packed_kwrow,0.007140149
2,4096,hadamard,bf16,1,original_pos3,0.005233498499999999
2,4096,hadamard,bf16,1,original_pos_full,0.0052156525
2,4096,hadamard,bf16,1,auto_pos_full,0.0052524875
2,4096,hadamard,bf16,1,packed_pos_full,0.005257332500000001
2,4096,hadamard,bf16,1,original_kwrow,0.00574887
2,4096,hadamard,bf16,1,auto_kwrow,0.005817078999999999
2,4096,hadamard,bf16,1,packed_kwrow,0.005806403
1,1,hadamard_int4,bf16,1,original_pos3,0.0065643195
1,1,hadamard_int4,bf16,1,original_pos_full,0.0065868965
1,1,hadamard_int4,bf16,1,auto_pos_full,0.006543529
1,1,hadamard_int4,bf16,1,packed_pos_full,0.0065964215000000005
1,1,hadamard_int4,bf16,1,original_kwrow,0.007074598
1,1,hadamard_int4,bf16,1,auto_kwrow,0.007153947
1,1,hadamard_int4,bf16,1,packed_kwrow,0.0071388779999999995
8,4096,hadamard_int4,bf16,2,original_pos3,0.0065744645
8,4096,hadamard_int4,bf16,2,original_pos_full,0.0065645389999999994
8,4096,hadamard_int4,bf16,2,auto_pos_full,0.006570125
8,4096,hadamard_int4,bf16,2,packed_pos_full,0.0065462435
8,4096,hadamard_int4,bf16,2,original_kwrow,0.007083376000000001
8,4096,hadamard_int4,bf16,2,auto_kwrow,0.007129111
8,4096,hadamard_int4,bf16,2,packed_kwrow,0.0071345675
4,17,hadamard_int4,bf16,2,original_pos3,0.0065653694999999995
4,17,hadamard_int4,bf16,2,original_pos_full,0.0066121015
4,17,hadamard_int4,bf16,2,auto_pos_full,0.0066578525
4,17,hadamard_int4,bf16,2,packed_pos_full,0.0065814345
4,17,hadamard_int4,bf16,2,original_kwrow,0.0070852465000000005
4,17,hadamard_int4,bf16,2,auto_kwrow,0.007132478
4,17,hadamard_int4,bf16,2,packed_kwrow,0.007091282500000001
1,1,hadamard_int4,fp16,2,original_pos3,0.0067144655
1,1,hadamard_int4,fp16,2,original_pos_full,0.0067078115
1,1,hadamard_int4,fp16,2,auto_pos_full,0.0067211729999999996
1,1,hadamard_int4,fp16,2,packed_pos_full,0.0066902065
1,1,hadamard_int4,fp16,2,original_kwrow,0.0071840975
1,1,hadamard_int4,fp16,2,auto_kwrow,0.007220025
1,1,hadamard_int4,fp16,2,packed_kwrow,0.0071720905000000005
16,65,hadamard_int4,fp16,2,original_pos3,0.0064497085
16,65,hadamard_int4,fp16,2,original_pos_full,0.0064293395
16,65,hadamard_int4,fp16,2,auto_pos_full,0.0065436445
16,65,hadamard_int4,fp16,2,packed_pos_full,0.0064854134999999995
16,65,hadamard_int4,fp16,2,original_kwrow,0.006982903
16,65,hadamard_int4,fp16,2,auto_kwrow,0.007043475499999999
16,65,hadamard_int4,fp16,2,packed_kwrow,0.0069614939999999995
2,4096,hadamard,fp16,2,original_pos3,0.0051689414999999996
2,4096,hadamard,fp16,2,original_pos_full,0.0051755685
2,4096,hadamard,fp16,2,auto_pos_full,0.0052245495
2,4096,hadamard,fp16,2,packed_pos_full,0.005138501
2,4096,hadamard,fp16,2,original_kwrow,0.005641421000000001
2,4096,hadamard,fp16,2,auto_kwrow,0.005687345999999999
2,4096,hadamard,fp16,2,packed_kwrow,0.005666885
8,4096,hadamard_int4,fp16,2,original_pos3,0.006886117
8,4096,hadamard_int4,fp16,2,original_pos_full,0.006887243
8,4096,hadamard_int4,fp16,2,auto_pos_full,0.0069211215
8,4096,hadamard_int4,fp16,2,packed_pos_full,0.0068928725
8,4096,hadamard_int4,fp16,2,original_kwrow,0.0074763305
8,4096,hadamard_int4,fp16,2,auto_kwrow,0.0075493395
8,4096,hadamard_int4,fp16,2,packed_kwrow,0.0075074245
16,65,hadamard_int4,bf16,2,original_pos3,0.0069094875
16,65,hadamard_int4,bf16,2,original_pos_full,0.0068973310000000005
16,65,hadamard_int4,bf16,2,auto_pos_full,0.006891727
16,65,hadamard_int4,bf16,2,packed_pos_full,0.00695569
16,65,hadamard_int4,bf16,2,original_kwrow,0.0073968875
16,65,hadamard_int4,bf16,2,auto_kwrow,0.007441817
16,65,hadamard_int4,bf16,2,packed_kwrow,0.007406595
16,4096,hadamard,bf16,2,original_pos3,0.0053487075
16,4096,hadamard,bf16,2,original_pos_full,0.005444627499999999
16,4096,hadamard,bf16,2,auto_pos_full,0.0054436675
16,4096,hadamard,bf16,2,packed_pos_full,0.005365354500000001
16,4096,hadamard,bf16,2,original_kwrow,0.0058008575
16,4096,hadamard,bf16,2,auto_kwrow,0.005882531
16,4096,hadamard,bf16,2,packed_kwrow,0.00588025
4,17,hadamard_int4,fp16,2,original_pos3,0.006837768
4,17,hadamard_int4,fp16,2,original_pos_full,0.006857999
4,17,hadamard_int4,fp16,2,auto_pos_full,0.006942399
4,17,hadamard_int4,fp16,2,packed_pos_full,0.006863722
4,17,hadamard_int4,fp16,2,original_kwrow,0.007376557
4,17,hadamard_int4,fp16,2,auto_kwrow,0.007349913
4,17,hadamard_int4,fp16,2,packed_kwrow,0.0073637764999999996
2,4096,hadamard,bf16,2,original_pos3,0.0053715095
2,4096,hadamard,bf16,2,original_pos_full,0.0053692955
2,4096,hadamard,bf16,2,auto_pos_full,0.005412401
2,4096,hadamard,bf16,2,packed_pos_full,0.0054353945
2,4096,hadamard,bf16,2,original_kwrow,0.0058361325
2,4096,hadamard,bf16,2,auto_kwrow,0.0058559485
2,4096,hadamard,bf16,2,packed_kwrow,0.0059367725
16,4096,hadamard,fp16,2,original_pos3,0.005376578999999999
16,4096,hadamard,fp16,2,original_pos_full,0.0053891905
16,4096,hadamard,fp16,2,auto_pos_full,0.005440279
16,4096,hadamard,fp16,2,packed_pos_full,0.005316602
16,4096,hadamard,fp16,2,original_kwrow,0.005842236
16,4096,hadamard,fp16,2,auto_kwrow,0.0058511735
16,4096,hadamard,fp16,2,packed_kwrow,0.00587001
1,1,hadamard_int4,bf16,2,original_pos3,0.0068327985
1,1,hadamard_int4,bf16,2,original_pos_full,0.006885748499999999
1,1,hadamard_int4,bf16,2,auto_pos_full,0.0068774955
1,1,hadamard_int4,bf16,2,packed_pos_full,0.006889705
1,1,hadamard_int4,bf16,2,original_kwrow,0.0072377175
1,1,hadamard_int4,bf16,2,auto_kwrow,0.0073678075
1,1,hadamard_int4,bf16,2,packed_kwrow,0.007420164
2,4096,hadamard,bf16,3,original_pos3,0.005136058
2,4096,hadamard,bf16,3,original_pos_full,0.0051897455
2,4096,hadamard,bf16,3,auto_pos_full,0.005193343
2,4096,hadamard,bf16,3,packed_pos_full,0.005202734499999999
2,4096,hadamard,bf16,3,original_kwrow,0.00569695
2,4096,hadamard,bf16,3,auto_kwrow,0.0056904385000000005
2,4096,hadamard,bf16,3,packed_kwrow,0.005725299
4,17,hadamard_int4,fp16,3,original_pos3,0.0066338410000000006
4,17,hadamard_int4,fp16,3,original_pos_full,0.006616951
4,17,hadamard_int4,fp16,3,auto_pos_full,0.006655071
4,17,hadamard_int4,fp16,3,packed_pos_full,0.0066416835
4,17,hadamard_int4,fp16,3,original_kwrow,0.0071854894999999995
4,17,hadamard_int4,fp16,3,auto_kwrow,0.0072045600000000005
4,17,hadamard_int4,fp16,3,packed_kwrow,0.007259064500000001
16,65,hadamard_int4,fp16,3,original_pos3,0.006580954
16,65,hadamard_int4,fp16,3,original_pos_full,0.006595875
16,65,hadamard_int4,fp16,3,auto_pos_full,0.006586156
16,65,hadamard_int4,fp16,3,packed_pos_full,0.0065813085
16,65,hadamard_int4,fp16,3,original_kwrow,0.007166871500000001
16,65,hadamard_int4,fp16,3,auto_kwrow,0.0071928075
16,65,hadamard_int4,fp16,3,packed_kwrow,0.0071058104999999995
4,17,hadamard_int4,bf16,3,original_pos3,0.006627167999999999
4,17,hadamard_int4,bf16,3,original_pos_full,0.0066393745
4,17,hadamard_int4,bf16,3,auto_pos_full,0.0066921854999999995
4,17,hadamard_int4,bf16,3,packed_pos_full,0.0066809305000000005
4,17,hadamard_int4,bf16,3,original_kwrow,0.0072157335
4,17,hadamard_int4,bf16,3,auto_kwrow,0.0072689435000000005
4,17,hadamard_int4,bf16,3,packed_kwrow,0.007179044
16,4096,hadamard,fp16,3,original_pos3,0.0052260675
16,4096,hadamard,fp16,3,original_pos_full,0.005239494
16,4096,hadamard,fp16,3,auto_pos_full,0.0052481
16,4096,hadamard,fp16,3,packed_pos_full,0.0052279625
16,4096,hadamard,fp16,3,original_kwrow,0.005792289
16,4096,hadamard,fp16,3,auto_kwrow,0.0058351555
16,4096,hadamard,fp16,3,packed_kwrow,0.0058326105
8,4096,hadamard_int4,fp16,3,original_pos3,0.0065599225
8,4096,hadamard_int4,fp16,3,original_pos_full,0.006654341
8,4096,hadamard_int4,fp16,3,auto_pos_full,0.0066813615
8,4096,hadamard_int4,fp16,3,packed_pos_full,0.006638834
8,4096,hadamard_int4,fp16,3,original_kwrow,0.0072349285
8,4096,hadamard_int4,fp16,3,auto_kwrow,0.007287315999999999
8,4096,hadamard_int4,fp16,3,packed_kwrow,0.0072679275
2,4096,hadamard,fp16,3,original_pos3,0.005158603
2,4096,hadamard,fp16,3,original_pos_full,0.005164991
2,4096,hadamard,fp16,3,auto_pos_full,0.0052158225
2,4096,hadamard,fp16,3,packed_pos_full,0.005161084
2,4096,hadamard,fp16,3,original_kwrow,0.005752542
2,4096,hadamard,fp16,3,auto_kwrow,0.005747031
2,4096,hadamard,fp16,3,packed_kwrow,0.0056761335
1,1,hadamard_int4,bf16,3,original_pos3,0.0067291785
1,1,hadamard_int4,bf16,3,original_pos_full,0.0066972805
1,1,hadamard_int4,bf16,3,auto_pos_full,0.0067031215
1,1,hadamard_int4,bf16,3,packed_pos_full,0.0066619515
1,1,hadamard_int4,bf16,3,original_kwrow,0.0072648185
1,1,hadamard_int4,bf16,3,auto_kwrow,0.00736981
1,1,hadamard_int4,bf16,3,packed_kwrow,0.0072404595
16,65,hadamard_int4,bf16,3,original_pos3,0.006648073
16,65,hadamard_int4,bf16,3,original_pos_full,0.0066597115
16,65,hadamard_int4,bf16,3,auto_pos_full,0.0066576275
16,65,hadamard_int4,bf16,3,packed_pos_full,0.006735141
16,65,hadamard_int4,bf16,3,original_kwrow,0.007371440999999999
16,65,hadamard_int4,bf16,3,auto_kwrow,0.0074139635
16,65,hadamard_int4,bf16,3,packed_kwrow,0.0073272235
1,1,hadamard_int4,fp16,3,original_pos3,0.0066764685
1,1,hadamard_int4,fp16,3,original_pos_full,0.0067814369999999995
1,1,hadamard_int4,fp16,3,auto_pos_full,0.006779113999999999
1,1,hadamard_int4,fp16,3,packed_pos_full,0.0067157735
1,1,hadamard_int4,fp16,3,original_kwrow,0.0072967794999999995
1,1,hadamard_int4,fp16,3,auto_kwrow,0.007278452
1,1,hadamard_int4,fp16,3,packed_kwrow,0.0073108485
16,4096,hadamard,bf16,3,original_pos3,0.0053878549999999996
16,4096,hadamard,bf16,3,original_pos_full,0.0053735680000000004
16,4096,hadamard,bf16,3,auto_pos_full,0.0054512915
16,4096,hadamard,bf16,3,packed_pos_full,0.0054427475
16,4096,hadamard,bf16,3,original_kwrow,0.0059172834999999995
16,4096,hadamard,bf16,3,auto_kwrow,0.005986875
16,4096,hadamard,bf16,3,packed_kwrow,0.005950688500000001
8,4096,hadamard_int4,bf16,3,original_pos3,0.0067732595
8,4096,hadamard_int4,bf16,3,original_pos_full,0.0067501
8,4096,hadamard_int4,bf16,3,auto_pos_full,0.0067861175
8,4096,hadamard_int4,bf16,3,packed_pos_full,0.006817838
8,4096,hadamard_int4,bf16,3,original_kwrow,0.007428519000000001
8,4096,hadamard_int4,bf16,3,auto_kwrow,0.00746633
8,4096,hadamard_int4,bf16,3,packed_kwrow,0.0074697775
