dtype,M,N,method,category,round1_reduction_pct,round2_reduction_pct,round3_reduction_pct,median_round_reduction_pct,min_round_reduction_pct,max_round_reduction_pct,all_rounds_faster,all_rounds_slower,classification
bf16,1,16,quant_only,control,-0.6479531169168328,2.0719742707723388,14.7967425010054,2.0719742707723388,-0.6479531169168328,14.7967425010054,False,False,mixed_or_unstable
bf16,1,16,scalar_fused,control,-1.6967707626684698,2.6604053803146956,5.389544796001861,2.6604053803146956,-1.6967707626684698,5.389544796001861,False,False,mixed_or_unstable
bf16,1,16,scalar_split,control,2.8262140824242534,2.4729478860846195,-8.402083704194505,2.4729478860846195,-8.402083704194505,2.8262140824242534,False,False,mixed_or_unstable
bf16,1,16,scalar_transform,control,0.6575290567871709,-1.3023855781218607,15.593218287774075,0.6575290567871709,-1.3023855781218607,15.593218287774075,False,False,mixed_or_unstable
bf16,1,16,vector_fused,vector_path,-1.5789545403769603,4.430063518121828,2.0206991372159586,2.0206991372159586,-1.5789545403769603,4.430063518121828,False,False,mixed_or_unstable
bf16,1,16,vector_split,vector_path,0.5886027585762943,4.440449788907842,-2.000002668835747,0.5886027585762943,-2.000002668835747,4.440449788907842,False,False,mixed_or_unstable
bf16,1,16,vector_transform,vector_path,1.1182119082611293,1.9459506699209113,-1.4636612358228793,1.1182119082611293,-1.4636612358228793,1.9459506699209113,False,False,mixed_or_unstable
bf16,1,64,quant_only,control,-2.9980661995753266,0.14881758061611147,-0.9576568375027437,-0.9576568375027437,-2.9980661995753266,0.14881758061611147,False,False,mixed_or_unstable
bf16,1,64,scalar_fused,control,-1.3509620717526964,2.012254238050235,0.9434033750470275,0.9434033750470275,-1.3509620717526964,2.012254238050235,False,False,mixed_or_unstable
bf16,1,64,scalar_split,control,-0.7874010993716118,1.297198334809576,0.9046639403254446,0.9046639403254446,-0.7874010993716118,1.297198334809576,False,False,mixed_or_unstable
bf16,1,64,scalar_transform,control,-0.4437903755791975,1.3852473204199134,3.1308266226883616,1.3852473204199134,-0.4437903755791975,3.1308266226883616,False,False,mixed_or_unstable
bf16,1,64,vector_fused,vector_path,7.251114348457041,8.704754520223103,11.922510634463192,8.704754520223103,7.251114348457041,11.922510634463192,True,False,stable_improvement_ge5
bf16,1,64,vector_split,vector_path,-1.5294113421494842,-0.8877148544536034,1.1431291280664213,-0.8877148544536034,-1.5294113421494842,1.1431291280664213,False,False,mixed_or_unstable
bf16,1,64,vector_transform,vector_path,0.03728762734034495,-0.7616133372634359,1.7414867593921746,0.03728762734034495,-0.7616133372634359,1.7414867593921746,False,False,mixed_or_unstable
bf16,1,128,quant_only,control,-4.437397781437711,-2.7852994135374014,1.0699284098452913,-2.7852994135374014,-4.437397781437711,1.0699284098452913,False,False,mixed_or_unstable
bf16,1,128,scalar_fused,control,7.732271625641536,0.6053657711798767,0.13101966749679766,0.6053657711798767,0.13101966749679766,7.732271625641536,True,False,all_faster_below_stability_rule
bf16,1,128,scalar_split,control,6.1571357535972,1.227432641182268,0.9452608349419984,1.227432641182268,0.9452608349419984,6.1571357535972,True,False,all_faster_below_stability_rule
bf16,1,128,scalar_transform,control,9.394782545729816,2.3359523491131777,0.021460998424740082,2.3359523491131777,0.021460998424740082,9.394782545729816,True,False,all_faster_below_stability_rule
bf16,1,128,vector_fused,vector_path,13.59321800189875,12.883332488543797,13.00102697520468,13.00102697520468,12.883332488543797,13.59321800189875,True,False,stable_improvement_ge5
bf16,1,128,vector_split,vector_path,6.042302413956318,7.120186815076535,6.732225011887988,6.732225011887988,6.042302413956318,7.120186815076535,True,False,stable_improvement_ge5
bf16,1,128,vector_transform,vector_path,10.119050522736002,10.40228522323255,10.731242141156558,10.40228522323255,10.119050522736002,10.731242141156558,True,False,stable_improvement_ge5
bf16,1,256,quant_only,control,8.816068870700173,-0.5057488513349768,0.2742835503849345,0.2742835503849345,-0.5057488513349768,8.816068870700173,False,False,mixed_or_unstable
bf16,1,256,scalar_fused,control,3.2519024938517758,0.887937949089351,0.6094038560318876,0.887937949089351,0.6094038560318876,3.2519024938517758,True,False,all_faster_below_stability_rule
bf16,1,256,scalar_split,control,1.254583774400838,0.8674616070051384,1.452458822946375,1.254583774400838,0.8674616070051384,1.452458822946375,True,False,all_faster_below_stability_rule
bf16,1,256,scalar_transform,control,5.0856244149669765,1.585607081405499,2.171587639103205,2.171587639103205,1.585607081405499,5.0856244149669765,True,False,all_faster_below_stability_rule
bf16,1,256,vector_fused,vector_path,13.14270273802908,12.408764545991612,13.564417940591083,13.14270273802908,12.408764545991612,13.564417940591083,True,False,stable_improvement_ge5
bf16,1,256,vector_split,vector_path,11.50604571701972,8.141913671855608,11.122838820534602,11.122838820534602,8.141913671855608,11.50604571701972,True,False,stable_improvement_ge5
bf16,1,256,vector_transform,vector_path,18.403813135396614,13.574103675751005,16.63359250802723,16.63359250802723,13.574103675751005,18.403813135396614,True,False,stable_improvement_ge5
bf16,17,16,quant_only,control,-0.7567574751118961,1.577294140744083,-6.044812387702585,-0.7567574751118961,-6.044812387702585,1.577294140744083,False,False,mixed_or_unstable
bf16,17,16,scalar_fused,control,-1.19731147523275,-1.090053510013944,2.0350170247098616,-1.090053510013944,-1.19731147523275,2.0350170247098616,False,False,mixed_or_unstable
bf16,17,16,scalar_split,control,-6.412312591611348,0.17688538711461435,-3.6303640323537008,-3.6303640323537008,-6.412312591611348,0.17688538711461435,False,False,mixed_or_unstable
bf16,17,16,scalar_transform,control,-0.3287645283935795,-0.9745556829427434,-1.4143515974968415,-0.9745556829427434,-1.4143515974968415,-0.3287645283935795,False,True,all_slower_below_stability_rule
bf16,17,16,vector_fused,vector_path,3.792606666824046,5.492958239063041,3.135231964637205,3.792606666824046,3.135231964637205,5.492958239063041,True,False,all_faster_below_stability_rule
bf16,17,16,vector_split,vector_path,3.610532858345248,1.4803695221667912,-2.950619173254469,1.4803695221667912,-2.950619173254469,3.610532858345248,False,False,mixed_or_unstable
bf16,17,16,vector_transform,vector_path,3.192043590684357,-0.4789843259400791,-3.5472168903677894,-0.4789843259400791,-3.5472168903677894,3.192043590684357,False,False,mixed_or_unstable
bf16,17,64,quant_only,control,-0.5141427358581678,2.54777427743924,-1.9363174127175797,-0.5141427358581678,-1.9363174127175797,2.54777427743924,False,False,mixed_or_unstable
bf16,17,64,scalar_fused,control,1.236835631879295,-0.9176775287819827,1.6710212684250265,1.236835631879295,-0.9176775287819827,1.6710212684250265,False,False,mixed_or_unstable
bf16,17,64,scalar_split,control,1.0937805835609575,-1.3843639435133555,0.6882662107434576,0.6882662107434576,-1.3843639435133555,1.0937805835609575,False,False,mixed_or_unstable
bf16,17,64,scalar_transform,control,-1.2890098750417756,-1.1848352438094896,-0.37313560168229937,-1.1848352438094896,-1.2890098750417756,-0.37313560168229937,False,True,all_slower_below_stability_rule
bf16,17,64,vector_fused,vector_path,9.71429000106123,6.8001104410456055,10.621618040166041,9.71429000106123,6.8001104410456055,10.621618040166041,True,False,stable_improvement_ge5
bf16,17,64,vector_split,vector_path,4.709764401065,2.745425769172641,4.404199281425846,4.404199281425846,2.745425769172641,4.709764401065,True,False,all_faster_below_stability_rule
bf16,17,64,vector_transform,vector_path,6.352023283384706,5.279835053298124,6.928243323517623,6.352023283384706,5.279835053298124,6.928243323517623,True,False,stable_improvement_ge5
bf16,17,128,quant_only,control,-2.6954131547922646,-1.2337430801186497,-1.1269528213833069,-1.2337430801186497,-2.6954131547922646,-1.1269528213833069,False,True,all_slower_below_stability_rule
bf16,17,128,scalar_fused,control,-5.166384784157775,1.4583014783816912,0.9218700154796832,0.9218700154796832,-5.166384784157775,1.4583014783816912,False,False,mixed_or_unstable
bf16,17,128,scalar_split,control,-4.271552742426117,1.4461480270006808,1.0722839801980049,1.0722839801980049,-4.271552742426117,1.4461480270006808,False,False,mixed_or_unstable
bf16,17,128,scalar_transform,control,-8.634101315207165,0.7333985154834635,-0.3557987206477097,-0.3557987206477097,-8.634101315207165,0.7333985154834635,False,False,mixed_or_unstable
bf16,17,128,vector_fused,vector_path,4.71789774280803,11.882789592987967,11.822581484342429,11.822581484342429,4.71789774280803,11.882789592987967,True,False,all_faster_below_stability_rule
bf16,17,128,vector_split,vector_path,2.53985084351888,10.035070187651478,8.465040751563482,8.465040751563482,2.53985084351888,10.035070187651478,True,False,all_faster_below_stability_rule
bf16,17,128,vector_transform,vector_path,11.820174358229952,15.567803240183975,13.595624172082493,13.595624172082493,11.820174358229952,15.567803240183975,True,False,stable_improvement_ge5
bf16,17,256,quant_only,control,-0.870114578938362,-0.9951249416367207,-0.6953168643300836,-0.870114578938362,-0.9951249416367207,-0.6953168643300836,False,True,all_slower_below_stability_rule
bf16,17,256,scalar_fused,control,0.962759901891562,0.2080023287999999,0.4952077056587462,0.4952077056587462,0.2080023287999999,0.962759901891562,True,False,all_faster_below_stability_rule
bf16,17,256,scalar_split,control,1.1605986343844334,0.7435528648810908,0.9786745164629471,0.9786745164629471,0.7435528648810908,1.1605986343844334,True,False,all_faster_below_stability_rule
bf16,17,256,scalar_transform,control,4.293506920704967,0.34091024539058307,0.6587724508575663,0.6587724508575663,0.34091024539058307,4.293506920704967,True,False,all_faster_below_stability_rule
bf16,17,256,vector_fused,vector_path,12.594197891946932,12.326629167167134,12.444755034075152,12.444755034075152,12.326629167167134,12.594197891946932,True,False,stable_improvement_ge5
bf16,17,256,vector_split,vector_path,11.441104068774864,11.496730172719332,11.404851352054926,11.441104068774864,11.404851352054926,11.496730172719332,True,False,stable_improvement_ge5
bf16,17,256,vector_transform,vector_path,20.927835368394327,17.6736981461955,17.98287234947482,17.98287234947482,17.6736981461955,20.927835368394327,True,False,stable_improvement_ge5
bf16,257,16,quant_only,control,-3.33414859238194,-0.8397129733468354,-0.8405432550282245,-0.8405432550282245,-3.33414859238194,-0.8397129733468354,False,True,all_slower_below_stability_rule
bf16,257,16,scalar_fused,control,-0.8399539539955564,-0.1969178834535957,0.6473884098401104,-0.1969178834535957,-0.8399539539955564,0.6473884098401104,False,False,mixed_or_unstable
bf16,257,16,scalar_split,control,-1.2298853586668692,-0.39475187760382524,0.1816459744284172,-0.39475187760382524,-1.2298853586668692,0.1816459744284172,False,False,mixed_or_unstable
bf16,257,16,scalar_transform,control,0.5744773741982832,-1.082572077896052,0.5366340203606185,0.5366340203606185,-1.082572077896052,0.5744773741982832,False,False,mixed_or_unstable
bf16,257,16,vector_fused,vector_path,12.180035259916702,12.108560973649904,12.372013076710271,12.180035259916702,12.108560973649904,12.372013076710271,True,False,stable_improvement_ge5
bf16,257,16,vector_split,vector_path,8.311062352993176,8.951765083292656,9.66370767115099,8.951765083292656,8.311062352993176,9.66370767115099,True,False,stable_improvement_ge5
bf16,257,16,vector_transform,vector_path,18.925173775652638,20.559291295892802,20.322745781703766,20.322745781703766,18.925173775652638,20.559291295892802,True,False,stable_improvement_ge5
bf16,257,64,quant_only,control,0.2883469222934907,-0.2659875353467732,0.32276687860680997,0.2883469222934907,-0.2659875353467732,0.32276687860680997,False,False,mixed_or_unstable
bf16,257,64,scalar_fused,control,0.7593210651540389,0.6939312393086735,0.6640012457993039,0.6939312393086735,0.6640012457993039,0.7593210651540389,True,False,all_faster_below_stability_rule
bf16,257,64,scalar_split,control,1.1091626559831096,1.235992545801437,1.1380351101572945,1.1380351101572945,1.1091626559831096,1.235992545801437,True,False,all_faster_below_stability_rule
bf16,257,64,scalar_transform,control,1.7068749353348418,1.6531891802835592,1.6770166682919407,1.6770166682919407,1.6531891802835592,1.7068749353348418,True,False,all_faster_below_stability_rule
bf16,257,64,vector_fused,vector_path,22.144872686852104,22.469505392913618,22.432672286458804,22.432672286458804,22.144872686852104,22.469505392913618,True,False,stable_improvement_ge5
bf16,257,64,vector_split,vector_path,19.26014278842106,19.401964750457463,20.037231174468253,19.401964750457463,19.26014278842106,20.037231174468253,True,False,stable_improvement_ge5
bf16,257,64,vector_transform,vector_path,41.340112959648025,40.885385423438045,42.21430025822956,41.340112959648025,40.885385423438045,42.21430025822956,True,False,stable_improvement_ge5
bf16,257,128,quant_only,control,0.03863939074508648,0.513379106847203,-0.14820504817199529,0.03863939074508648,-0.14820504817199529,0.513379106847203,False,False,mixed_or_unstable
bf16,257,128,scalar_fused,control,0.3669519586003406,0.576515125694512,0.6546043149643654,0.576515125694512,0.3669519586003406,0.6546043149643654,True,False,all_faster_below_stability_rule
bf16,257,128,scalar_split,control,1.0963361596737153,1.1459181690158668,1.1412521734912493,1.1412521734912493,1.0963361596737153,1.1459181690158668,True,False,all_faster_below_stability_rule
bf16,257,128,scalar_transform,control,1.789277091708752,1.3329130141166032,1.7888694021174798,1.7888694021174798,1.3329130141166032,1.789277091708752,True,False,all_faster_below_stability_rule
bf16,257,128,vector_fused,vector_path,24.786229543278534,24.57812261250765,24.452952407938263,24.57812261250765,24.452952407938263,24.786229543278534,True,False,stable_improvement_ge5
bf16,257,128,vector_split,vector_path,23.11464501591133,22.99094067497866,22.953467358691178,22.99094067497866,22.953467358691178,23.11464501591133,True,False,stable_improvement_ge5
bf16,257,128,vector_transform,vector_path,51.59667625337787,51.54770440660403,51.5364376129815,51.54770440660403,51.5364376129815,51.59667625337787,True,False,stable_improvement_ge5
bf16,257,256,quant_only,control,0.07058866951531803,-0.23570508540184226,0.03365635513703097,0.03365635513703097,-0.23570508540184226,0.07058866951531803,False,False,mixed_or_unstable
bf16,257,256,scalar_fused,control,0.5647758592635078,0.49416865595302284,0.499282552282777,0.499282552282777,0.49416865595302284,0.5647758592635078,True,False,all_faster_below_stability_rule
bf16,257,256,scalar_split,control,1.259414263231433,1.2154228642949594,1.248335637801591,1.248335637801591,1.2154228642949594,1.259414263231433,True,False,all_faster_below_stability_rule
bf16,257,256,scalar_transform,control,1.7885347519800845,1.6750471238864535,1.7174318099463923,1.7174318099463923,1.6750471238864535,1.7885347519800845,True,False,all_faster_below_stability_rule
bf16,257,256,vector_fused,vector_path,25.89179287959034,25.738994880349615,25.781622192752728,25.781622192752728,25.738994880349615,25.89179287959034,True,False,stable_improvement_ge5
bf16,257,256,vector_split,vector_path,25.0375182837313,24.7500451198114,25.12026039926875,25.0375182837313,24.7500451198114,25.12026039926875,True,False,stable_improvement_ge5
bf16,257,256,vector_transform,vector_path,57.450777635335314,56.55709387064076,57.42776433049801,57.42776433049801,56.55709387064076,57.450777635335314,True,False,stable_improvement_ge5
bf16,4096,16,quant_only,control,0.004923274848193649,0.009841219361076143,0.12304202235496502,0.009841219361076143,0.004923274848193649,0.12304202235496502,True,False,all_faster_below_stability_rule
bf16,4096,16,scalar_fused,control,1.0006732440743742,1.198317285089046,0.9236249181568894,1.0006732440743742,0.9236249181568894,1.198317285089046,True,False,all_faster_below_stability_rule
bf16,4096,16,scalar_split,control,0.8187258856756335,0.8141411975555621,0.9300919876328972,0.8187258856756335,0.8141411975555621,0.9300919876328972,True,False,all_faster_below_stability_rule
bf16,4096,16,scalar_transform,control,1.6701588769064568,1.6798524699367476,1.7175192310464313,1.6798524699367476,1.6701588769064568,1.7175192310464313,True,False,all_faster_below_stability_rule
bf16,4096,16,vector_fused,vector_path,17.792626896225492,17.673270846908565,17.715580031492,17.715580031492,17.673270846908565,17.792626896225492,True,False,stable_improvement_ge5
bf16,4096,16,vector_split,vector_path,16.34286417350645,16.213104575078493,16.374587232571646,16.34286417350645,16.213104575078493,16.374587232571646,True,False,stable_improvement_ge5
bf16,4096,16,vector_transform,vector_path,32.3617432468266,32.335676798852866,32.26003031684821,32.335676798852866,32.26003031684821,32.3617432468266,True,False,stable_improvement_ge5
bf16,4096,64,quant_only,control,0.03923995052277656,0.22798285436174803,0.09535086207004338,0.09535086207004338,0.03923995052277656,0.22798285436174803,True,False,all_faster_below_stability_rule
bf16,4096,64,scalar_fused,control,0.6166293941730658,0.6647928501976573,0.6853727928347404,0.6647928501976573,0.6166293941730658,0.6853727928347404,True,False,all_faster_below_stability_rule
bf16,4096,64,scalar_split,control,1.1731553028954833,1.178028562671908,1.159161862089653,1.1731553028954833,1.159161862089653,1.178028562671908,True,False,all_faster_below_stability_rule
bf16,4096,64,scalar_transform,control,1.686264229985645,1.6944515851318196,1.6838461247075749,1.686264229985645,1.6838461247075749,1.6944515851318196,True,False,all_faster_below_stability_rule
bf16,4096,64,vector_fused,vector_path,25.404873729197313,25.434808790817275,25.395371303641028,25.404873729197313,25.395371303641028,25.434808790817275,True,False,stable_improvement_ge5
bf16,4096,64,vector_split,vector_path,25.2471931628372,25.311077619197462,25.273465703010917,25.273465703010917,25.2471931628372,25.311077619197462,True,False,stable_improvement_ge5
bf16,4096,64,vector_transform,vector_path,59.02037381712264,59.05837885474229,59.0546726453992,59.0546726453992,59.02037381712264,59.05837885474229,True,False,stable_improvement_ge5
bf16,4096,128,quant_only,control,0.02892065934722802,0.021802029926423723,0.05497499401340048,0.02892065934722802,0.021802029926423723,0.05497499401340048,True,False,all_faster_below_stability_rule
bf16,4096,128,scalar_fused,control,0.5265521554297584,0.5206234206567826,0.5179231079985452,0.5206234206567826,0.5179231079985452,0.5265521554297584,True,False,all_faster_below_stability_rule
bf16,4096,128,scalar_split,control,1.2009331074249774,1.2445579191846146,1.153271045060069,1.2009331074249774,1.153271045060069,1.2445579191846146,True,False,all_faster_below_stability_rule
bf16,4096,128,scalar_transform,control,1.699588719062089,1.7653527585644064,1.6207629820118388,1.699588719062089,1.6207629820118388,1.7653527585644064,True,False,all_faster_below_stability_rule
bf16,4096,128,vector_fused,vector_path,27.785917608036897,27.776623976143348,27.795085620751088,27.785917608036897,27.776623976143348,27.795085620751088,True,False,stable_improvement_ge5
bf16,4096,128,vector_split,vector_path,27.625453124411507,27.698770164693126,27.534218114678527,27.625453124411507,27.534218114678527,27.698770164693126,True,False,stable_improvement_ge5
bf16,4096,128,vector_transform,vector_path,69.85179047109634,69.89073827025169,69.60984954589297,69.85179047109634,69.60984954589297,69.89073827025169,True,False,stable_improvement_ge5
bf16,4096,256,quant_only,control,0.001463064255048732,-0.022587263866694077,0.002212581868776514,0.001463064255048732,-0.022587263866694077,0.002212581868776514,False,False,mixed_or_unstable
bf16,4096,256,scalar_fused,control,0.4540537107545821,0.44405894308753535,0.4545422503830642,0.4540537107545821,0.44405894308753535,0.4545422503830642,True,False,all_faster_below_stability_rule
bf16,4096,256,scalar_split,control,1.2300116678542405,1.2443555567010431,1.2510682497511767,1.2443555567010431,1.2300116678542405,1.2510682497511767,True,False,all_faster_below_stability_rule
bf16,4096,256,scalar_transform,control,1.6925189761967157,1.7290489739060129,1.7238165065309712,1.7238165065309712,1.6925189761967157,1.7290489739060129,True,False,all_faster_below_stability_rule
bf16,4096,256,vector_fused,vector_path,29.03698105765851,29.040532144005155,29.056083643986035,29.040532144005155,29.03698105765851,29.056083643986035,True,False,stable_improvement_ge5
bf16,4096,256,vector_split,vector_path,29.27560667613558,29.246072038717504,29.277884735652577,29.27560667613558,29.246072038717504,29.277884735652577,True,False,stable_improvement_ge5
bf16,4096,256,vector_transform,vector_path,77.3500395440889,77.40558407543855,77.46079542101909,77.40558407543855,77.3500395440889,77.46079542101909,True,False,stable_improvement_ge5
bf16,16384,16,quant_only,control,0.2675296406031264,0.04947948225841688,0.10163565819841971,0.10163565819841971,0.04947948225841688,0.2675296406031264,True,False,all_faster_below_stability_rule
bf16,16384,16,scalar_fused,control,1.0191244772891377,0.9931424879012548,0.9662485241141349,0.9931424879012548,0.9662485241141349,1.0191244772891377,True,False,all_faster_below_stability_rule
bf16,16384,16,scalar_split,control,0.9284749948785315,0.9199886051870301,0.9729073021948672,0.9284749948785315,0.9199886051870301,0.9729073021948672,True,False,all_faster_below_stability_rule
bf16,16384,16,scalar_transform,control,1.5137381248238748,1.5774139341593965,1.5027847093552549,1.5137381248238748,1.5027847093552549,1.5774139341593965,True,False,all_faster_below_stability_rule
bf16,16384,16,vector_fused,vector_path,18.59113459244088,18.617030485248684,18.65646745130082,18.617030485248684,18.59113459244088,18.65646745130082,True,False,stable_improvement_ge5
bf16,16384,16,vector_split,vector_path,16.989757273912844,16.979464749473404,17.068314797078614,16.989757273912844,16.979464749473404,17.068314797078614,True,False,stable_improvement_ge5
bf16,16384,16,vector_transform,vector_path,33.05923636386708,32.851983896618655,32.985765500036436,32.985765500036436,32.851983896618655,33.05923636386708,True,False,stable_improvement_ge5
bf16,16384,64,quant_only,control,0.1506348619571881,0.10899834537636004,0.02072172838491572,0.10899834537636004,0.02072172838491572,0.1506348619571881,True,False,all_faster_below_stability_rule
bf16,16384,64,scalar_fused,control,0.6303568587929649,0.6531964223847952,0.6416918049795418,0.6416918049795418,0.6303568587929649,0.6531964223847952,True,False,all_faster_below_stability_rule
bf16,16384,64,scalar_split,control,1.1539064273547024,1.1366534800508759,1.2114371986377377,1.1539064273547024,1.1366534800508759,1.2114371986377377,True,False,all_faster_below_stability_rule
bf16,16384,64,scalar_transform,control,1.6359800653686756,1.6447042775926026,1.7936088236310432,1.6447042775926026,1.6359800653686756,1.7936088236310432,True,False,all_faster_below_stability_rule
bf16,16384,64,vector_fused,vector_path,25.694499117883236,25.680900075625125,25.716611142884076,25.694499117883236,25.680900075625125,25.716611142884076,True,False,stable_improvement_ge5
bf16,16384,64,vector_split,vector_path,25.579483659876264,25.585543554360278,25.700164917966994,25.585543554360278,25.579483659876264,25.700164917966994,True,False,stable_improvement_ge5
bf16,16384,64,vector_transform,vector_path,60.275529735981415,60.21738757298626,60.50635713356834,60.275529735981415,60.21738757298626,60.50635713356834,True,False,stable_improvement_ge5
bf16,16384,128,quant_only,control,0.03468667463430115,0.004411253309412464,-0.0003524555181944428,0.004411253309412464,-0.0003524555181944428,0.03468667463430115,False,False,mixed_or_unstable
bf16,16384,128,scalar_fused,control,0.5226173414762763,0.5044632359363995,0.5006241688509063,0.5044632359363995,0.5006241688509063,0.5226173414762763,True,False,all_faster_below_stability_rule
bf16,16384,128,scalar_split,control,1.2087627480401306,1.1583406606784765,1.1454137677979492,1.1583406606784765,1.1454137677979492,1.2087627480401306,True,False,all_faster_below_stability_rule
bf16,16384,128,scalar_transform,control,1.7125539164268253,1.6749492230461234,1.632821235537852,1.6749492230461234,1.632821235537852,1.7125539164268253,True,False,all_faster_below_stability_rule
bf16,16384,128,vector_fused,vector_path,28.06306422275385,28.045945577376095,28.04549301440973,28.045945577376095,28.04549301440973,28.06306422275385,True,False,stable_improvement_ge5
bf16,16384,128,vector_split,vector_path,27.934743870883104,27.846199557535623,27.819113884634838,27.846199557535623,27.819113884634838,27.934743870883104,True,False,stable_improvement_ge5
bf16,16384,128,vector_transform,vector_path,71.17160672452965,70.98253591489858,70.85457682020095,70.98253591489858,70.85457682020095,71.17160672452965,True,False,stable_improvement_ge5
bf16,16384,256,quant_only,control,-0.0070234558304897625,0.013544308162692474,-0.0037473896637915645,-0.0037473896637915645,-0.0070234558304897625,0.013544308162692474,False,False,mixed_or_unstable
bf16,16384,256,scalar_fused,control,0.46198777941490793,0.4544579697143913,0.4500402434657251,0.4544579697143913,0.4500402434657251,0.46198777941490793,True,False,all_faster_below_stability_rule
bf16,16384,256,scalar_split,control,1.2310276877450805,1.25235784049292,1.2606793830167884,1.25235784049292,1.2310276877450805,1.2606793830167884,True,False,all_faster_below_stability_rule
bf16,16384,256,scalar_transform,control,1.7107938159018163,1.7241976409677968,1.7390947552755338,1.7241976409677968,1.7107938159018163,1.7390947552755338,True,False,all_faster_below_stability_rule
bf16,16384,256,vector_fused,vector_path,29.282045806362543,29.29865274247387,29.310595711876214,29.29865274247387,29.282045806362543,29.310595711876214,True,False,stable_improvement_ge5
bf16,16384,256,vector_split,vector_path,29.485430385567668,29.529884161354314,29.5582672945966,29.529884161354314,29.485430385567668,29.5582672945966,True,False,stable_improvement_ge5
bf16,16384,256,vector_transform,vector_path,78.91451739491782,78.986108567214,79.01185820279717,78.986108567214,78.91451739491782,79.01185820279717,True,False,stable_improvement_ge5
fp16,1,16,quant_only,control,5.082133761541616,1.6357761100609929,17.634521036714588,5.082133761541616,1.6357761100609929,17.634521036714588,True,False,all_faster_below_stability_rule
fp16,1,16,scalar_fused,control,-4.0919307266871865,2.637126449201221,3.8995652137009817,2.637126449201221,-4.0919307266871865,3.8995652137009817,False,False,mixed_or_unstable
fp16,1,16,scalar_split,control,0.8843975181432108,3.041586358481638,5.156255548046607,3.041586358481638,0.8843975181432108,5.156255548046607,True,False,all_faster_below_stability_rule
fp16,1,16,scalar_transform,control,-2.3675332760336807,-2.075162279037324,8.402893163750988,-2.075162279037324,-2.3675332760336807,8.402893163750988,False,False,mixed_or_unstable
fp16,1,16,vector_fused,vector_path,1.1831341322097506,4.189530132264895,8.09876268850933,4.189530132264895,1.1831341322097506,8.09876268850933,True,False,all_faster_below_stability_rule
fp16,1,16,vector_split,vector_path,4.4727539043076625,3.2608663866981287,2.9499392472592936,3.2608663866981287,2.9499392472592936,4.4727539043076625,True,False,all_faster_below_stability_rule
fp16,1,16,vector_transform,vector_path,3.3333391540448565,3.497617255325343,0.6269543054381899,3.3333391540448565,0.6269543054381899,3.497617255325343,True,False,all_faster_below_stability_rule
fp16,1,64,quant_only,control,-0.6114750151469083,0.5879424524147266,-1.2974104306295393,-0.6114750151469083,-1.2974104306295393,0.5879424524147266,False,False,mixed_or_unstable
fp16,1,64,scalar_fused,control,-0.7927124313390351,2.1390316919943744,1.3017685873311997,1.3017685873311997,-0.7927124313390351,2.1390316919943744,False,False,mixed_or_unstable
fp16,1,64,scalar_split,control,0.2509132656368077,-0.42007539388930465,1.7373210473975689,0.2509132656368077,-0.42007539388930465,1.7373210473975689,False,False,mixed_or_unstable
fp16,1,64,scalar_transform,control,-3.367878898601799,2.480559286900667,3.6580848255826552,2.480559286900667,-3.367878898601799,3.6580848255826552,False,False,mixed_or_unstable
fp16,1,64,vector_fused,vector_path,8.475577916349012,8.084719462592753,11.47492703824148,8.475577916349012,8.084719462592753,11.47492703824148,True,False,stable_improvement_ge5
fp16,1,64,vector_split,vector_path,-2.950975995921164,-2.2558256274129778,2.424537858771956,-2.2558256274129778,-2.950975995921164,2.424537858771956,False,False,mixed_or_unstable
fp16,1,64,vector_transform,vector_path,-0.8620667997063091,-1.4791751344540989,0.6998461795544627,-0.8620667997063091,-1.4791751344540989,0.6998461795544627,False,False,mixed_or_unstable
fp16,1,128,quant_only,control,-1.836583467696079,-1.2410652232037496,-1.770242479494368,-1.770242479494368,-1.836583467696079,-1.2410652232037496,False,True,all_slower_below_stability_rule
fp16,1,128,scalar_fused,control,5.581255552593518,0.9707210636576903,2.400516535352451,2.400516535352451,0.9707210636576903,5.581255552593518,True,False,all_faster_below_stability_rule
fp16,1,128,scalar_split,control,1.6289351594483228,1.0339515153713867,1.0963086329892837,1.0963086329892837,1.0339515153713867,1.6289351594483228,True,False,all_faster_below_stability_rule
fp16,1,128,scalar_transform,control,2.816301940256725,1.7716081350017725,2.443202893932026,2.443202893932026,1.7716081350017725,2.816301940256725,True,False,all_faster_below_stability_rule
fp16,1,128,vector_fused,vector_path,14.525326662534589,13.128918836065825,11.39348538692157,13.128918836065825,11.39348538692157,14.525326662534589,True,False,stable_improvement_ge5
fp16,1,128,vector_split,vector_path,6.808700572820851,5.254396592476832,5.677380672036576,5.677380672036576,5.254396592476832,6.808700572820851,True,False,stable_improvement_ge5
fp16,1,128,vector_transform,vector_path,17.509304664534735,11.468433030339495,10.162604196930856,11.468433030339495,10.162604196930856,17.509304664534735,True,False,stable_improvement_ge5
fp16,1,256,quant_only,control,7.1749779846375334,-1.9003469740169139,0.0924264455897831,0.0924264455897831,-1.9003469740169139,7.1749779846375334,False,False,mixed_or_unstable
fp16,1,256,scalar_fused,control,2.8842252320296367,0.42239498721696633,0.9343474106528203,0.9343474106528203,0.42239498721696633,2.8842252320296367,True,False,all_faster_below_stability_rule
fp16,1,256,scalar_split,control,1.2579986994514005,0.9266050390585093,1.04765480399996,1.04765480399996,0.9266050390585093,1.2579986994514005,True,False,all_faster_below_stability_rule
fp16,1,256,scalar_transform,control,5.503550350222073,1.4992438913259716,1.8076803384015072,1.8076803384015072,1.4992438913259716,5.503550350222073,True,False,all_faster_below_stability_rule
fp16,1,256,vector_fused,vector_path,13.091004946985638,12.318131479753767,13.338085005100057,13.091004946985638,12.318131479753767,13.338085005100057,True,False,stable_improvement_ge5
fp16,1,256,vector_split,vector_path,9.641805482581189,8.951072022138115,10.317979572501002,9.641805482581189,8.951072022138115,10.317979572501002,True,False,stable_improvement_ge5
fp16,1,256,vector_transform,vector_path,18.049069675999586,13.704255529823344,16.363403385350264,16.363403385350264,13.704255529823344,18.049069675999586,True,False,stable_improvement_ge5
fp16,17,16,quant_only,control,0.05373746089206716,0.9483690078031073,-3.1068900310383767,0.05373746089206716,-3.1068900310383767,0.9483690078031073,False,False,mixed_or_unstable
fp16,17,16,scalar_fused,control,-0.8424177281480965,1.4811277466124466,-0.24546317406923565,-0.24546317406923565,-0.8424177281480965,1.4811277466124466,False,False,mixed_or_unstable
fp16,17,16,scalar_split,control,2.8910565712521668,0.8647321536549207,-6.384925678519231,0.8647321536549207,-6.384925678519231,2.8910565712521668,False,False,mixed_or_unstable
fp16,17,16,scalar_transform,control,-1.319406058983248,1.2854845371078043,-1.0565321186817551,-1.0565321186817551,-1.319406058983248,1.2854845371078043,False,False,mixed_or_unstable
fp16,17,16,vector_fused,vector_path,-3.6391658060007006,5.416858334269428,1.8709042280613326,1.8709042280613326,-3.6391658060007006,5.416858334269428,False,False,mixed_or_unstable
fp16,17,16,vector_split,vector_path,4.517623197643375,4.5706003778576285,-4.506624543085195,4.517623197643375,-4.506624543085195,4.5706003778576285,False,False,mixed_or_unstable
fp16,17,16,vector_transform,vector_path,1.5881489626938177,4.573482977926106,-3.0082975624952697,1.5881489626938177,-3.0082975624952697,4.573482977926106,False,False,mixed_or_unstable
fp16,17,64,quant_only,control,0.7745285679915015,-0.2986351038229316,0.042784250406914505,0.042784250406914505,-0.2986351038229316,0.7745285679915015,False,False,mixed_or_unstable
fp16,17,64,scalar_fused,control,0.5640567816692543,0.801713912177714,2.3576105165597334,0.801713912177714,0.5640567816692543,2.3576105165597334,True,False,all_faster_below_stability_rule
fp16,17,64,scalar_split,control,0.6290585199189758,-0.8154930153871514,0.9083497342324168,0.6290585199189758,-0.8154930153871514,0.9083497342324168,False,False,mixed_or_unstable
fp16,17,64,scalar_transform,control,2.448844116346659,1.4084520234670643,0.884651880596726,1.4084520234670643,0.884651880596726,2.448844116346659,True,False,all_faster_below_stability_rule
fp16,17,64,vector_fused,vector_path,9.697637551200902,9.447318226778902,9.43036565428849,9.447318226778902,9.43036565428849,9.697637551200902,True,False,stable_improvement_ge5
fp16,17,64,vector_split,vector_path,3.5179024477112133,2.424874407461609,4.4499413925086095,3.5179024477112133,2.424874407461609,4.4499413925086095,True,False,all_faster_below_stability_rule
fp16,17,64,vector_transform,vector_path,6.941503752243706,6.5179467715033175,7.03926333337517,6.941503752243706,6.5179467715033175,7.03926333337517,True,False,stable_improvement_ge5
fp16,17,128,quant_only,control,-13.353518150623565,-0.7385053715792516,1.7038015782530676,-0.7385053715792516,-13.353518150623565,1.7038015782530676,False,False,mixed_or_unstable
fp16,17,128,scalar_fused,control,-5.2720306809747814,1.425511613400763,1.0224338304631797,1.0224338304631797,-5.2720306809747814,1.425511613400763,False,False,mixed_or_unstable
fp16,17,128,scalar_split,control,0.5964435580677615,0.9531043282602816,1.0075643097750215,0.9531043282602816,0.5964435580677615,1.0075643097750215,True,False,all_faster_below_stability_rule
fp16,17,128,scalar_transform,control,-5.1483601105158465,2.9932979988405686,2.448577493880712,2.448577493880712,-5.1483601105158465,2.9932979988405686,False,False,mixed_or_unstable
fp16,17,128,vector_fused,vector_path,4.893857901277094,11.956525549200368,11.762804519218378,11.762804519218378,4.893857901277094,11.956525549200368,True,False,all_faster_below_stability_rule
fp16,17,128,vector_split,vector_path,2.401634396705079,9.849817016514987,8.915405591849465,8.915405591849465,2.401634396705079,9.849817016514987,True,False,all_faster_below_stability_rule
fp16,17,128,vector_transform,vector_path,4.553492171192428,15.294115603930234,13.731929058386926,13.731929058386926,4.553492171192428,15.294115603930234,True,False,all_faster_below_stability_rule
fp16,17,256,quant_only,control,0.6552526787887809,0.2327065200850682,1.051297937876665,0.6552526787887809,0.2327065200850682,1.051297937876665,True,False,all_faster_below_stability_rule
fp16,17,256,scalar_fused,control,0.8663556142499397,0.6985121209687061,0.9788211991619111,0.8663556142499397,0.6985121209687061,0.9788211991619111,True,False,all_faster_below_stability_rule
fp16,17,256,scalar_split,control,1.1890599604389869,0.8417546074142617,1.2293119798402024,1.1890599604389869,0.8417546074142617,1.2293119798402024,True,False,all_faster_below_stability_rule
fp16,17,256,scalar_transform,control,5.736076274954971,1.832787555814564,2.18730169487152,2.18730169487152,1.832787555814564,5.736076274954971,True,False,all_faster_below_stability_rule
fp16,17,256,vector_fused,vector_path,12.66031176486226,12.283904202555505,12.666781138610942,12.66031176486226,12.283904202555505,12.666781138610942,True,False,stable_improvement_ge5
fp16,17,256,vector_split,vector_path,11.584058052130054,11.286088499062584,11.29603480749398,11.29603480749398,11.286088499062584,11.584058052130054,True,False,stable_improvement_ge5
fp16,17,256,vector_transform,vector_path,17.723635328222006,17.732105297490083,17.88229185458533,17.732105297490083,17.723635328222006,17.88229185458533,True,False,stable_improvement_ge5
fp16,257,16,quant_only,control,-2.0527878726998554,-1.3343203619796142,-0.6526416739065394,-1.3343203619796142,-2.0527878726998554,-0.6526416739065394,False,True,all_slower_below_stability_rule
fp16,257,16,scalar_fused,control,-1.0030803783035964,0.7841323711586221,0.09175642659288501,0.09175642659288501,-1.0030803783035964,0.7841323711586221,False,False,mixed_or_unstable
fp16,257,16,scalar_split,control,-1.6730151771669488,-0.5484858555134327,0.06816578916809002,-0.5484858555134327,-1.6730151771669488,0.06816578916809002,False,False,mixed_or_unstable
fp16,257,16,scalar_transform,control,0.5662784827795467,1.8592843004977009,2.5264010375309622,1.8592843004977009,0.5662784827795467,2.5264010375309622,True,False,all_faster_below_stability_rule
fp16,257,16,vector_fused,vector_path,11.07254288452643,11.452124924553825,12.032271781289229,11.452124924553825,11.07254288452643,12.032271781289229,True,False,stable_improvement_ge5
fp16,257,16,vector_split,vector_path,8.026025790577778,9.24045344644241,9.507698887012731,9.24045344644241,8.026025790577778,9.507698887012731,True,False,stable_improvement_ge5
fp16,257,16,vector_transform,vector_path,19.14622097742441,20.873405784510215,20.415401942375652,20.415401942375652,19.14622097742441,20.873405784510215,True,False,stable_improvement_ge5
fp16,257,64,quant_only,control,0.0,-0.4526470014978423,0.9587641313351318,0.0,-0.4526470014978423,0.9587641313351318,False,False,mixed_or_unstable
fp16,257,64,scalar_fused,control,0.9576427040973412,0.4364343503867595,0.7917165414364916,0.7917165414364916,0.4364343503867595,0.9576427040973412,True,False,all_faster_below_stability_rule
fp16,257,64,scalar_split,control,1.1924673362415834,1.3168439844339892,1.2727909648997517,1.2727909648997517,1.1924673362415834,1.3168439844339892,True,False,all_faster_below_stability_rule
fp16,257,64,scalar_transform,control,1.9343134904898178,1.8142394418395276,1.6573309526471915,1.8142394418395276,1.6573309526471915,1.9343134904898178,True,False,all_faster_below_stability_rule
fp16,257,64,vector_fused,vector_path,22.587949341605366,22.69786803655011,21.967080988575518,22.587949341605366,21.967080988575518,22.69786803655011,True,False,stable_improvement_ge5
fp16,257,64,vector_split,vector_path,19.23752177289144,19.76309197965625,20.30889958592055,19.76309197965625,19.23752177289144,20.30889958592055,True,False,stable_improvement_ge5
fp16,257,64,vector_transform,vector_path,41.478798288886466,41.01541588883323,42.54814183586625,41.478798288886466,41.01541588883323,42.54814183586625,True,False,stable_improvement_ge5
fp16,257,128,quant_only,control,0.1471337094928338,0.006393835142046075,0.07039573334811072,0.07039573334811072,0.006393835142046075,0.1471337094928338,True,False,all_faster_below_stability_rule
fp16,257,128,scalar_fused,control,0.6609620256782834,0.6996144000888301,0.5410578995353147,0.6609620256782834,0.5410578995353147,0.6996144000888301,True,False,all_faster_below_stability_rule
fp16,257,128,scalar_split,control,1.079017663968154,1.1137241262223676,1.149657105703799,1.1137241262223676,1.079017663968154,1.149657105703799,True,False,all_faster_below_stability_rule
fp16,257,128,scalar_transform,control,1.7083532015437095,1.8586627879852098,1.6857239227317342,1.7083532015437095,1.6857239227317342,1.8586627879852098,True,False,all_faster_below_stability_rule
fp16,257,128,vector_fused,vector_path,24.573653159008824,24.79439415873279,24.65669807634047,24.65669807634047,24.573653159008824,24.79439415873279,True,False,stable_improvement_ge5
fp16,257,128,vector_split,vector_path,23.00282073054067,22.891349966783643,23.013273385938295,23.00282073054067,22.891349966783643,23.013273385938295,True,False,stable_improvement_ge5
fp16,257,128,vector_transform,vector_path,51.662936412631936,51.558640279419265,51.46306393254997,51.558640279419265,51.46306393254997,51.662936412631936,True,False,stable_improvement_ge5
fp16,257,256,quant_only,control,0.19523790818450829,0.03704215092916263,0.2961078581944344,0.19523790818450829,0.03704215092916263,0.2961078581944344,True,False,all_faster_below_stability_rule
fp16,257,256,scalar_fused,control,0.5231743305362556,0.3739582724930143,0.47495907441345714,0.47495907441345714,0.3739582724930143,0.5231743305362556,True,False,all_faster_below_stability_rule
fp16,257,256,scalar_split,control,1.345529168787177,1.236766569232109,1.288994223304226,1.288994223304226,1.236766569232109,1.345529168787177,True,False,all_faster_below_stability_rule
fp16,257,256,scalar_transform,control,1.8916958289290624,1.7409377008863598,1.7675353168081571,1.7675353168081571,1.7409377008863598,1.8916958289290624,True,False,all_faster_below_stability_rule
fp16,257,256,vector_fused,vector_path,25.69895846696668,25.685538172591045,25.55676872513939,25.685538172591045,25.55676872513939,25.69895846696668,True,False,stable_improvement_ge5
fp16,257,256,vector_split,vector_path,25.298963766002945,24.831625548282723,25.263997542907585,25.263997542907585,24.831625548282723,25.298963766002945,True,False,stable_improvement_ge5
fp16,257,256,vector_transform,vector_path,57.37505464078794,56.749825312225134,57.58680605637666,57.37505464078794,56.749825312225134,57.58680605637666,True,False,stable_improvement_ge5
fp16,4096,16,quant_only,control,0.5959294984266696,0.3712248601104551,-0.11609382082543272,0.3712248601104551,-0.11609382082543272,0.5959294984266696,False,False,mixed_or_unstable
fp16,4096,16,scalar_fused,control,0.37739368037998994,0.3495844212628159,0.285974960257018,0.3495844212628159,0.285974960257018,0.37739368037998994,True,False,all_faster_below_stability_rule
fp16,4096,16,scalar_split,control,1.133471770491577,1.1163235364390647,1.1765201891232095,1.133471770491577,1.1163235364390647,1.1765201891232095,True,False,all_faster_below_stability_rule
fp16,4096,16,scalar_transform,control,1.7661583738560547,1.8266843580820609,1.5931923889863797,1.7661583738560547,1.5931923889863797,1.8266843580820609,True,False,all_faster_below_stability_rule
fp16,4096,16,vector_fused,vector_path,17.26767920150662,17.31077852257768,17.3415776409619,17.31077852257768,17.26767920150662,17.3415776409619,True,False,stable_improvement_ge5
fp16,4096,16,vector_split,vector_path,16.348460898777336,16.09177149578798,16.25218028123572,16.25218028123572,16.09177149578798,16.348460898777336,True,False,stable_improvement_ge5
fp16,4096,16,vector_transform,vector_path,32.32001133857562,32.28194679876411,32.263175533580636,32.28194679876411,32.263175533580636,32.32001133857562,True,False,stable_improvement_ge5
fp16,4096,64,quant_only,control,0.19075866087560245,0.3082586884249539,0.2113090350295335,0.2113090350295335,0.19075866087560245,0.3082586884249539,True,False,all_faster_below_stability_rule
fp16,4096,64,scalar_fused,control,0.5445216892102621,0.5764401410513278,0.5701698183952765,0.5701698183952765,0.5445216892102621,0.5764401410513278,True,False,all_faster_below_stability_rule
fp16,4096,64,scalar_split,control,1.1906190697965953,1.208774651182765,1.1895038692401465,1.1906190697965953,1.1895038692401465,1.208774651182765,True,False,all_faster_below_stability_rule
fp16,4096,64,scalar_transform,control,1.6768090823019037,1.6792871800934275,1.674072179350261,1.6768090823019037,1.674072179350261,1.6792871800934275,True,False,all_faster_below_stability_rule
fp16,4096,64,vector_fused,vector_path,25.293228324385492,25.268543652818593,25.31855342561158,25.293228324385492,25.268543652818593,25.31855342561158,True,False,stable_improvement_ge5
fp16,4096,64,vector_split,vector_path,25.319076138357083,25.34720349747977,25.333739992474495,25.333739992474495,25.319076138357083,25.34720349747977,True,False,stable_improvement_ge5
fp16,4096,64,vector_transform,vector_path,59.00889498866294,59.04841606597567,59.07148233328373,59.04841606597567,59.00889498866294,59.07148233328373,True,False,stable_improvement_ge5
fp16,4096,128,quant_only,control,0.24874806963125418,0.26528350589045036,0.26248216381501366,0.26248216381501366,0.24874806963125418,0.26528350589045036,True,False,all_faster_below_stability_rule
fp16,4096,128,scalar_fused,control,0.5211471592310934,0.5161043104841019,0.5176502574923734,0.5176502574923734,0.5161043104841019,0.5211471592310934,True,False,all_faster_below_stability_rule
fp16,4096,128,scalar_split,control,1.2561631336623116,1.3094490061866542,1.203162612732891,1.2561631336623116,1.203162612732891,1.3094490061866542,True,False,all_faster_below_stability_rule
fp16,4096,128,scalar_transform,control,1.718346944782693,1.7547782226323736,1.6196300817822984,1.718346944782693,1.6196300817822984,1.7547782226323736,True,False,all_faster_below_stability_rule
fp16,4096,128,vector_fused,vector_path,27.735173552076482,27.724859835902095,27.715995057949193,27.724859835902095,27.715995057949193,27.735173552076482,True,False,stable_improvement_ge5
fp16,4096,128,vector_split,vector_path,27.755716859829576,27.837450640455803,27.649443980352707,27.755716859829576,27.649443980352707,27.837450640455803,True,False,stable_improvement_ge5
fp16,4096,128,vector_transform,vector_path,69.82021095991745,69.93859647676184,69.623861735138,69.82021095991745,69.623861735138,69.93859647676184,True,False,stable_improvement_ge5
fp16,4096,256,quant_only,control,0.2892415831930626,0.2889854865367183,0.2902172895365752,0.2892415831930626,0.2889854865367183,0.2902172895365752,True,False,all_faster_below_stability_rule
fp16,4096,256,scalar_fused,control,0.4644720201408765,0.45729753004353335,0.4630255487215949,0.4630255487215949,0.45729753004353335,0.4644720201408765,True,False,all_faster_below_stability_rule
fp16,4096,256,scalar_split,control,1.303565026836143,1.329763716077489,1.3312350116470784,1.329763716077489,1.303565026836143,1.3312350116470784,True,False,all_faster_below_stability_rule
fp16,4096,256,scalar_transform,control,1.7017841926677058,1.7393447828428954,1.7348895034181677,1.7348895034181677,1.7017841926677058,1.7393447828428954,True,False,all_faster_below_stability_rule
fp16,4096,256,vector_fused,vector_path,29.076011001868647,29.062839513664183,29.07357598922183,29.07357598922183,29.062839513664183,29.076011001868647,True,False,stable_improvement_ge5
fp16,4096,256,vector_split,vector_path,29.36761713486587,29.411279402468022,29.42441463745397,29.411279402468022,29.36761713486587,29.42441463745397,True,False,stable_improvement_ge5
fp16,4096,256,vector_transform,vector_path,77.35695777846794,77.37283568027628,77.46992790369819,77.37283568027628,77.35695777846794,77.46992790369819,True,False,stable_improvement_ge5
fp16,16384,16,quant_only,control,0.19122630722009049,0.13130986825834484,0.06865019877305092,0.13130986825834484,0.06865019877305092,0.19122630722009049,True,False,all_faster_below_stability_rule
fp16,16384,16,scalar_fused,control,0.3033478113705787,0.17302112447676835,0.23348829699892412,0.23348829699892412,0.17302112447676835,0.3033478113705787,True,False,all_faster_below_stability_rule
fp16,16384,16,scalar_split,control,1.0852038933476311,1.0724624857561154,1.0098333680848106,1.0724624857561154,1.0098333680848106,1.0852038933476311,True,False,all_faster_below_stability_rule
fp16,16384,16,scalar_transform,control,1.7894057052643009,1.75849735963798,1.7378494928898067,1.75849735963798,1.7378494928898067,1.7894057052643009,True,False,all_faster_below_stability_rule
fp16,16384,16,vector_fused,vector_path,18.170708778108434,18.21086788772027,18.193606460941076,18.193606460941076,18.170708778108434,18.21086788772027,True,False,stable_improvement_ge5
fp16,16384,16,vector_split,vector_path,16.978956632848277,16.989416070384454,17.04528994602963,16.989416070384454,16.978956632848277,17.04528994602963,True,False,stable_improvement_ge5
fp16,16384,16,vector_transform,vector_path,32.950098336420226,32.8622427323013,33.079612834637835,32.950098336420226,32.8622427323013,33.079612834637835,True,False,stable_improvement_ge5
fp16,16384,64,quant_only,control,0.3092581691684544,0.22361575185794488,0.1750037510065176,0.22361575185794488,0.1750037510065176,0.3092581691684544,True,False,all_faster_below_stability_rule
fp16,16384,64,scalar_fused,control,0.5615823088810489,0.583856245154287,0.5602192880657828,0.5615823088810489,0.5602192880657828,0.583856245154287,True,False,all_faster_below_stability_rule
fp16,16384,64,scalar_split,control,1.1408795189048597,1.144947723266978,1.232521359731702,1.144947723266978,1.1408795189048597,1.232521359731702,True,False,all_faster_below_stability_rule
fp16,16384,64,scalar_transform,control,1.5749706306918108,1.5841280126971873,1.7444321636656002,1.5841280126971873,1.5749706306918108,1.7444321636656002,True,False,all_faster_below_stability_rule
fp16,16384,64,vector_fused,vector_path,25.557977395258625,25.598968054220634,25.610429818652435,25.598968054220634,25.557977395258625,25.610429818652435,True,False,stable_improvement_ge5
fp16,16384,64,vector_split,vector_path,25.642874901041314,25.659903698296883,25.80008030548113,25.659903698296883,25.642874901041314,25.80008030548113,True,False,stable_improvement_ge5
fp16,16384,64,vector_transform,vector_path,60.233970127356294,60.237964293852706,60.47983757641499,60.237964293852706,60.233970127356294,60.47983757641499,True,False,stable_improvement_ge5
fp16,16384,128,quant_only,control,0.2528463536532168,0.21123781522661228,0.23245494683724774,0.23245494683724774,0.21123781522661228,0.2528463536532168,True,False,all_faster_below_stability_rule
fp16,16384,128,scalar_fused,control,0.5273842678968238,0.5097379044409525,0.508917275944115,0.5097379044409525,0.508917275944115,0.5273842678968238,True,False,all_faster_below_stability_rule
fp16,16384,128,scalar_split,control,1.2694684407437777,1.2213092650556008,1.2048283437377616,1.2213092650556008,1.2048283437377616,1.2694684407437777,True,False,all_faster_below_stability_rule
fp16,16384,128,scalar_transform,control,1.7194266393009596,1.6626639427299976,1.6094917419023413,1.6626639427299976,1.6094917419023413,1.7194266393009596,True,False,all_faster_below_stability_rule
fp16,16384,128,vector_fused,vector_path,27.991200214685886,27.96393675753457,27.968150334032636,27.968150334032636,27.96393675753457,27.991200214685886,True,False,stable_improvement_ge5
fp16,16384,128,vector_split,vector_path,28.069006193101494,27.97352111282479,27.94281608224664,27.97352111282479,27.94281608224664,28.069006193101494,True,False,stable_improvement_ge5
fp16,16384,128,vector_transform,vector_path,71.17574148194964,70.98905668811389,70.92478068889572,70.98905668811389,70.92478068889572,71.17574148194964,True,False,stable_improvement_ge5
fp16,16384,256,quant_only,control,0.27301184443333315,0.27263384549890823,0.29925776060654785,0.27301184443333315,0.27263384549890823,0.29925776060654785,True,False,all_faster_below_stability_rule
fp16,16384,256,scalar_fused,control,0.49030980317013517,0.4707848247994235,0.47675558577647037,0.47675558577647037,0.4707848247994235,0.49030980317013517,True,False,all_faster_below_stability_rule
fp16,16384,256,scalar_split,control,1.3093938195286074,1.3252262679997049,1.3429690637347589,1.3252262679997049,1.3093938195286074,1.3429690637347589,True,False,all_faster_below_stability_rule
fp16,16384,256,scalar_transform,control,1.7155126584150464,1.738048829261647,1.7425484932875965,1.738048829261647,1.7155126584150464,1.7425484932875965,True,False,all_faster_below_stability_rule
fp16,16384,256,vector_fused,vector_path,29.31453978229613,29.329015883134524,29.325050219241604,29.325050219241604,29.31453978229613,29.329015883134524,True,False,stable_improvement_ge5
fp16,16384,256,vector_split,vector_path,29.662276248322023,29.680115547256946,29.758524974058282,29.680115547256946,29.662276248322023,29.758524974058282,True,False,stable_improvement_ge5
fp16,16384,256,vector_transform,vector_path,78.93078140943183,78.98622251439213,79.02199276867914,78.98622251439213,78.93078140943183,79.02199276867914,True,False,stable_improvement_ge5
