variant,round,dtype,M,N,block_dim,operation,scalar_median_ms,vector_median_ms,scalar_over_vector_ratio,latency_reduction_pct
old,1,fp16,1,16,32,transform,0.00709600001574,0.00768000036478,0.9239582914971999,-8.229993626614974
old,1,fp16,1,16,32,split,0.01266400069,0.0135040000081,0.9377962590642661,-6.63296961728135
old,1,fp16,1,16,32,fused,0.00713599994779,0.00777600035071,0.9176954251472528,-8.968615577389496
old,1,fp16,1,64,32,transform,0.0108079999685,0.0106720000505,1.012743620441946,1.258326410033059
old,1,fp16,1,64,32,split,0.0175359994173,0.0168080002069,1.0433126607233822,4.151455489225198
old,1,fp16,1,64,32,fused,0.0136240005493,0.0135920003057,1.0023543439435165,0.23488140274366395
old,1,fp16,1,128,32,transform,0.0187480002642,0.0182760000229,1.0258262333502177,2.5176031291257392
old,1,fp16,1,128,32,split,0.0289759993553,0.026848000288,1.0792609894395424,7.344005779427134
old,1,fp16,1,128,32,fused,0.0259440004826,0.0238480001688,1.0878899823450257,8.07894031302434
old,1,fp16,1,256,32,transform,0.0388839989901,0.0334199994802,1.16349490110367,14.052051362544152
old,1,fp16,1,256,32,split,0.0543720006943,0.0489120006561,1.1116290473699744,10.041933290073683
old,1,fp16,1,256,32,fused,0.0493719995022,0.0450080007315,1.0969605114595935,8.83901566616831
old,1,fp16,17,16,32,transform,0.00727600008249,0.00755600035191,0.9629433223425908,-3.8482719385041184
old,1,fp16,17,16,32,split,0.0131439998746,0.0137239992619,0.957738311097832,-4.41265514937211
old,1,fp16,17,16,32,fused,0.0080719999969,0.0078039996326,1.0343414117013114,3.320123444040185
old,1,fp16,17,64,32,transform,0.0119240000844,0.0113519996405,1.0503876375981638,4.7970516592694405
old,1,fp16,17,64,32,split,0.0197119995952,0.0192159995437,1.0258118267734149,2.5162340791686164
old,1,fp16,17,64,32,fused,0.0148919999599,0.0146840006113,1.014165032684617,1.3967187023911103
old,1,fp16,17,128,32,transform,0.0203559994698,0.0180959999561,1.1248894517673877,11.102375577543706
old,1,fp16,17,128,32,split,0.0315200001001,0.0294800013304,1.0691994124028865,6.4720772944842855
old,1,fp16,17,128,32,fused,0.0261000007391,0.0246840000153,1.0573651240853312,5.425289975868525
old,1,fp16,17,256,32,transform,0.0403759986162,0.0334919989109,1.2055416197645816,17.04973236881858
old,1,fp16,17,256,32,split,0.0571879982948,0.0519680023193,1.1004463466466823,9.127782281504759
old,1,fp16,17,256,32,fused,0.049864000082,0.0461600005627,1.0802426229234723,7.428203740592167
old,1,fp16,257,16,32,transform,0.0190720006824,0.0156479999423,1.2188139540340979,17.953023372423278
old,1,fp16,257,16,32,split,0.0346679985523,0.0313479989767,1.1059078628293837,9.576553923617668
old,1,fp16,257,16,32,fused,0.0259200006723,0.0230480000377,1.1246095379166183,11.080249074488759
old,1,fp16,257,64,32,transform,0.0663800001144,0.0298079997301,2.226918971935233,55.094908588839154
old,1,fp16,257,64,32,split,0.100295996666,0.0637920022011,1.5722346564671794,36.39626274063911
old,1,fp16,257,64,32,fused,0.0918919980526,0.0583320021629,1.5753273442591456,36.52112980554616
old,1,fp16,257,128,32,transform,0.140251994133,0.0500320017338,2.803245708201403,64.3270656912336
old,1,fp16,257,128,32,split,0.202035999298,0.112108004093,1.8021549927014988,44.510877030562064
old,1,fp16,257,128,32,fused,0.188815999031,0.104843997955,1.8009233023719826,44.47292682131951
old,1,fp16,257,256,32,transform,0.301740002632,0.092040002346,3.27835718101884,69.4969173648973
old,1,fp16,257,256,32,split,0.419759988785,0.210396003723,1.9950948751747266,49.877070386819476
old,1,fp16,257,256,32,fused,0.396043992043,0.201300001144,1.967431643279971,49.17231287726639
old,1,fp16,4096,16,32,transform,0.228972005844,0.164344000816,1.3932483370680362,28.225286663222676
old,1,fp16,4096,16,32,split,0.391012001038,0.326415991783,1.197894744378649,16.520211421521637
old,1,fp16,4096,16,32,fused,0.327512001991,0.271652007103,1.2056307092434624,17.055861937400085
old,1,fp16,4096,64,32,transform,0.90743598938,0.334091997147,2.716126088410102,63.18285795835955
old,1,fp16,4096,64,32,split,1.35559597015,0.782255983353,1.732931417589778,42.29431183198034
old,1,fp16,4096,64,32,fused,1.26204004288,0.728448009491,1.7325053077732278,42.28011911344212
old,1,fp16,4096,128,32,transform,1.9523399353,0.550871992111,3.5440900304595733,71.78401249952653
old,1,fp16,4096,128,32,split,2.79581604004,1.39495601654,2.004232396498525,50.10558647055898
old,1,fp16,4096,128,32,fused,2.63494796753,1.3254360199,1.9879857857860228,49.697829473935926
old,1,fp16,4096,256,32,transform,4.23415603638,0.988860034943,4.281855759924675,76.64564020676886
old,1,fp16,4096,256,32,split,5.86515197754,2.61998806,2.2386178269606316,55.329579352197925
old,1,fp16,4096,256,32,fused,5.5702041626,2.53436393738,2.1978706690241263,54.50141748131119
old,1,fp16,16384,16,32,transform,0.90375995636,0.641552019119,1.4087087709599488,29.013006760896275
old,1,fp16,16384,16,32,split,1.50939598083,1.24756803513,1.2098706750471662,17.346537888356085
old,1,fp16,16384,16,32,fused,1.29091997147,1.06415195465,1.2130974019538252,17.56638845410177
old,1,fp16,16384,64,32,transform,3.61022415161,1.30580797195,2.764743537458077,63.83027986315844
old,1,fp16,16384,64,32,split,5.3860118866,3.08101196289,1.7481307932176617,42.796042270992196
old,1,fp16,16384,64,32,fused,5.02936401367,2.88326396942,1.7443300603106804,42.67140016942142
old,1,fp16,16384,128,32,transform,7.79677963257,2.16543998718,3.6005521643310727,72.22648209609304
old,1,fp16,16384,128,32,split,11.1529556274,5.52283210754,2.0194268828439528,50.48099990668129
old,1,fp16,16384,128,32,fused,10.5197357178,5.25418014526,2.002165024221764,50.05406707727814
old,1,fp16,16384,256,32,transform,16.9206314087,3.87872009277,4.362426523182311,77.07697780843039
old,1,fp16,16384,256,32,split,23.4251602173,10.3835601807,2.2559854047786536,55.67347209419934
old,1,fp16,16384,256,32,fused,22.263444519,10.0536880493,2.2144554724422862,54.84217170114888
old,1,bf16,1,16,32,transform,0.00729999989271,0.00751200020313,0.971778447192844,-2.9041138840523804
old,1,bf16,1,16,32,split,0.0133039996028,0.0129120007157,1.0303592677642404,2.9464739837897875
old,1,bf16,1,16,32,fused,0.00730800032616,0.00759999975562,0.961579021204037,-3.9956132516134066
old,1,bf16,1,64,32,transform,0.0108159996569,0.0107280001044,1.0082027919130898,0.8136053558753598
old,1,bf16,1,64,32,split,0.0172720000148,0.0170000001788,1.015999990184659,1.5748021987432237
old,1,bf16,1,64,32,fused,0.0136199995875,0.0134599998593,1.0118870527394137,1.174741064947196
old,1,bf16,1,128,32,transform,0.0202240005136,0.0167999997735,1.2038095706108851,16.93038297639218
old,1,bf16,1,128,32,split,0.0298839986324,0.0264800012112,1.1285497456760025,11.390702640139363
old,1,bf16,1,128,32,fused,0.0261759996414,0.0236000001431,1.109152520452554,9.841074012798336
old,1,bf16,1,256,32,transform,0.0387760013342,0.0335799992085,1.154735028236235,13.400046283568651
old,1,bf16,1,256,32,split,0.0545199990273,0.0503040015697,1.0838103794140197,7.732937514340208
old,1,bf16,1,256,32,fused,0.0499399989843,0.0450439989567,1.1086937248246196,9.80376477208018
old,1,bf16,17,16,32,transform,0.00729999989271,0.00764399990439,0.9549973814779305,-4.712328996381607
old,1,bf16,17,16,32,split,0.0124760001898,0.0135159999132,0.9230541780054086,-8.336002785975216
old,1,bf16,17,16,32,fused,0.00835200026631,0.00833199992776,1.002400424714763,0.2394676474170669
old,1,bf16,17,64,32,transform,0.0117919996381,0.0112719997764,1.046131997162448,4.40976829765055
old,1,bf16,17,64,32,split,0.0197479993105,0.0193639993668,1.0198306112506064,1.9445004917324815
old,1,bf16,17,64,32,fused,0.0151999995112,0.0146999999881,1.0340135730275348,3.2894706524929775
old,1,bf16,17,128,32,transform,0.0200599998236,0.0182400003076,1.0997806735365934,9.072779322055741
old,1,bf16,17,128,32,split,0.0314639985561,0.0296079993248,1.0626857360721902,5.898802811062848
old,1,bf16,17,128,32,fused,0.0263240009546,0.0246720001101,1.0669585293907209,6.2756449802184
old,1,bf16,17,256,32,transform,0.040340000391,0.03492000103,1.155211890066774,13.435794021978287
old,1,bf16,17,256,32,split,0.0572120010853,0.0519879996777,1.1004847549431838,9.130953835736836
old,1,bf16,17,256,32,fused,0.050271999836,0.0461800009012,1.088609762991444,8.139717831296025
old,1,bf16,257,16,32,transform,0.0194959998131,0.0155560001731,1.2532784517972166,20.209272044373872
old,1,bf16,257,16,32,split,0.0347999989986,0.0314280003309,1.1072928163483775,9.689651622793598
old,1,bf16,257,16,32,fused,0.0261920005083,0.0232840001583,1.1248926443149585,11.10262787708209
old,1,bf16,257,64,32,transform,0.066320002079,0.0299080014229,2.2174668625038922,54.90349745877005
old,1,bf16,257,64,32,split,0.100256001949,0.0639039993286,1.5688533269017295,36.2591784169612
old,1,bf16,257,64,32,fused,0.092188000679,0.0580359995365,1.5884623581096613,37.046037326937785
old,1,bf16,257,128,32,transform,0.140392005444,0.0501039981842,2.8020120256245695,64.31135944974756
old,1,bf16,257,128,32,split,0.201764011383,0.111756002903,1.8053975280247234,44.61053676670893
old,1,bf16,257,128,32,fused,0.188580000401,0.10478399992,1.7997022498184474,44.43525310362427
old,1,bf16,257,256,32,transform,0.30147600174,0.0922320008278,3.268670299182439,69.4065198239749
old,1,bf16,257,256,32,split,0.419880008698,0.210563993454,1.9940731642218181,49.85138870818477
old,1,bf16,257,256,32,fused,0.39662001133,0.201839995384,1.9650219005179406,49.10998194287708
old,1,bf16,4096,16,32,transform,0.228959989548,0.164403998852,1.3926667912385435,28.1953151829902
old,1,bf16,4096,16,32,split,0.390851998329,0.326331996918,1.1977127649766213,16.507527577405458
old,1,bf16,4096,16,32,fused,0.329380011559,0.272831988335,1.2072631716284192,17.168019078131238
old,1,bf16,4096,64,32,transform,0.907336044312,0.334331989288,2.713877443328952,63.15235227522435
old,1,bf16,4096,64,32,split,1.35565595627,0.782376003265,1.7327422500339944,42.2880119659816
old,1,bf16,4096,64,32,fused,1.26559200287,0.729120016098,1.7357800841115485,42.38901522413505
old,1,bf16,4096,128,32,transform,1.95200405121,0.551104021072,3.5419884025033763,71.76727062987477
old,1,bf16,4096,128,32,split,2.79515991211,1.3946559906,2.004193099193934,50.10460816364501
old,1,bf16,4096,128,32,fused,2.63829193115,1.32652797699,1.988870176064058,49.72019732434301
old,1,bf16,4096,256,32,transform,4.2334438324,0.989387989044,4.278851046585457,76.62924020694749
old,1,bf16,4096,256,32,split,5.86269989014,2.61995601654,2.237709279517781,55.31144241331043
old,1,bf16,4096,256,32,fused,5.57375602722,2.5354839325,2.1983006698544716,54.51031727765427
old,1,bf16,16384,16,32,transform,0.902927970886,0.642592000961,1.4051341590553041,28.832418345568
old,1,bf16,16384,16,32,split,1.50828399658,1.2471280098,1.2094059188213415,17.314775425063537
old,1,bf16,16384,16,32,fused,1.29836397171,1.06865997314,1.2149458240632613,17.691803190400467
old,1,bf16,16384,64,32,transform,3.61029586792,1.30570402145,2.7650185712920785,63.83387763168964
old,1,bf16,16384,64,32,split,5.38692817688,3.08136005402,1.748230678155288,42.7993106118474
old,1,bf16,16384,64,32,fused,5.04217185974,2.88537998199,1.7474897210115443,42.775056815719395
old,1,bf16,16384,128,32,transform,7.79492416382,2.16639194489,3.5981135279820258,72.20765847927977
old,1,bf16,16384,128,32,split,11.1498756409,5.51993598938,2.0199284307556535,50.49329546661706
old,1,bf16,16384,128,32,fused,10.5323318481,5.2602519989,2.0022485330175197,50.056150197651306
old,1,bf16,16384,256,32,transform,16.9182479858,3.87956008911,4.360867623442629,77.06878340850523
old,1,bf16,16384,256,32,split,23.4135955811,10.373475647,2.2570637246226335,55.69464924313585
old,1,bf16,16384,256,32,fused,22.2724761963,10.0610717773,2.2137279893531447,54.82733177655662
old,2,fp16,1,16,32,transform,0.00713199973106,0.00754799991846,0.9448860371099639,-5.832868803798613
old,2,fp16,1,16,32,split,0.0128879994154,0.0132479995489,0.9728260759542454,-2.793297251936809
old,2,fp16,1,16,32,fused,0.00758399963379,0.00802000015974,0.9456358457274476,-5.748952360274773
old,2,fp16,1,64,32,transform,0.0108039997518,0.0102760002017,1.051381815856003,4.887074807753789
old,2,fp16,1,64,32,split,0.0171399995685,0.0166679993272,1.028317750201115,2.7537937758612667
old,2,fp16,1,64,32,fused,0.013463999331,0.0134079992771,1.004176615223693,0.41592436632899055
old,2,fp16,1,128,32,transform,0.0187399998307,0.0169159993529,1.1078269418050848,9.7331936727764
old,2,fp16,1,128,32,split,0.028628000617,0.0264160007238,1.083737122675313,7.7267005921694025
old,2,fp16,1,128,32,fused,0.0247240006924,0.0236120000482,1.0470947247979856,4.497656580885886
old,2,fp16,1,256,32,transform,0.0373519986868,0.0321359992027,1.1623101697009552,13.964445458023933
old,2,fp16,1,256,32,split,0.0543919980526,0.0488880008459,1.1125838060764475,10.119130393734274
old,2,fp16,1,256,32,fused,0.0482959985733,0.0448119997978,1.0777470050705267,7.213845615413151
old,2,fp16,17,16,32,transform,0.00746800005436,0.0077840000391,0.9594039076114217,-4.231387017137365
old,2,fp16,17,16,32,split,0.0129519999027,0.0137400001287,0.9426491835066266,-6.084004261270357
old,2,fp16,17,16,32,fused,0.00837199985981,0.00849199965596,0.98586907665902,-1.433346848535692
old,2,fp16,17,64,32,transform,0.0119280003011,0.0114759996533,1.0393866034729293,3.7894084204400706
old,2,fp16,17,64,32,split,0.019619999826,0.0193000003695,1.0165802824027763,1.6309860312839684
old,2,fp16,17,64,32,fused,0.0149680003524,0.0146919995546,1.018785788603811,1.843939011905123
old,2,fp16,17,128,32,transform,0.020311999321,0.0180199995637,1.1271919984902259,11.283969249301649
old,2,fp16,17,128,32,split,0.0314759999514,0.029563999176,1.0646732792819233,6.074471909874799
old,2,fp16,17,128,32,fused,0.0260960012674,0.0246560007334,1.0584036539246737,5.518088841445967
old,2,fp16,17,256,32,transform,0.0388480007648,0.0334760010242,1.1604731621532856,13.82825276678728
old,2,fp16,17,256,32,split,0.0570240020752,0.0518159985542,1.1005095658930975,9.133002475224353
old,2,fp16,17,256,32,fused,0.0498199999332,0.0460440009832,1.0820084890402495,7.57928333011433
old,2,fp16,257,16,32,transform,0.0189319998026,0.0153880000114,1.230309318207335,18.71962723511802
old,2,fp16,257,16,32,split,0.0342759996653,0.0311239987612,1.1012723631138737,9.195941576843317
old,2,fp16,257,16,32,fused,0.0260159999132,0.0228080004454,1.1406523765851206,12.330871304209703
old,2,fp16,257,64,32,transform,0.0663640022278,0.030096000433,2.205077128954067,54.6501123761449
old,2,fp16,257,64,32,split,0.100240004063,0.0641600012779,1.5623441718591082,35.99361664273679
old,2,fp16,257,64,32,fused,0.0916519999504,0.0581200003624,1.576944242582853,36.586217001425794
old,2,fp16,257,128,32,transform,0.140315997601,0.0501720011234,2.7966992437851403,64.24356311383097
old,2,fp16,257,128,32,split,0.202203989029,0.112251996994,1.8013397929999235,44.48576532389731
old,2,fp16,257,128,32,fused,0.188675999641,0.105055999756,1.7959564430324149,44.31936231640829
old,2,fp16,257,256,32,transform,0.301448011398,0.0920319974422,3.2754696168288873,69.47002668374192
old,2,fp16,257,256,32,split,0.419479990005,0.210247993469,1.9951676260199374,49.87889804553158
old,2,fp16,257,256,32,fused,0.395767998695,0.201155996323,1.9674680642356186,49.17325377840325
old,2,fp16,4096,16,32,transform,0.229047989845,0.164227998257,1.3946951328394284,28.299742613704932
old,2,fp16,4096,16,32,split,0.391283988953,0.326552009583,1.1982286970233664,16.543477677992954
old,2,fp16,4096,16,32,fused,0.327239990234,0.271691989899,1.2044521090064144,16.97469807870341
old,2,fp16,4096,64,32,transform,0.907528018951,0.334179997444,2.715686234640894,63.17689476626028
old,2,fp16,4096,64,32,split,1.3557559967,0.782539987564,1.7325069878159032,42.28017508543173
old,2,fp16,4096,64,32,fused,1.26224002838,0.728367996216,1.7329701949255858,42.29560306760266
old,2,fp16,4096,128,32,transform,1.95352401733,0.552415990829,3.536327785150434,71.72207836051994
old,2,fp16,4096,128,32,split,2.79720401764,1.39646396637,2.0030620803708348,50.076434984238425
old,2,fp16,4096,128,32,fused,2.63512001038,1.32527999878,1.9883496414386295,49.70703445916732
old,2,fp16,4096,256,32,transform,4.23562393188,0.989995956421,4.278425486900456,76.6269156010367
old,2,fp16,4096,256,32,split,5.86692810059,2.62168807983,2.23784368008052,55.31412632163749
old,2,fp16,4096,256,32,fused,5.57017211914,2.53419208527,2.198007069596912,54.504240963001635
old,2,fp16,16384,16,32,transform,0.903499984741,0.641915988922,1.4075050323303062,28.952296650451686
old,2,fp16,16384,16,32,split,1.50942802429,1.24762401581,1.2098420719402614,17.344583793794772
old,2,fp16,16384,16,32,fused,1.29000396729,1.06428804398,1.2120816113520503,17.49730458458799
old,2,fp16,16384,64,32,transform,3.61006393433,1.30574798584,2.7647478483435006,63.83033626017106
old,2,fp16,16384,64,32,split,5.38643188477,3.08105602264,1.7482421108833461,42.79968467898744
old,2,fp16,16384,64,32,fused,5.02997589111,2.88394393921,1.7441309530059257,42.66485562471395
old,2,fp16,16384,128,32,transform,7.79447631836,2.1636800766,3.6024162733929757,72.24085380176959
old,2,fp16,16384,128,32,split,11.151587677,5.52036399841,2.020081951156107,50.49705783333726
old,2,fp16,16384,128,32,fused,10.5184120178,5.25280799866,2.0024360343045595,50.06082676956534
old,2,fp16,16384,256,32,transform,16.9216796875,3.87974014282,4.361549759670355,77.07236979739102
old,2,fp16,16384,256,32,split,23.4263595581,10.3849716187,2.255794278331647,55.66971644508356
old,2,fp16,16384,256,32,fused,22.2588439941,10.0548362732,2.2137450465929884,54.82767983878604
old,2,bf16,1,16,32,transform,0.00706399977207,0.00740000009537,0.9545945514905834,-4.756516621482577
old,2,bf16,1,16,32,split,0.0129399999976,0.0133320003748,0.9705970322397414,-3.029369221581957
old,2,bf16,1,16,32,fused,0.00766799971461,0.00803600028157,0.9542060037250144,-4.7991729350073
old,2,bf16,1,64,32,transform,0.0106839999557,0.0105039998889,1.0171363355582488,1.6847628935450123
old,2,bf16,1,64,32,split,0.0172680005431,0.016672000289,1.0357485750820934,3.4514722918407155
old,2,bf16,1,64,32,fused,0.0137160003185,0.0133719995618,1.0257254537819993,2.5080252895300346
old,2,bf16,1,128,32,transform,0.0188360005617,0.0168040007353,1.1209235739993393,10.78785180401697
old,2,bf16,1,128,32,split,0.0283520013094,0.0264600008726,1.071504171368309,6.673251796770743
old,2,bf16,1,128,32,fused,0.0244479998946,0.0233480006456,1.047113209636102,4.499342497309823
old,2,bf16,1,256,32,transform,0.0373360008001,0.0321200013161,1.1623910109052673,13.970429002096092
old,2,bf16,1,256,32,split,0.0544120013714,0.0489320009947,1.1119921577965626,10.071308238223336
old,2,bf16,1,256,32,fused,0.0486519992352,0.0449360013008,1.082695340636236,7.637914151144389
old,2,bf16,17,16,32,transform,0.00738800019026,0.0075159996748,0.982969732560106,-1.7325322312355778
old,2,bf16,17,16,32,split,0.0135680004954,0.0132400006056,1.024773404440878,2.417451929716562
old,2,bf16,17,16,32,fused,0.0084399998188,0.0085199996829,0.9906103442397347,-0.9478657087385459
old,2,bf16,17,64,32,transform,0.0118160001934,0.0113640002906,1.0397747176382846,3.825320712608575
old,2,bf16,17,64,32,split,0.019648000598,0.0192320004106,1.021630624922965,2.117264732994477
old,2,bf16,17,64,32,fused,0.0152559995651,0.0145879998803,1.04579103991508,4.378603197709398
old,2,bf16,17,128,32,transform,0.0201800003648,0.0181400001049,1.1124586685834117,10.10901993569027
old,2,bf16,17,128,32,split,0.0315319985151,0.0296559989452,1.063258687504224,5.94951052341838
old,2,bf16,17,128,32,fused,0.026331999898,0.0247079998255,1.06572770292899,6.167401180277794
old,2,bf16,17,256,32,transform,0.0387199997902,0.0335640013218,1.1536169188818126,13.316111819052695
old,2,bf16,17,256,32,split,0.0570240020752,0.0519800007343,1.0970373464725949,8.8454004582987
old,2,bf16,17,256,32,fused,0.05,0.0461439996958,1.083564500901966,7.7120006084000075
old,2,bf16,257,16,32,transform,0.018843999505,0.015447999537,1.2198342872723509,18.021651757626703
old,2,bf16,257,16,32,split,0.0344520002604,0.031099998951,1.1077813962206648,9.729482422107347
old,2,bf16,257,16,32,fused,0.0264079988003,0.0229919999838,1.148573365470898,12.935470204812313
old,2,bf16,257,64,32,transform,0.0662959992886,0.0299080014229,2.2166643083625903,54.88717004972749
old,2,bf16,257,64,32,split,0.100323998928,0.064076000452,1.5657031996426454,36.130934635105874
old,2,bf16,257,64,32,fused,0.0922280013561,0.0580519974232,1.588713661026276,37.055995392270944
old,2,bf16,257,128,32,transform,0.140144002438,0.0502680003643,2.7879366878004825,64.1311797224154
old,2,bf16,257,128,32,split,0.201760005951,0.111644005775,1.8071727590786546,44.66494722342833
old,2,bf16,257,128,32,fused,0.18871999979,0.104532003403,1.8053801098830164,44.61000237424809
old,2,bf16,257,256,32,transform,0.301363992691,0.0919920027256,3.2759803435297417,69.47478631930561
old,2,bf16,257,256,32,split,0.419608020782,0.210439991951,1.9939556967845913,49.84843436528817
old,2,bf16,257,256,32,fused,0.39662399292,0.201623988152,1.9671468487221555,49.16495427631176
old,2,bf16,4096,16,32,transform,0.229067993164,0.164251995087,1.3946131554911625,28.295527970420263
old,2,bf16,4096,16,32,split,0.391088008881,0.326304006577,1.198538788976569,16.56506996708059
old,2,bf16,4096,16,32,fused,0.329796004295,0.272932004929,1.208344929649392,17.242173533168582
old,2,bf16,4096,64,32,transform,0.907431983948,0.334231996536,2.7149764036737305,63.16726736015589
old,2,bf16,4096,64,32,split,1.35581998825,0.782772016525,1.7320751887234822,42.265785774751066
old,2,bf16,4096,64,32,fused,1.26595602036,0.729284000397,1.7358889262219548,42.39262749509943
old,2,bf16,4096,128,32,transform,1.95315608978,0.552428007126,3.5355848446954576,71.71613625676868
old,2,bf16,4096,128,32,split,2.79649200439,1.39593200684,2.0033153410677045,50.08274636048905
old,2,bf16,4096,128,32,fused,2.63836803436,1.3266119957,1.9888015809534716,49.718463139968954
old,2,bf16,4096,256,32,transform,4.23494415283,0.990404033661,4.275976277252881,76.61352787853973
old,2,bf16,4096,256,32,split,5.86326789856,2.61896400452,2.238773762617868,55.332690748051796
old,2,bf16,4096,256,32,fused,5.57309989929,2.53565597534,2.1978927557563153,54.501874698800265
old,2,bf16,16384,16,32,transform,0.902995967865,0.641800022125,1.406974036671392,28.925483062516783
old,2,bf16,16384,16,32,split,1.50783996582,1.24788398743,1.2083174245431065,17.24028970465904
old,2,bf16,16384,16,32,fused,1.29770402908,1.06865596771,1.2143328332885486,17.650254313565032
old,2,bf16,16384,64,32,transform,3.61062812805,1.30569601059,2.7652900053041285,63.83742760860919
old,2,bf16,16384,64,32,split,5.38563194275,3.08087997437,1.748082362037259,42.79445741706501
old,2,bf16,16384,64,32,fused,5.04287986755,2.88500804901,1.747960415320325,42.79046646392484
old,2,bf16,16384,128,32,transform,7.79438018799,2.16395206451,3.601919060880371,72.2370219014421
old,2,bf16,16384,128,32,split,11.1483520508,5.51935997009,2.0198631926915636,50.49169648626288
old,2,bf16,16384,128,32,fused,10.5308441162,5.25872802734,2.0025458744872138,50.063565946719336
old,2,bf16,16384,256,32,transform,16.9191192627,3.88009986877,4.360485511952402,77.06677393471601
old,2,bf16,16384,256,32,split,23.4131118774,10.3753997803,2.256598528555496,55.68551572883793
old,2,bf16,16384,256,32,fused,22.2698196411,10.0608322144,2.213516652153821,54.823018881427046
old,3,fp16,1,16,32,transform,0.00718799978495,0.0076559998095,0.9388714686265692,-6.510851955364326
old,3,fp16,1,16,32,split,0.012800000608,0.013424000144,0.953516125647622,-4.874996143437681
old,3,fp16,1,16,32,fused,0.00748799964786,0.00810000002384,0.9244443982495365,-8.173082328534887
old,3,fp16,1,64,32,transform,0.0107160001993,0.0102880001068,1.0416018748111313,3.994028411159963
old,3,fp16,1,64,32,split,0.0172680005431,0.0168280005455,1.026146897036895,2.548065692387409
old,3,fp16,1,64,32,fused,0.0135199993849,0.013560000062,0.9970500975724849,-0.2958630097622249
old,3,fp16,1,128,32,transform,0.0186639994383,0.0167280003428,1.1157340420747472,10.372905881722103
old,3,fp16,1,128,32,split,0.0288239985704,0.0266319990158,1.0823069854162863,7.60477263154951
old,3,fp16,1,128,32,fused,0.0248280003667,0.02345200032,1.0586730354735046,5.542129959630295
old,3,fp16,1,256,32,transform,0.0373959988356,0.0320959985256,1.1651296284106156,14.172640055156215
old,3,fp16,1,256,32,split,0.0542159974575,0.0488079994917,1.1108014674258397,9.974911869950079
old,3,fp16,1,256,32,fused,0.0483759999275,0.0449239999056,1.0768408874800504,7.135769859172811
old,3,fp16,17,16,32,transform,0.00757199972868,0.00771199986339,0.9818464552398917,-1.8489189081680715
old,3,fp16,17,16,32,split,0.0131559997797,0.0135800004005,0.9687775693449621,-3.222868865156423
old,3,fp16,17,16,32,fused,0.00814799964428,0.00855199992657,0.9527595549861008,-4.958275649577545
old,3,fp16,17,64,32,transform,0.0117559999228,0.0113080002367,1.0396179409906643,3.8108173617042365
old,3,fp16,17,64,32,split,0.0198159992695,0.019415999949,1.0206015307761989,2.0185674972024383
old,3,fp16,17,64,32,fused,0.0150999993086,0.0146760001779,1.0288906463314496,2.8079413914841553
old,3,fp16,17,128,32,transform,0.0204199999571,0.0182640001178,1.1180464205756753,10.558275435012241
old,3,fp16,17,128,32,split,0.0317600011826,0.029835999012,1.0644859308993195,6.0579411176284275
old,3,fp16,17,128,32,fused,0.0262120008469,0.0247559994459,1.0588140827916013,5.554712932844251
old,3,fp16,17,256,32,transform,0.0389519989491,0.0335079997778,1.1624686405455573,13.976174055698328
old,3,fp16,17,256,32,split,0.057267999649,0.0519119977951,1.1031746432691818,9.352521280169288
old,3,fp16,17,256,32,fused,0.0498560011387,0.046167999506,1.0798822056870951,7.39730734207891
old,3,fp16,257,16,32,transform,0.0193159997463,0.0157920002937,1.2231509236993778,18.243940251008897
old,3,fp16,257,16,32,split,0.0352079987526,0.0319319993258,1.1025929943620254,9.304702178103994
old,3,fp16,257,16,32,fused,0.0261559993029,0.0233040004969,1.1223823697729232,10.903803647386512
old,3,fp16,257,64,32,transform,0.0663720011711,0.0303279995918,2.18847276656669,54.306034085641585
old,3,fp16,257,64,32,split,0.100251996517,0.0642279982567,1.5608768642659996,35.93344722485533
old,3,fp16,257,64,32,fused,0.0919520020485,0.0578320026398,1.5899847463559669,37.10631486925477
old,3,fp16,257,128,32,transform,0.140235996246,0.0500320017338,2.8029259551144663,64.32299618278137
old,3,fp16,257,128,32,split,0.202148008347,0.112144005299,1.8025752496357696,44.523813904464674
old,3,fp16,257,128,32,fused,0.188520002365,0.104864001274,1.797757095615821,44.37513263395295
old,3,fp16,257,256,32,transform,0.301435995102,0.0921599984169,3.270789933593615,69.42634591939995
old,3,fp16,257,256,32,split,0.419551992416,0.21022799015,1.9956999641990822,49.89226747812657
old,3,fp16,257,256,32,fused,0.39582400322,0.200979995728,1.9694696568493104,49.224909532256234
old,3,fp16,4096,16,32,transform,0.228724002838,0.164087998867,1.3939106114846955,28.25938824478348
old,3,fp16,4096,16,32,split,0.39132399559,0.326184010506,1.1997031828229414,16.646049263037984
old,3,fp16,4096,16,32,fused,0.327304005623,0.271740007401,1.2044748535684169,16.976265877418104
old,3,fp16,4096,64,32,transform,0.907483959198,0.33412399292,2.7160095606042893,63.18127835391315
old,3,fp16,4096,64,32,split,1.35551996231,0.78234000206,1.7326481564802323,42.28487784666921
old,3,fp16,4096,64,32,fused,1.2620880127,0.728603982925,1.732200265545234,42.26995458373076
old,3,fp16,4096,128,32,transform,1.95205192566,0.551287984848,3.5408932886469775,71.75853891993131
old,3,fp16,4096,128,32,split,2.79562397003,1.39482002258,2.004290105370678,50.10702306415579
old,3,fp16,4096,128,32,fused,2.63498802185,1.32518396378,1.9883941353575318,49.70815985533016
old,3,fp16,4096,256,32,transform,4.23427581787,0.988936042786,4.281647785777258,76.64450580634418
old,3,fp16,4096,256,32,split,5.86551589966,2.62036800385,2.2384321175659436,55.32587331317451
old,3,fp16,4096,256,32,fused,5.57030410767,2.53425998688,2.1980002590530425,54.504099993562924
old,3,fp16,16384,16,32,transform,0.903188037872,0.64270401001,1.405293920381712,28.840509056754783
old,3,fp16,16384,16,32,split,1.50916004181,1.24766397476,1.209588536929826,17.327258859595602
old,3,fp16,16384,16,32,fused,1.28999595642,1.06413202286,1.2122517964951003,17.50888694153881
old,3,fp16,16384,64,32,transform,3.61355209351,1.30794000626,2.7627812256028483,63.8045897107978
old,3,fp16,16384,64,32,split,5.38895187378,3.08433208466,1.7472022226731296,42.76564057536218
old,3,fp16,16384,64,32,fused,5.02947998047,2.88388805389,1.7439927925377923,42.66031348989476
old,3,fp16,16384,128,32,transform,7.79524765015,2.16574802399,3.5993326849670457,72.21707223184467
old,3,fp16,16384,128,32,split,11.1527877808,5.52221984863,2.0196203857343495,50.48574439713865
old,3,fp16,16384,128,32,fused,10.519631958,5.2544921875,2.0020263771683453,50.05060815360514
old,3,fp16,16384,256,32,transform,16.9230804443,3.88078804016,4.3607329926739,77.06807544327947
old,3,fp16,16384,256,32,split,23.4282913208,10.3943321228,2.253948694732389,55.633417817492514
old,3,fp16,16384,256,32,fused,22.259487915,10.054119873,2.2139668311273177,54.83220498426278
old,3,bf16,1,16,32,transform,0.0070799998939,0.00765200033784,0.9252482463818783,-8.079102436609146
old,3,bf16,1,16,32,split,0.0130919992924,0.0134000003338,0.9770148482292869,-2.352589810929772
old,3,bf16,1,16,32,fused,0.0074960000813,0.00811600014567,0.9236076819563909,-8.27107867723604
old,3,bf16,1,64,32,transform,0.0107320003211,0.0103359997272,1.038312751969013,3.68990478989671
old,3,bf16,1,64,32,split,0.0172440007329,0.0167960003018,1.026673042572641,2.5980074928044714
old,3,bf16,1,64,32,fused,0.0135680004954,0.0134200006723,1.0110283022120472,1.0908005431616656
old,3,bf16,1,128,32,transform,0.0186360001564,0.0168479993939,1.1061254052007723,9.594337558995804
old,3,bf16,1,128,32,split,0.0283520013094,0.0264400005341,1.0723147025974553,6.743794748154464
old,3,bf16,1,128,32,fused,0.0244240000844,0.0233520001173,1.0459061305976023,4.389125300505961
old,3,bf16,1,256,32,transform,0.0373919993639,0.0322479993105,1.1595137733622163,13.7569537358472
old,3,bf16,1,256,32,split,0.0545279979706,0.049268001318,1.1067629396745644,9.646414407945151
old,3,bf16,1,256,32,fused,0.0485720008612,0.0452360004187,1.0737465826249515,6.8681552815437845
old,3,bf16,17,16,32,transform,0.00763600021601,0.00766799971461,0.9958268779615328,-0.4190609965267907
old,3,bf16,17,16,32,split,0.0133320003748,0.0136920005083,0.9737072655466401,-2.7002709524406288
old,3,bf16,17,16,32,fused,0.00845199972391,0.00854799970984,0.9887693040256552,-1.135825710670864
old,3,bf16,17,64,32,transform,0.0117919996381,0.0113159999251,1.0420643086029178,4.036632696816268
old,3,bf16,17,64,32,split,0.0197600007057,0.0194360002875,1.016670117997908,1.639678171198337
old,3,bf16,17,64,32,fused,0.0153200000525,0.0148000001907,1.0351351253445764,3.394254960953105
old,3,bf16,17,128,32,transform,0.0202360004187,0.0182999998331,1.1057923826916256,9.567110820036104
old,3,bf16,17,128,32,split,0.0317079991102,0.0298640012741,1.0617465094236798,5.815560388062501
old,3,bf16,17,128,32,fused,0.0264679998159,0.0247999995947,1.0672580745346651,6.30195040351326
old,3,bf16,17,256,32,transform,0.0388599991798,0.0336320012808,1.1554471247592566,13.4534174198274
old,3,bf16,17,256,32,split,0.0572200000286,0.0520479977131,1.099369861334709,9.038801665352846
old,3,bf16,17,256,32,fused,0.0500800013542,0.046156001091,1.085016036278003,7.835463572468355
old,3,bf16,257,16,32,transform,0.0193800002337,0.0158639997244,1.2216339240029195,18.142417269871896
old,3,bf16,257,16,32,split,0.0352319985628,0.0319959998131,1.1011376037192968,9.1848287968448
old,3,bf16,257,16,32,fused,0.0265679985285,0.0234400004148,1.1334470161410486,11.773555732263901
old,3,bf16,257,64,32,transform,0.0663079977036,0.0303119987249,2.187516511378408,54.28605933722186
old,3,bf16,257,64,32,split,0.100171995163,0.0644599974155,1.5540179829252168,35.65068030180431
old,3,bf16,257,64,32,fused,0.0921679973602,0.0580760002136,1.5870238484264017,36.9889746148717
old,3,bf16,257,128,32,transform,0.140424001217,0.0501160025597,2.8019792889451196,64.31094248464353
old,3,bf16,257,128,32,split,0.201884007454,0.111652004719,1.8081538971207123,44.694973055535215
old,3,bf16,257,128,32,fused,0.188815999031,0.104560005665,1.8058147360468584,44.623333720871166
old,3,bf16,257,256,32,transform,0.301379990578,0.0920599997044,3.273734429130088,69.45384478649588
old,3,bf16,257,256,32,split,0.419755983353,0.210380005836,1.9952275487634379,49.88040333445877
old,3,bf16,257,256,32,fused,0.396567988396,0.201631999016,1.9667909376057484,49.155755150197145
old,3,bf16,4096,16,32,transform,0.229168009758,0.164103996754,1.3964803678824116,28.391402915575863
old,3,bf16,4096,16,32,split,0.391359996796,0.326848006248,1.1973761176901618,16.48405332076581
old,3,bf16,4096,16,32,fused,0.32957201004,0.272979998589,1.207311934000722,17.17136459620203
old,3,bf16,4096,64,32,transform,0.907444000244,0.334191989899,2.7153373739396,63.172163812958146
old,3,bf16,4096,64,32,split,1.3554599762,0.782560014725,1.7320843778049702,42.26609206721923
old,3,bf16,4096,64,32,fused,1.26588802338,0.728936004639,1.7366243611562602,42.41702337204397
old,3,bf16,4096,128,32,transform,1.95167598724,0.551376008987,3.5396461859587642,71.74858877232285
old,3,bf16,4096,128,32,split,2.79517192841,1.39451198578,2.0044086798196727,50.10997457414895
old,3,bf16,4096,128,32,fused,2.63824005127,1.32658004761,1.9887530013911483,49.71723490546628
old,3,bf16,4096,256,32,transform,4.23363609314,0.988908004761,4.281122281099533,76.64163893624718
old,3,bf16,4096,256,32,split,5.86220817566,2.61764793396,2.239494509405473,55.34706623301909
old,3,bf16,4096,256,32,fused,5.57389183044,2.53636398315,2.197591460637912,54.49563679548872
old,3,bf16,16384,16,32,transform,0.902591991425,0.642180013657,1.4055124298949155,28.851571944136705
old,3,bf16,16384,16,32,split,1.50888004303,1.24853601456,1.2085194383133182,17.254123657650087
old,3,bf16,16384,16,32,fused,1.29738397598,1.06912002563,1.2135063836405937,17.594170621506038
old,3,bf16,16384,64,32,transform,3.61326789856,1.30800800323,2.7624203289562312,63.79986095823998
old,3,bf16,16384,64,32,split,5.38799209595,3.08299999237,1.7476458349933628,42.780168614437954
old,3,bf16,16384,64,32,fused,5.04287185669,2.88551197052,1.7476523778832982,42.78038283499098
old,3,bf16,16384,128,32,transform,7.79554367065,2.16527996063,3.6002474563990536,72.22413147677925
old,3,bf16,16384,128,32,split,11.1502120972,5.52027587891,2.0198650106961056,50.49174104682519
old,3,bf16,16384,128,32,fused,10.5315917969,5.26059608459,2.001976891506737,50.04937348465719
old,3,bf16,16384,256,32,transform,16.920539856,3.88154411316,4.3592290497569115,77.06016388251578
old,3,bf16,16384,256,32,split,23.4153076172,10.3772636414,2.256404812130323,55.68171125039051
old,3,bf16,16384,256,32,fused,22.2700759888,10.0615196228,2.2133909015428133,54.82045221641763
new,1,fp16,1,16,32,transform,0.00726400017738,0.00742399990559,0.9784483121976435,-2.20263937641738
new,1,fp16,1,16,32,split,0.0125520005822,0.0128999993205,0.9730233521991758,-2.7724563588173896
new,1,fp16,1,16,32,fused,0.00742800012231,0.00768399983644,0.9666840552343628,-3.446415050009282
new,1,fp16,1,64,32,transform,0.0111720003188,0.0107639998198,1.037904171853431,3.6519914729453173
new,1,fp16,1,64,32,split,0.0174919992685,0.0173040002584,1.0108644826220885,1.0747714267205286
new,1,fp16,1,64,32,fused,0.0137319996953,0.0124399997294,1.103858520418337,9.40868041485762
new,1,fp16,1,128,32,transform,0.018219999969,0.0150759994984,1.2085434183606645,17.25576551014976
new,1,fp16,1,128,32,split,0.028503999114,0.0250200003386,1.1392485502897858,12.222842000050449
new,1,fp16,1,128,32,fused,0.0244959995151,0.0203840002418,1.2017268065405444,16.786411474107236
new,1,fp16,1,256,32,transform,0.0367439985275,0.0273880004883,1.3416093863148875,25.46265625445682
new,1,fp16,1,256,32,split,0.0536880016327,0.0441960006952,1.21477058530617,17.67992968417484
new,1,fp16,1,256,32,fused,0.047947999835,0.0391160011292,1.225789918469118,18.41995231541027
new,1,fp16,17,16,32,transform,0.00737200006843,0.0074359998107,0.9913932566031123,-0.8681462517081887
new,1,fp16,17,16,32,split,0.0127639994025,0.0131040006876,0.974053627345904,-2.663751966592905
new,1,fp16,17,16,32,fused,0.00813999995589,0.00808800011873,1.0064292577147198,0.6388186417909423
new,1,fp16,17,64,32,transform,0.0116319999099,0.0105640001595,1.1010980437594529,9.181566013347577
new,1,fp16,17,64,32,split,0.0195879995823,0.0185399994254,1.0565264395566394,5.350215332080098
new,1,fp16,17,64,32,fused,0.0148080006242,0.013259999454,1.1167421745053716,10.453816213852507
new,1,fp16,17,128,32,transform,0.0214039996266,0.0172720000148,1.2392311028403995,19.30480136368963
new,1,fp16,17,128,32,split,0.03133200109,0.0287719994783,1.088975450372532,8.170565309079654
new,1,fp16,17,128,32,fused,0.0274760007858,0.0234760001302,1.1703868049674406,14.558161818321308
new,1,fp16,17,256,32,transform,0.0380600005388,0.0275559991598,1.3811874618694189,27.598531871516318
new,1,fp16,17,256,32,split,0.0565079987049,0.0459479987621,1.2298250245342648,18.68761977918767
new,1,fp16,17,256,32,fused,0.0494320005178,0.0403160005808,1.2261136969360344,18.441495066980774
new,1,fp16,257,16,32,transform,0.0189640000463,0.0126519992948,1.498893542785309,33.28412115634599
new,1,fp16,257,16,32,split,0.0352479994297,0.028832000494,1.222530480915994,18.202448477952117
new,1,fp16,257,16,32,fused,0.0261799991131,0.0204960003495,1.2773223393186888,21.711225959346315
new,1,fp16,257,64,32,transform,0.0650960028172,0.0174439996481,3.731713146663028,73.20265624129712
new,1,fp16,257,64,32,split,0.0990999996662,0.0515200018883,1.9235247677408422,48.01210690026682
new,1,fp16,257,64,32,fused,0.0910120010376,0.0451559990644,2.0155018806648854,50.384566266437105
new,1,fp16,257,128,32,transform,0.137855994701,0.0241840004921,5.700297382396776,82.45705560751753
new,1,fp16,257,128,32,split,0.199855995178,0.0863200008869,2.31529185732817,56.80890092387779
new,1,fp16,257,128,32,fused,0.187567996979,0.0790799975395,2.3718766162746894,57.839290916800834
new,1,fp16,257,256,32,transform,0.296031999588,0.0392320007086,7.545676851578645,86.74737840395605
new,1,fp16,257,256,32,split,0.414111995697,0.157167994976,2.634836664807209,62.04698327768373
new,1,fp16,257,256,32,fused,0.393971991539,0.149567997456,2.634066098631152,62.0358805528961
new,1,fp16,4096,16,32,transform,0.224927997589,0.111228001118,2.022224577697638,50.54950814916268
new,1,fp16,4096,16,32,split,0.386579990387,0.273052000999,1.4157742443660604,29.36726995992438
new,1,fp16,4096,16,32,fused,0.326275992393,0.224744009972,1.4517672459152502,31.118434941025185
new,1,fp16,4096,64,32,transform,0.892220020294,0.136948001385,6.515027684016465,84.65087105533975
new,1,fp16,4096,64,32,split,1.33945598602,0.584195995331,2.2928195275646774,56.385577321815994
new,1,fp16,4096,64,32,fused,1.25516796112,0.544199991226,2.3064461252421133,56.643253486138654
new,1,fp16,4096,128,32,transform,1.91879196167,0.1662520051,11.541466585716385,91.33558987002924
new,1,fp16,4096,128,32,split,2.76069602966,1.00777597427,2.7393945679839784,63.49558359765833
new,1,fp16,4096,128,32,fused,2.62121601105,0.957824039459,2.7366362745818327,63.45879029346698
new,1,fp16,4096,256,32,transform,4.16209983826,0.223907995224,18.588437782653493,94.62031176749458
new,1,fp16,4096,256,32,split,5.78869590759,1.85055999756,3.1280779413920707,68.0314871069045
new,1,fp16,4096,256,32,fused,5.5443321228,1.79747200012,3.084516544585873,67.58000855092642
new,1,fp16,16384,16,32,transform,0.887588024139,0.43015999794,2.063390432373034,51.53607459302142
new,1,fp16,16384,16,32,split,1.49301595688,1.03574399948,1.441491292857671,30.62739921116282
new,1,fp16,16384,16,32,fused,1.28700399399,0.870788002014,1.4779762594493215,32.339914555015284
new,1,fp16,16384,64,32,transform,3.55336418152,0.519267988205,6.843025686607856,85.38658123179269
new,1,fp16,16384,64,32,split,5.3245639801,2.29095191956,2.3241709852743813,56.97390569214319
new,1,fp16,16384,64,32,fused,5.00111999512,2.14636001587,2.3300471300910153,57.082413180160074
new,1,fp16,16384,128,32,transform,7.66271972656,0.624172019958,12.276615230326438,91.8544323395447
new,1,fp16,16384,128,32,split,11.0113723755,3.97262802124,2.7718105789484304,63.922498615349824
new,1,fp16,16384,128,32,fused,10.4642562866,3.78347206116,2.765781302846913,63.843851320758226
new,1,fp16,16384,256,32,transform,16.630355835,0.817216014862,20.350012154140543,95.08599802090765
new,1,fp16,16384,256,32,split,23.1184326172,7.30355987549,3.165364974248119,68.40806642723612
new,1,fp16,16384,256,32,fused,22.154284668,7.1064956665,3.1174696654548364,67.92270311139978
new,1,bf16,1,16,32,transform,0.00725200027227,0.00742800012231,0.9763058902609082,-2.426914553671269
new,1,bf16,1,16,32,split,0.0129280000925,0.0128360003233,1.0071673236898413,0.7116318730023201
new,1,bf16,1,16,32,fused,0.00743200033903,0.00772000029683,0.9626943074188404,-3.87513380869395
new,1,bf16,1,64,32,transform,0.0108640000224,0.0107239998877,1.0130548429845263,1.2886610310322217
new,1,bf16,1,64,32,split,0.0174079999328,0.0172600001097,1.0085747289779463,0.8501828106119229
new,1,bf16,1,64,32,fused,0.0138040006161,0.0124839998782,1.105735401376047,9.562450586683148
new,1,bf16,1,128,32,transform,0.0183239996433,0.0150999993086,1.2135099657166086,17.594413869566
new,1,bf16,1,128,32,split,0.028044000268,0.0248799994588,1.1271704532968105,11.282273495091664
new,1,bf16,1,128,32,fused,0.0241520002484,0.0203920006752,1.184386006703735,15.568066969728884
new,1,bf16,1,256,32,transform,0.0368039995432,0.0273999989033,1.3432117159233683,25.551572537277433
new,1,bf16,1,256,32,split,0.0538359999657,0.0445160001516,1.209362920800624,17.311835611928743
new,1,bf16,1,256,32,fused,0.0483159989119,0.0391240000725,1.2349452720163192,19.024751731120798
new,1,bf16,17,16,32,transform,0.00732399970293,0.00740000009537,0.9897296768296595,-1.0376897258692679
new,1,bf16,17,16,32,split,0.0132760003209,0.0130280002952,1.0190359241695268,1.8680326883510412
new,1,bf16,17,16,32,fused,0.00845199972391,0.00801599994302,1.0543911906174164,5.158539932941465
new,1,bf16,17,64,32,transform,0.0119439996779,0.0105559997261,1.1314891993003877,11.620897431605085
new,1,bf16,17,64,32,split,0.0195319995284,0.018452000618,1.0585301796135025,5.52938222648251
new,1,bf16,17,64,32,fused,0.0150120005012,0.0132719993591,1.131103166525318,11.590734639003717
new,1,bf16,17,128,32,transform,0.0217920005322,0.0160840004683,1.3548868377086853,26.193098038272456
new,1,bf16,17,128,32,split,0.0328079998493,0.0288560003042,1.1369559018380238,12.045841146223736
new,1,bf16,17,128,32,fused,0.0276840001345,0.0235080003738,1.1776416409008659,15.0845244199224
new,1,bf16,17,256,32,transform,0.0386079996824,0.0276120007038,1.3982326053282592,28.481141393120872
new,1,bf16,17,256,32,split,0.056547999382,0.0460399985313,1.228236342005011,18.582444941535524
new,1,bf16,17,256,32,fused,0.0497880011797,0.0403640002012,1.233475397173837,18.928257321449653
new,1,bf16,257,16,32,transform,0.0193839997053,0.0126120001078,1.5369489010162471,34.93602816991579
new,1,bf16,257,16,32,split,0.0352279990911,0.0288159996271,1.2225152535735682,18.2014296282298
new,1,bf16,257,16,32,fused,0.0264120012522,0.0204480007291,1.2916666818488765,22.580646071274995
new,1,bf16,257,64,32,transform,0.0651880025864,0.0175439998507,3.715686453554035,73.0870725369331
new,1,bf16,257,64,32,split,0.099143999815,0.0515959978104,1.9215443837199313,47.95852708517235
new,1,bf16,257,64,32,fused,0.0914879977703,0.0451840013266,2.0247874266159926,50.6120994799296
new,1,bf16,257,128,32,transform,0.137880003452,0.0242520004511,5.6853043413887185,82.41079210623691
new,1,bf16,257,128,32,split,0.199551999569,0.085923999548,2.3224244753355974,56.941549203424714
new,1,bf16,257,128,32,fused,0.187888002396,0.0788119971752,2.384002552026727,58.05373617784664
new,1,bf16,257,256,32,transform,0.29608399868,0.0392439991236,7.544694865257634,86.74565349746783
new,1,bf16,257,256,32,split,0.41459197998,0.157843995094,2.626593300132199,61.927870601449065
new,1,bf16,257,256,32,fused,0.394379997253,0.149580001831,2.6365823801672525,62.0721124618695
new,1,bf16,4096,16,32,transform,0.225135993958,0.111199998856,2.024604283040893,50.60763190236707
new,1,bf16,4096,16,32,split,0.387651991844,0.273000001907,1.4199706561762488,29.57600950058798
new,1,bf16,4096,16,32,fused,0.326083993912,0.224288010597,1.4538627947345197,31.217718506745108
new,1,bf16,4096,64,32,transform,0.892035961151,0.13700799942,6.510831228302597,84.6409780113329
new,1,bf16,4096,64,32,split,1.33975200653,0.584848022461,2.290769490665996,56.34654625554361
new,1,bf16,4096,64,32,fused,1.25778799057,0.543887996674,2.3125864116539847,56.75837257537156
new,1,bf16,4096,128,32,transform,1.91882801056,0.166147994995,11.548908613779808,91.34117314941058
new,1,bf16,4096,128,32,split,2.76159191132,1.00937595367,2.7359398658934766,63.44948905982516
new,1,bf16,4096,128,32,fused,2.62439994812,0.957940006256,2.7396287147220946,63.49870350583476
new,1,bf16,4096,256,32,transform,4.16179199219,0.224095988274,18.571470307185585,94.61539671625738
new,1,bf16,4096,256,32,split,5.79058799744,1.85294799805,3.1250677318164795,68.00069355876843
new,1,bf16,4096,256,32,fused,5.54844818115,1.7992559433,3.0837459238698632,67.57190687275957
new,1,bf16,16384,16,32,transform,0.889260005951,0.430155992508,2.0672965655231725,51.62764662423124
new,1,bf16,16384,16,32,split,1.49427995682,1.03524398804,1.44340848542292,30.71954265898617
new,1,bf16,16384,16,32,fused,1.28513202667,0.869983959198,1.4771904850460769,32.30392355466548
new,1,bf16,16384,64,32,transform,3.55123214722,0.518684005737,6.846619729818044,85.39425235426977
new,1,bf16,16384,64,32,split,5.32476806641,2.2931640625,2.322017928627817,56.93401038505572
new,1,bf16,16384,64,32,fused,5.01038818359,2.14399604797,2.336939094796367,57.20898322824554
new,1,bf16,16384,128,32,transform,7.66143188477,0.624535989761,12.26739853327253,91.84831244140534
new,1,bf16,16384,128,32,split,11.0151000977,3.97795600891,2.7690351710848224,63.88633808474773
new,1,bf16,16384,128,32,fused,10.4772880554,3.78406410217,2.768792433878623,63.8831720368737
new,1,bf16,16384,256,32,transform,16.6288116455,0.818023967743,20.328024973865194,95.08068294246168
new,1,bf16,16384,256,32,split,23.1253677368,7.31481170654,3.1614440213306048,68.36888481172238
new,1,bf16,16384,256,32,fused,22.1695800781,7.11498413086,3.115900144027493,67.90654533917643
new,2,fp16,1,16,32,transform,0.00728000029922,0.00728399977088,0.9994509236977205,-0.054937795269430906
new,2,fp16,1,16,32,split,0.0124959997833,0.0128159999847,0.9750311952417273,-2.5608211183522673
new,2,fp16,1,16,32,fused,0.00738399997354,0.00768399983644,0.9609578514724448,-4.062836727722464
new,2,fp16,1,64,32,transform,0.0105360001326,0.0104280002415,1.010356721192832,1.0250559011083542
new,2,fp16,1,64,32,split,0.0172120004892,0.0170440003276,1.0098568504089942,0.9760641228508978
new,2,fp16,1,64,32,fused,0.0131760001183,0.01232400015,1.0691333948336572,6.466302069295421
new,2,fp16,1,128,32,transform,0.0184080004692,0.0149759992957,1.2291667558027608,18.64407369633858
new,2,fp16,1,128,32,split,0.0283320009708,0.0250279992819,1.1320122176641352,11.661730819172377
new,2,fp16,1,128,32,fused,0.0244839996099,0.0205119997263,1.1936427426189558,16.22283918838955
new,2,fp16,1,256,32,transform,0.0367920011282,0.0277319997549,1.326698451369313,24.62492143803445
new,2,fp16,1,256,32,split,0.0538879990578,0.04451200068,1.210639787800255,17.399047175129574
new,2,fp16,1,256,32,fused,0.0480919986963,0.039291998744,1.2239641716786878,18.298262061994595
new,2,fp16,17,16,32,transform,0.00737200006843,0.00742800012231,0.9924609514057755,-0.7596317601761364
new,2,fp16,17,16,32,split,0.012839999795,0.0131119996309,0.9792556556164782,-2.118378818089385
new,2,fp16,17,16,32,fused,0.00824799984694,0.00803200006485,1.0268924029315274,2.618814089456316
new,2,fp16,17,64,32,transform,0.0117600001395,0.0107280001044,1.0961968703446165,8.775510398453761
new,2,fp16,17,64,32,split,0.0197799995542,0.0188319995999,1.0503398457116064,4.792719796086685
new,2,fp16,17,64,32,fused,0.0148479998112,0.0133039996028,1.1160553408371303,10.39870843233272
new,2,fp16,17,128,32,transform,0.0197040006518,0.0152639999986,1.2908805459648343,22.53349830657053
new,2,fp16,17,128,32,split,0.0311760008335,0.0266519993544,1.1697434184558888,14.51116678903459
new,2,fp16,17,128,32,fused,0.0257239997387,0.0217079997063,1.1850009253148504,15.611880240996129
new,2,fp16,17,256,32,transform,0.0381359994411,0.0275400012732,1.3847493710253125,27.784765898859497
new,2,fp16,17,256,32,split,0.0565439999104,0.0459679991007,1.230073116441976,18.704019571411298
new,2,fp16,17,256,32,fused,0.049472001195,0.0403880000114,1.2249183218043955,18.361903630690595
new,2,fp16,257,16,32,transform,0.0185800001025,0.0121760003269,1.525952661273495,34.46716760102882
new,2,fp16,257,16,32,split,0.0344639986753,0.028248000145,1.2200509239023156,18.036208127975996
new,2,fp16,257,16,32,fused,0.0258120000362,0.0201959997416,1.2780748844550678,21.757323286548306
new,2,fp16,257,64,32,transform,0.0651600003242,0.0177520006895,3.6705722055734826,72.75629128119107
new,2,fp16,257,64,32,split,0.0989199995995,0.0514800012112,1.9215228685344115,47.95794437967202
new,2,fp16,257,64,32,fused,0.0912519991398,0.0449279993773,2.031071946326311,50.76491495986916
new,2,fp16,257,128,32,transform,0.137707996368,0.0243039995432,5.666063156528047,82.35106153294693
new,2,fp16,257,128,32,split,0.199951994419,0.0865559995174,2.310088214957352,56.711609819694196
new,2,fp16,257,128,32,fused,0.187355995178,0.0790080010891,2.3713547057938134,57.8300117836969
new,2,fp16,257,256,32,transform,0.296199989319,0.0398039996624,7.441462964306046,86.56178220873191
new,2,fp16,257,256,32,split,0.414292001724,0.158039999008,2.6214376380945716,61.852992973471466
new,2,fp16,257,256,32,fused,0.394287991524,0.149487996101,2.637589651396514,62.08659677328754
new,2,fp16,4096,16,32,transform,0.224864006042,0.111212003231,2.0219400739948172,50.5425500556866
new,2,fp16,4096,16,32,split,0.38691599369,0.274004006386,1.412081519512297,29.182558784185588
new,2,fp16,4096,16,32,fused,0.326096010208,0.224659991264,1.4515090487331215,31.106182157610313
new,2,fp16,4096,64,32,transform,0.892288017273,0.136852002144,6.520094724913899,84.66279951150241
new,2,fp16,4096,64,32,split,1.33936796188,0.584187984467,2.292700290818219,56.383309061162976
new,2,fp16,4096,64,32,fused,1.25496397018,0.544320011139,2.305562802208877,56.62664235205669
new,2,fp16,4096,128,32,transform,1.9192440033,0.16606400013,11.557255045028162,91.34742639057541
new,2,fp16,4096,128,32,split,2.76057605743,1.00772399902,2.7394168047150096,63.49587991579714
new,2,fp16,4096,128,32,fused,2.62152004242,0.957847976685,2.736885295193476,63.46211506356505
new,2,fp16,4096,256,32,transform,4.161951828,0.224008011818,18.57947755628252,94.6177173337048
new,2,fp16,4096,256,32,split,5.78891181946,1.85061607361,3.128099826868768,68.0317107718074
new,2,fp16,4096,256,32,fused,5.54469985962,1.79768390656,3.0843575110099244,67.57833693304362
new,2,fp16,16384,16,32,transform,0.887611961365,0.430967998505,2.0595774267325373,51.44635074067245
new,2,fp16,16384,16,32,split,1.49323997498,1.03565998077,1.4418245396233185,30.643433197408793
new,2,fp16,16384,16,32,fused,1.28777198792,0.870471954346,1.4793951505163936,32.40480748832098
new,2,fp16,16384,64,32,transform,3.55287590027,0.519191980362,6.8430870172393705,85.38671220341402
new,2,fp16,16384,64,32,split,5.32476005554,2.29046001434,2.3247557356177375,56.98472812954353
new,2,fp16,16384,64,32,fused,5.00060806274,2.14568405151,2.330542588141474,57.091537177294626
new,2,fp16,16384,128,32,transform,7.66488037109,0.627704000473,12.210979004935776,91.81064843698617
new,2,fp16,16384,128,32,split,11.0153923035,3.97612380981,2.7703846334770885,63.90392915423777
new,2,fp16,16384,128,32,fused,10.4647956848,3.78391609192,2.76559929728517,63.841471865369556
new,2,fp16,16384,256,32,transform,16.6275726318,0.815279960632,20.39492374976371,95.09681912877174
new,2,fp16,16384,256,32,split,23.1159072876,7.30270004272,3.1653918622392347,68.4083347806237
new,2,fp16,16384,256,32,fused,22.1540527344,7.10585174561,3.117719525753797,67.92527385034029
new,2,bf16,1,16,32,transform,0.00715600028634,0.00725599974394,0.9862183763604021,-1.3974210955648954
new,2,bf16,1,16,32,split,0.0126200005412,0.0127399995923,0.9905809219042262,-0.9508640725350532
new,2,bf16,1,16,32,fused,0.00746399983764,0.00768000036478,0.9718749326978466,-2.8938978006234266
new,2,bf16,1,64,32,transform,0.0105360001326,0.010583999753,0.9954648883673307,-0.45557725698465495
new,2,bf16,1,64,32,split,0.0170440003276,0.0168200001121,1.0133174919148102,1.3142467213947784
new,2,bf16,1,64,32,fused,0.0134399995208,0.0122079998255,1.1009174076761212,9.166664726388813
new,2,bf16,1,128,32,transform,0.0183960005641,0.0150560006499,1.2218384544385752,18.156119872696927
new,2,bf16,1,128,32,split,0.0280039995909,0.0245759993792,1.139485689220895,12.24110934787309
new,2,bf16,1,128,32,fused,0.0243000000715,0.020340000093,1.1946902635395185,16.296296159868916
new,2,bf16,1,256,32,transform,0.0367439985275,0.0277599990368,1.323631116801927,24.450249974771204
new,2,bf16,1,256,32,split,0.0539399981499,0.0449479997158,1.2000533614611366,16.67037215891464
new,2,bf16,1,256,32,fused,0.048219999671,0.039359998703,1.225101658027359,18.374120755808494
new,2,bf16,17,16,32,transform,0.00746000036597,0.00755200013518,0.9878178273883456,-1.2332408136288031
new,2,bf16,17,16,32,split,0.0135440006852,0.0130439996719,1.0383318787087312,3.6916788836725942
new,2,bf16,17,16,32,fused,0.00853200033307,0.00805199965835,1.059612604953632,5.625886732089298
new,2,bf16,17,64,32,transform,0.0119560003281,0.0107639998198,1.1107395511199616,9.969893573007518
new,2,bf16,17,64,32,split,0.0199200004339,0.0187040001154,1.0650128481072239,6.104419136611066
new,2,bf16,17,64,32,fused,0.0153960004449,0.0135959997773,1.1323919312359285,11.691352400527242
new,2,bf16,17,128,32,transform,0.0200320005417,0.0153160005808,1.30791327905876,23.542331436557458
new,2,bf16,17,128,32,split,0.0310759991407,0.0266799986362,1.1647676435236174,14.14596674622311
new,2,bf16,17,128,32,fused,0.0259479999542,0.0217720001936,1.1918059766427689,16.093725019157258
new,2,bf16,17,256,32,transform,0.0385879993439,0.0276320010424,1.3964967388604443,28.392242375301908
new,2,bf16,17,256,32,split,0.0565999984741,0.0460040003061,1.230327756227647,18.720845324490064
new,2,bf16,17,256,32,fused,0.0498959988356,0.0404559999704,1.233339896977132,18.919350419867158
new,2,bf16,257,16,32,transform,0.019047999382,0.0122720003128,1.5521511486707238,35.573284801779195
new,2,bf16,257,16,32,split,0.0345880001783,0.028316000104,1.2215002137047597,18.13345681151858
new,2,bf16,257,16,32,fused,0.0264600008726,0.0202079996467,1.309382488875932,23.6281217676531
new,2,bf16,257,64,32,transform,0.0652000010014,0.0176799997687,3.6877829103158475,72.88343635405717
new,2,bf16,257,64,32,split,0.0990840017796,0.0516439974308,1.9185966754871542,47.87857120902764
new,2,bf16,257,64,32,fused,0.0915880024433,0.0450080007315,2.0349271452797457,50.85819154166682
new,2,bf16,257,128,32,transform,0.138276004791,0.0243560001254,5.677287078299729,82.3859532518217
new,2,bf16,257,128,32,split,0.199448001385,0.0859759986401,2.3198102323870606,56.89302572947916
new,2,bf16,257,128,32,fused,0.187632000446,0.0788399994373,2.3799086984420934,57.981581366772275
new,2,bf16,257,256,32,transform,0.296316003799,0.0399639993906,7.414573323927561,86.5130472609543
new,2,bf16,257,256,32,split,0.414508008957,0.158355998993,2.617570610478249,61.796637080315755
new,2,bf16,257,256,32,fused,0.394664001465,0.149728000164,2.635873056694251,62.061905922960555
new,2,bf16,4096,16,32,transform,0.225219988823,0.11114000082,2.026453006670043,50.65269232947848
new,2,bf16,4096,16,32,split,0.387904000282,0.273399996758,1.4188149410453477,29.518644675166396
new,2,bf16,4096,16,32,fused,0.32584400177,0.22469599247,1.450154932396067,31.041850931905834
new,2,bf16,4096,64,32,transform,0.892055988312,0.136839997768,6.518971082010695,84.66015591387524
new,2,bf16,4096,64,32,split,1.33984804153,0.584643983841,2.291733223230063,56.36490365180644
new,2,bf16,4096,64,32,fused,1.25754003525,0.543792009354,2.312538642750378,56.75747935564582
new,2,bf16,4096,128,32,transform,1.91867599487,0.166331994534,11.535219067416417,91.33089719271388
new,2,bf16,4096,128,32,split,2.76168804169,1.00927600861,2.736306043273004,63.454380314715806
new,2,bf16,4096,128,32,fused,2.62463207245,0.958123970032,2.7393449642663055,63.49492258022947
new,2,bf16,4096,256,32,transform,4.16171989441,0.223776006699,18.59770381910474,94.62299211920595
new,2,bf16,4096,256,32,split,5.79030799866,1.85301990509,3.124795358514386,67.99790433395204
new,2,bf16,4096,256,32,fused,5.54835205078,1.79928798676,3.08363757864631,67.57076749470049
new,2,bf16,16384,16,32,transform,0.888751983643,0.430955982208,2.0622801871538834,51.50998364678651
new,2,bf16,16384,16,32,split,1.49396800995,1.03599996567,1.4420541114437426,30.65447460922052
new,2,bf16,16384,16,32,fused,1.284815979,0.869703960419,1.4773026655886563,32.30906412792987
new,2,bf16,16384,64,32,transform,3.55124397278,0.519439983368,6.8366781273826245,85.37301330605654
new,2,bf16,16384,64,32,split,5.32441596985,2.29262008667,2.32241530151803,56.94137911740604
new,2,bf16,16384,64,32,fused,5.00993995667,2.14411201477,2.3366036485772965,57.20284008762562
new,2,bf16,16384,128,32,transform,7.66382827759,0.627924013138,12.205024998631016,91.80665340618175
new,2,bf16,16384,128,32,split,11.019216156,3.98242797852,2.766959306090226,63.85924441321033
new,2,bf16,16384,128,32,fused,10.4777198792,3.78386802673,2.7690500316563087,63.88653189477225
new,2,bf16,16384,256,32,transform,16.6274002075,0.815359973907,20.392710875695403,95.09628706994602
new,2,bf16,16384,256,32,split,23.1198959351,7.3115562439,3.1621032737577353,68.37547943803763
new,2,bf16,16384,256,32,fused,22.1686126709,7.1131439209,3.116570241994357,67.91344579610438
new,3,fp16,1,16,32,transform,0.00658399984241,0.00760800018907,0.8654047947933643,-15.552861044498078
new,3,fp16,1,16,32,split,0.0121399998665,0.0130280002952,0.931839084389093,-7.3146658852148105
new,3,fp16,1,16,32,fused,0.00719600021839,0.00744400024414,0.9666845758172525,-3.446359341627238
new,3,fp16,1,64,32,transform,0.0103239998221,0.0102159999311,1.0105716417118622,1.0461051226367661
new,3,fp16,1,64,32,split,0.0169679999352,0.0164199993014,1.0333739742457404,3.229612422753344
new,3,fp16,1,64,32,fused,0.0133440002799,0.0120039999485,1.1116294849340986,10.041968699734188
new,3,fp16,1,128,32,transform,0.0182080000639,0.0150279998779,1.2116050180886992,17.46485157535127
new,3,fp16,1,128,32,split,0.0285079985857,0.0251199990511,1.1348725980326675,11.88438228806236
new,3,fp16,1,128,32,fused,0.0242320001125,0.0207800000906,1.1661212707819737,14.245625643255492
new,3,fp16,1,256,32,transform,0.0367199987173,0.0268440008163,1.367903352729865,26.895420059878962
new,3,fp16,1,256,32,split,0.0536480009556,0.0437720000744,1.2256237061229462,18.408888878028375
new,3,fp16,1,256,32,fused,0.0479240000248,0.0389319986105,1.2309668585027342,18.763044423768388
new,3,fp16,17,16,32,transform,0.00765200033784,0.0079439997673,0.9632427696357745,-3.8159881935188897
new,3,fp16,17,16,32,split,0.0139960005879,0.0141920000315,0.9861894417161099,-1.4003960800733957
new,3,fp16,17,16,32,fused,0.00816799998283,0.00839200019836,0.973307887245549,-2.7424120470234143
new,3,fp16,17,64,32,transform,0.0116520002484,0.0105120003223,1.108447478229393,9.783727272547385
new,3,fp16,17,64,32,split,0.0196360006928,0.0185519993305,1.0584304334529526,5.52047934433754
new,3,fp16,17,64,32,fused,0.0147440001369,0.0132919996977,1.1092386753101753,9.84807668012739
new,3,fp16,17,128,32,transform,0.0199200004339,0.0157560005784,1.2642802553084729,20.903613277104522
new,3,fp16,17,128,32,split,0.0314399987459,0.0271759986877,1.1569031595563737,13.56234169301948
new,3,fp16,17,128,32,fused,0.0259440004826,0.0218439996243,1.1876946039560916,15.8032715927899
new,3,fp16,17,256,32,transform,0.0381000012159,0.0275160014629,1.3846489021041255,27.779526024222424
new,3,fp16,17,256,32,split,0.0565639972687,0.0460480004549,1.228370324659363,18.591325439475412
new,3,fp16,17,256,32,fused,0.0493680000305,0.0403200000525,1.2244047610669333,18.32766158728339
new,3,fp16,257,16,32,transform,0.0188280001283,0.012567999959,1.498090403383331,33.24835418866773
new,3,fp16,257,16,32,split,0.0351839989424,0.0288960009813,1.217607895472085,17.871754633105034
new,3,fp16,257,16,32,fused,0.0261319994926,0.0204999998212,1.2747316936840014,21.552119167133984
new,3,fp16,257,64,32,transform,0.0652719974518,0.0174239993095,3.746097339214888,73.30555216673623
new,3,fp16,257,64,32,split,0.0989759981632,0.0511839985847,1.9337293079870095,48.286453751844476
new,3,fp16,257,64,32,fused,0.0912240028381,0.0451279997826,2.021450170128596,50.53056391014653
new,3,fp16,257,128,32,transform,0.137872004509,0.0242840006948,5.677483139692173,82.38656152038844
new,3,fp16,257,128,32,split,0.199823999405,0.0863359987736,2.3144922424422405,56.79397918634608
new,3,fp16,257,128,32,fused,0.1875,0.0790080010891,2.373177367043496,57.86239941914667
new,3,fp16,257,256,32,transform,0.296108007431,0.039087998867,7.575419975796942,86.79941173961383
new,3,fp16,257,256,32,split,0.41414399147,0.157115995884,2.635912334322508,62.06247123704045
new,3,fp16,257,256,32,fused,0.393944001198,0.149616003036,2.633033854695415,62.02099725315995
new,3,fp16,4096,16,32,transform,0.225079989433,0.111147999763,2.0250475934154126,50.61844456142307
new,3,fp16,4096,16,32,split,0.386719989777,0.27317199707,1.4156648336026312,29.361811054162683
new,3,fp16,4096,16,32,fused,0.326367998123,0.224616003036,1.4530042103486804,31.17707485788855
new,3,fp16,4096,64,32,transform,0.892292022705,0.136751997471,6.524892061589242,84.67407597610996
new,3,fp16,4096,64,32,split,1.33939599991,0.584144020081,2.2929208446305305,56.38750450798335
new,3,fp16,4096,64,32,fused,1.25489196777,0.544131994247,2.306227130618535,56.63913641793825
new,3,fp16,4096,128,32,transform,1.92043590546,0.167460000515,11.468027586014365,91.28010468670713
new,3,fp16,4096,128,32,split,2.76198806763,1.00916004181,2.7369177862771683,63.462548819918055
new,3,fp16,4096,128,32,fused,2.62134799957,0.95789604187,2.7365683591850085,63.45788342382884
new,3,fp16,4096,256,32,transform,4.16081581116,0.222808003426,18.674445025229577,94.64508852258271
new,3,fp16,4096,256,32,split,5.78743209839,1.84934005737,3.129458033056654,68.04558522795514
new,3,fp16,4096,256,32,fused,5.54451217651,1.79745998383,3.0846373362347896,67.58127808889738
new,3,fp16,16384,16,32,transform,0.887491989136,0.430100011826,2.0634549284668267,51.53758939900796
new,3,fp16,16384,16,32,split,1.49392004013,1.03499603271,1.443406537722051,30.71944917346879
new,3,fp16,16384,16,32,fused,1.28698396683,0.870528030396,1.478394631640472,32.35906174183213
new,3,fp16,16384,64,32,transform,3.55051612854,0.516900014877,6.86886443480732,85.44155282884032
new,3,fp16,16384,64,32,split,5.32253189087,2.28857192993,2.325700067042594,57.0021941276538
new,3,fp16,16384,64,32,fused,5.00130386353,2.1453119278,2.331271177268285,57.10494730296581
new,3,fp16,16384,128,32,transform,7.66978378296,0.629695987701,12.180137610471581,91.78991213415952
new,3,fp16,16384,128,32,split,11.0184158325,3.97915611267,2.7690333127208424,63.88631384801206
new,3,fp16,16384,128,32,fused,10.4660957336,3.78490791321,2.7652180643738964,63.836486789824974
new,3,fp16,16384,256,32,transform,16.628187561,0.814111995697,20.424938643440353,95.10402446020979
new,3,fp16,16384,256,32,split,23.1136566162,7.30113220215,3.1657633331709305,68.41204174923689
new,3,fp16,16384,256,32,fused,22.153364563,7.10574417114,3.117669877980684,67.92476307184582
new,3,bf16,1,16,32,transform,0.00597600005567,0.00776399970055,0.7697063737968282,-29.91967249370344
new,3,bf16,1,16,32,split,0.0141920000315,0.0136680006981,1.0383376724199935,3.6922162643528247
new,3,bf16,1,16,32,fused,0.00709199979901,0.00795200020075,0.8918510588494593,-12.126345545864949
new,3,bf16,1,64,32,transform,0.0103959999979,0.0101559996605,1.023631384937264,2.3085834691081133
new,3,bf16,1,64,32,split,0.0170880004764,0.01660400033,1.029149610743232,2.832397781521858
new,3,bf16,1,64,32,fused,0.0134399995208,0.011819999665,1.137055829248198,12.05357078542195
new,3,bf16,1,128,32,transform,0.0186320006847,0.015039999783,1.2388298506333828,19.278664500316577
new,3,bf16,1,128,32,split,0.0280840009451,0.024660000205,1.1388483662463944,12.191997667260464
new,3,bf16,1,128,32,fused,0.0243919998407,0.0203160002828,1.200630020730549,16.710395148079947
new,3,bf16,1,256,32,transform,0.0365799993277,0.0268839985132,1.3606606662226708,26.50629030262928
new,3,bf16,1,256,32,split,0.0537360012531,0.0437880009413,1.2271855325191894,18.512729045364363
new,3,bf16,1,256,32,fused,0.048276001215,0.0391000002623,1.234680329696761,19.00737575971578
new,3,bf16,17,16,32,transform,0.00774400010705,0.00794000029564,0.9753148386282017,-2.530994135854472
new,3,bf16,17,16,32,split,0.0138160005212,0.0140959993005,0.980136294466894,-2.0266268727361054
new,3,bf16,17,16,32,fused,0.0082800000906,0.0082800000906,1.0,0.0
new,3,bf16,17,64,32,transform,0.0118359997869,0.0105319999158,1.1238131296548675,11.017234661859806
new,3,bf16,17,64,32,split,0.0196239992976,0.0185800001025,1.0561894073918505,5.320012395371821
new,3,bf16,17,64,32,fused,0.0150639995933,0.0132280007005,1.1387964012377623,12.187990854809865
new,3,bf16,17,128,32,transform,0.0203079998493,0.0158120006323,1.284340945940502,22.139054807777992
new,3,bf16,17,128,32,split,0.0313679993153,0.0273360013962,1.1474977214356046,12.853857456995554
new,3,bf16,17,128,32,fused,0.0262239992619,0.0218679994345,1.1991951682844735,16.610738064383224
new,3,bf16,17,256,32,transform,0.0386040002108,0.0275840014219,1.3995068960571762,28.546261342670398
new,3,bf16,17,256,32,split,0.05666000247,0.0461120009422,1.2287474260989368,18.616309685805067
new,3,bf16,17,256,32,fused,0.0498320013285,0.0404119998217,1.2330991177957433,18.903518332932173
new,3,bf16,257,16,32,transform,0.0192760005593,0.0126399993896,1.5250001178924106,34.42623457747494
new,3,bf16,257,16,32,split,0.0351680010557,0.0289039999247,1.2167174490492259,17.811649633082382
new,3,bf16,257,16,32,fused,0.0263960003853,0.0205400004983,1.2851022271145842,22.185178820732325
new,3,bf16,257,64,32,transform,0.0651960015297,0.0175160005689,3.722082633718154,73.13332082041781
new,3,bf16,257,64,32,split,0.0990320026875,0.0515439987183,1.9213100486970953,47.95217978076295
new,3,bf16,257,64,32,fused,0.0915560007095,0.0450480014086,2.032409826110982,50.79732506934879
new,3,bf16,257,128,32,transform,0.137911999226,0.0242880001664,5.678194922642802,82.38876943071602
new,3,bf16,257,128,32,split,0.199580001831,0.0860239982605,2.3200502867423913,56.89748598492185
new,3,bf16,257,128,32,fused,0.187580001354,0.078991997242,2.3746709527970236,57.888902509960694
new,3,bf16,257,256,32,transform,0.296203994751,0.0391920000315,7.557766751197447,86.76857816706817
new,3,bf16,257,256,32,split,0.414516019821,0.157532000542,2.6313131198412276,61.996161062719146
new,3,bf16,257,256,32,fused,0.394587993622,0.14964799881,2.636774275364598,62.07487272069485
new,3,bf16,4096,16,32,transform,0.225232005119,0.11116399765,2.0261236540641807,50.644670773468825
new,3,bf16,4096,16,32,split,0.387719988823,0.273327994347,1.418515471674574,29.50376502982457
new,3,bf16,4096,16,32,fused,0.326528000832,0.224620008469,1.453690626483368,31.20957225822483
new,3,bf16,4096,64,32,transform,0.892164039612,0.136836004257,6.519950976764658,84.66246136568006
new,3,bf16,4096,64,32,split,1.3397480011,0.584779977798,2.291029193825764,56.351494660349076
new,3,bf16,4096,64,32,fused,1.25721197128,0.543819999695,2.311816358326476,56.74396902685211
new,3,bf16,4096,128,32,transform,1.92004394531,0.167563998699,11.458570816032088,91.27290814836292
new,3,bf16,4096,128,32,split,2.7629360199,1.01054401398,2.7341075516525524,63.42499403889291
new,3,bf16,4096,128,32,fused,2.6245759964,0.957855987549,2.7400528164112323,63.504353127406354
new,3,bf16,4096,256,32,transform,4.16065597534,0.222891998291,18.666690627036296,94.6428640192299
new,3,bf16,4096,256,32,split,5.78886795044,1.85125598907,3.12699485355783,68.02041426891954
new,3,bf16,4096,256,32,fused,5.54855613708,1.79939594269,3.0835659931439037,67.5700146446215
new,3,bf16,16384,16,32,transform,0.88902797699,0.430352020264,2.0658157395069847,51.59297216707943
new,3,bf16,16384,16,32,split,1.49420003891,1.03543195724,1.4430692702327552,30.703257242896715
new,3,bf16,16384,16,32,fused,1.28484802246,0.869659996033,1.4774141944218455,32.314174063331734
new,3,bf16,16384,64,32,transform,3.54846000671,0.51658000946,6.869139226698561,85.44213522251435
new,3,bf16,16384,64,32,split,5.32271995544,2.29066390991,2.323658190279485,56.96441050653315
new,3,bf16,16384,64,32,fused,5.01051216125,2.14345607758,2.3375856466846563,57.22081877862841
new,3,bf16,16384,128,32,transform,7.66825637817,0.631080007553,12.151005080803477,91.77022811405264
new,3,bf16,16384,128,32,split,11.0224960327,3.98458404541,2.766285240086038,63.85043792631821
new,3,bf16,16384,128,32,fused,10.478868103,3.78523597717,2.768352664457775,63.877434662181464
new,3,bf16,16384,256,32,transform,16.6262756348,0.814663982391,20.408752558328,95.10014148516912
new,3,bf16,16384,256,32,split,23.1201156616,7.30992431641,3.16283926629689,68.38283846239148
new,3,bf16,16384,256,32,fused,22.1698516846,7.11242828369,3.1170580286115808,67.91846700250794
