variant,round,dtype,M,N,block_dim,vector_split_median_ms,vector_fused_median_ms,split_over_fused_ratio,latency_reduction_pct
old,1,fp16,1,16,32,0.0135040000081,0.00777600035071,1.7366254371203824,42.4170590488316
old,1,fp16,1,64,32,0.0168080002069,0.0135920003057,1.2366097578625954,19.13374501197217
old,1,fp16,1,128,32,0.026848000288,0.0238480001688,1.125796716620493,11.174017010648207
old,1,fp16,1,256,32,0.0489120006561,0.0450080007315,1.0867401320020795,7.981681125760937
old,1,fp16,17,16,32,0.0137239992619,0.0078039996326,1.7585853290625642,43.13611153954853
old,1,fp16,17,64,32,0.0192159995437,0.0146840006113,1.3086351636973117,23.584507910158774
old,1,fp16,17,128,32,0.0294800013304,0.0246840000153,1.1942959533352486,16.268660443221655
old,1,fp16,17,256,32,0.0519680023193,0.0461600005627,1.1258232600909717,11.176111255758267
old,1,fp16,257,16,32,0.0313479989767,0.0230480000377,1.3601179679548574,26.476965707345894
old,1,fp16,257,64,32,0.0637920022011,0.0583320021629,1.0936021366616597,8.559066732202126
old,1,fp16,257,128,32,0.112108004093,0.104843997955,1.0692839483393008,6.479471467509208
old,1,fp16,257,256,32,0.210396003723,0.201300001144,1.0451863016756426,4.3232772571932765
old,1,fp16,4096,16,32,0.326415991783,0.271652007103,1.2015960981257745,16.777359583658775
old,1,fp16,4096,64,32,0.782255983353,0.728448009491,1.07386659467928,6.878563412370687
old,1,fp16,4096,128,32,1.39495601654,1.3254360199,1.0524506619680103,4.983669435860418
old,1,fp16,4096,256,32,2.61998806,2.53436393738,1.0337852513433872,3.2681111768119906
old,1,fp16,16384,16,32,1.24756803513,1.06415195465,1.172358918929323,14.701890022445754
old,1,fp16,16384,64,32,3.08101196289,2.88326396942,1.0685847690559456,6.418280612078878
old,1,fp16,16384,128,32,5.52283210754,5.25418014526,1.051131090836762,4.8643876375170825
old,1,fp16,16384,256,32,10.3835601807,10.0536880493,1.032811056975551,3.1768692592848446
old,1,bf16,1,16,32,0.0129120007157,0.00759999975562,1.69894751722221,41.14002993835816
old,1,bf16,1,64,32,0.0170000001788,0.0134599998593,1.2630015123703056,20.823531072161924
old,1,bf16,1,128,32,0.0264800012112,0.0236000001431,1.1220339428235993,10.876136466647418
old,1,bf16,1,256,32,0.0503040015697,0.0450439989567,1.1167747698879122,10.456429804519374
old,1,bf16,17,16,32,0.0135159999132,0.00833199992776,1.62217955237473,38.3545429027208
old,1,bf16,17,64,32,0.0193639993668,0.0146999999881,1.3172788695561646,24.08593023761677
old,1,bf16,17,128,32,0.0296079993248,0.0246720001101,1.2000648181206575,16.671167681922864
old,1,bf16,17,256,32,0.0519879996777,0.0461800009012,1.1257687021038814,11.171806594804053
old,1,bf16,257,16,32,0.0314280003309,0.0232840001583,1.3497680861205854,25.913198698145678
old,1,bf16,257,64,32,0.0639039993286,0.0580359995365,1.1011096533007843,9.182523556821886
old,1,bf16,257,128,32,0.111756002903,0.10478399992,1.066536904377796,6.238593723731728
old,1,bf16,257,256,32,0.210563993454,0.201839995384,1.0432223457665197,4.143157586867228
old,1,bf16,4096,16,32,0.326331996918,0.272831988335,1.196091407424372,16.394349646456334
old,1,bf16,4096,64,32,0.782376003265,0.729120016098,1.0730414554410503,6.806955599961255
old,1,bf16,4096,128,32,1.3946559906,1.32652797699,1.0513581430559709,4.88493320712661
old,1,bf16,4096,256,32,2.61995601654,2.5354839325,1.0333159610902012,3.2241794712094736
old,1,bf16,16384,16,32,1.2471280098,1.06865997314,1.1670017041394511,14.3103222169327
old,1,bf16,16384,64,32,3.08136005402,2.88537998199,1.067921754934626,6.3601808485289135
old,1,bf16,16384,128,32,5.51993598938,5.2602519989,1.0493672148281687,4.704474671076174
old,1,bf16,16384,256,32,10.373475647,10.0610717773,1.0310507544936565,3.0115641114976333
old,2,fp16,1,16,32,0.0132479995489,0.00802000015974,1.651870235041178,39.462557119381
old,2,fp16,1,64,32,0.0166679993272,0.0134079992771,1.2431384416665259,19.558436415221742
old,2,fp16,1,128,32,0.0264160007238,0.0236120000482,1.1187532047211628,10.614781188560775
old,2,fp16,1,256,32,0.0488880008459,0.0448119997978,1.0909578029655376,8.337426316424706
old,2,fp16,17,16,32,0.0137400001287,0.00849199965596,1.6179934862640697,38.19505402898811
old,2,fp16,17,64,32,0.0193000003695,0.0146919995546,1.31364014120578,23.875651433572376
old,2,fp16,17,128,32,0.029563999176,0.0246560007334,1.1990589834770498,16.60126701188756
old,2,fp16,17,256,32,0.0518159985542,0.0460440009832,1.1253582974491296,11.139412019556927
old,2,fp16,257,16,32,0.0311239987612,0.0228080004454,1.364608828192004,26.718926380908815
old,2,fp16,257,64,32,0.0641600012779,0.0581200003624,1.103922933204376,9.413966326681624
old,2,fp16,257,128,32,0.112251996994,0.105055999756,1.0684967755741055,6.41057391467578
old,2,fp16,257,256,32,0.210247993469,0.201155996323,1.0451987378561702,4.3244156560003395
old,2,fp16,4096,16,32,0.326552009583,0.271691989899,1.2019199009304393,16.799780149586304
old,2,fp16,4096,64,32,0.782539987564,0.728367996216,1.074374480522803,6.922584431325247
old,2,fp16,4096,128,32,1.39646396637,1.32527999878,1.0537123986293684,5.0974439229561606
old,2,fp16,4096,256,32,2.62168807983,2.53419208527,1.0345261888664916,3.3373914781530303
old,2,fp16,16384,16,32,1.24762401581,1.06428804398,1.1722616098780918,14.694809454350885
old,2,fp16,16384,64,32,3.08105602264,2.88394393921,1.0683480981547773,6.397549475945739
old,2,fp16,16384,128,32,5.52036399841,5.25280799866,1.0509358042057226,4.846709380523867
old,2,fp16,16384,256,32,10.3849716187,10.0548362732,1.0328334879385295,3.1789720532845047
old,2,bf16,1,16,32,0.0133320003748,0.00803600028157,1.6590343339554134,39.72397197978213
old,2,bf16,1,64,32,0.016672000289,0.0133719995618,1.2467843879255849,19.793670045563186
old,2,bf16,1,128,32,0.0264600008726,0.0233480006456,1.1332876538011603,11.761149374044631
old,2,bf16,1,256,32,0.0489320009947,0.0449360013008,1.0889264638201988,8.166434261155233
old,2,bf16,17,16,32,0.0132400006056,0.0085199996829,1.5539907392453596,35.64955216621081
old,2,bf16,17,64,32,0.0192320004106,0.0145879998803,1.3183438832194792,24.14725681755077
old,2,bf16,17,128,32,0.0296559989452,0.0247079998255,1.2002589912030595,16.68464828597812
old,2,bf16,17,256,32,0.0519800007343,0.0461439996958,1.1264736710509122,11.227396991260536
old,2,bf16,257,16,32,0.031099998951,0.0229919999838,1.3526443533799948,26.07073710830236
old,2,bf16,257,64,32,0.064076000452,0.0580519974232,1.1037690914385758,9.40134057417121
old,2,bf16,257,128,32,0.111644005775,0.104532003403,1.0680366025759713,6.370250084301933
old,2,bf16,257,256,32,0.210439991951,0.201623988152,1.0437249747899728,4.189319585724353
old,2,bf16,4096,16,32,0.326304006577,0.272932004929,1.1955505425678608,16.356526604709483
old,2,bf16,4096,64,32,0.782772016525,0.729284000397,1.0733431915397604,6.833153842858616
old,2,bf16,4096,128,32,1.39593200684,1.3266119957,1.0522534180036738,4.965858709474054
old,2,bf16,4096,256,32,2.61896400452,2.53565597534,1.0328546261757094,3.1809535769189954
old,2,bf16,16384,16,32,1.24788398743,1.06865596771,1.1677134879095505,14.36255465454907
old,2,bf16,16384,64,32,3.08087997437,2.88500804901,1.067893025611216,6.357661674244657
old,2,bf16,16384,128,32,5.51935997009,5.25872802734,1.0495617840274265,4.722140685919965
old,2,bf16,16384,256,32,10.3753997803,10.0608322144,1.0312665552109856,3.0318597120207094
old,3,fp16,1,16,32,0.013424000144,0.00810000002384,1.657283963517327,39.660310362404296
old,3,fp16,1,64,32,0.0168280005455,0.013560000062,1.2410029844069184,19.420016505608565
old,3,fp16,1,128,32,0.0266319990158,0.02345200032,1.1355960537442122,11.940518223635406
old,3,fp16,1,256,32,0.0488079994917,0.0449239999056,1.0864571185616052,7.957711085373395
old,3,fp16,17,16,32,0.0135800004005,0.00855199992657,1.587932707799567,37.025039216824126
old,3,fp16,17,64,32,0.019415999949,0.0146760001779,1.322976268304887,24.412854262209287
old,3,fp16,17,128,32,0.029835999012,0.0247559994459,1.2052027661901297,17.026410156592476
old,3,fp16,17,256,32,0.0519119977951,0.046167999506,1.1244151436181138,11.06487620024167
old,3,fp16,257,16,32,0.0319319993258,0.0233040004969,1.370236811059446,27.01991422732138
old,3,fp16,257,64,32,0.0642279982567,0.0578320026398,1.110596128872395,9.958267096130154
old,3,fp16,257,128,32,0.112144005299,0.104864001274,1.0694232905149024,6.491656870636947
old,3,fp16,257,256,32,0.21022799015,0.200979995728,1.0460145020329086,4.3990309831728185
old,3,fp16,4096,16,32,0.326184010506,0.271740007401,1.2003532848391305,16.691193115365323
old,3,fp16,4096,64,32,0.78234000206,0.728603982925,1.0737520249604942,6.868627322328695
old,3,fp16,4096,128,32,1.39482002258,1.32518396378,1.0525482202496381,4.992476281720857
old,3,fp16,4096,256,32,2.62036800385,2.53425998688,1.033977578234193,3.286103968735877
old,3,fp16,16384,16,32,1.24766397476,1.06413202286,1.1724710355081063,14.710046584081596
old,3,fp16,16384,64,32,3.08433208466,2.88388805389,1.0695047890293892,6.498782403065921
old,3,fp16,16384,128,32,5.52221984863,5.2544921875,1.0509521475294799,4.848189106350405
old,3,fp16,16384,256,32,10.3943321228,10.054119873,1.0338380936469267,3.2730554092431183
old,3,bf16,1,16,32,0.0134000003338,0.00811600014567,1.6510596467829153,39.43283624256114
old,3,bf16,1,64,32,0.0167960003018,0.0134200006723,1.2515647884033527,20.100021248143225
old,3,bf16,1,128,32,0.0264400005341,0.0233520001173,1.1322370846732008,11.679275168006766
old,3,bf16,1,256,32,0.049268001318,0.0452360004187,1.0891325683522017,8.183812599328881
old,3,bf16,17,16,32,0.0136920005083,0.00854799970984,1.6017783075657457,37.569388018513
old,3,bf16,17,64,32,0.0194360002875,0.0148000001907,1.3132432457476024,23.852644722286723
old,3,bf16,17,128,32,0.0298640012741,0.0247999995947,1.2041936194419223,16.956876049264807
old,3,bf16,17,256,32,0.0520479977131,0.046156001091,1.127653966609531,11.3203137123122
old,3,bf16,257,16,32,0.0319959998131,0.0234400004148,1.3650170327171902,26.740840880980855
old,3,bf16,257,64,32,0.0644599974155,0.0580760002136,1.10992487737482,9.903812376456763
old,3,bf16,257,128,32,0.111652004719,0.104560005665,1.0678270722050462,6.351877937031921
old,3,bf16,257,256,32,0.210380005836,0.201631999016,1.0433860045166037,4.158193068413271
old,3,bf16,4096,16,32,0.326848006248,0.272979998589,1.197333167035816,16.481057442377956
old,3,bf16,4096,64,32,0.782560014725,0.728936004639,1.073564770768261,6.852383085895858
old,3,bf16,4096,128,32,1.39451198578,1.32658004761,1.0512083219496537,4.871377145747738
old,3,bf16,4096,256,32,2.61764793396,2.53636398315,1.032047431421515,3.1052285433600315
old,3,bf16,16384,16,32,1.24853601456,1.06912002563,1.1678165076220284,14.370109218934182
old,3,bf16,16384,64,32,3.08299999237,2.88551197052,1.0684412415778024,6.405709449846109
old,3,bf16,16384,128,32,5.52027587891,5.26059608459,1.049363188152895,4.704108997742231
old,3,bf16,16384,256,32,10.3772636414,10.0615196228,1.0313813450092078,3.0426519891076325
new,1,fp16,1,16,32,0.0128999993205,0.00768399983644,1.6788130654719762,40.43410665743996
new,1,fp16,1,64,32,0.0173040002584,0.0124399997294,1.390996835595156,28.109110358102505
new,1,fp16,1,128,32,0.0250200003386,0.0203840002418,1.227433283055663,18.529176794804986
new,1,fp16,1,256,32,0.0441960006952,0.0391160011292,1.1298701150258377,11.494251710770117
new,1,fp16,17,16,32,0.0131040006876,0.00808800011873,1.6201781027740176,38.27839061101791
new,1,fp16,17,64,32,0.0185399994254,0.013259999454,1.3981900594880674,28.47896512966631
new,1,fp16,17,128,32,0.0287719994783,0.0234760001302,1.2255920650335625,18.406782441707854
new,1,fp16,17,256,32,0.0459479987621,0.0403160005808,1.139696351328613,12.257330750051128
new,1,fp16,257,16,32,0.028832000494,0.0204960003495,1.4067135051889945,28.912319650642143
new,1,fp16,257,64,32,0.0515200018883,0.0451559990644,1.140933717684418,12.352489500481246
new,1,fp16,257,128,32,0.0863200008869,0.0790799975395,1.0915529030433222,8.387399528512697
new,1,fp16,257,256,32,0.157167994976,0.149567997456,1.050812992413272,4.8355885186170084
new,1,fp16,4096,16,32,0.273052000999,0.224744009972,1.2149467344336276,17.69186486466251
new,1,fp16,4096,64,32,0.584195995331,0.544199991226,1.073495047316879,6.846333152684241
new,1,fp16,4096,128,32,1.00777597427,0.957824039459,1.052151473290662,4.956650692847056
new,1,fp16,4096,256,32,1.85055999756,1.79747200012,1.0295348119116492,2.868753107707808
new,1,fp16,16384,16,32,1.03574399948,0.870788002014,1.1894330159401392,15.926329049342009
new,1,fp16,16384,64,32,2.29095191956,2.14636001587,1.067366100104782,6.31143335901044
new,1,fp16,16384,128,32,3.97262802124,3.78347206116,1.049995336828787,4.761481796651013
new,1,fp16,16384,256,32,7.30355987549,7.1064956665,1.0277301525587303,2.6981939266538757
new,1,bf16,1,16,32,0.0128360003233,0.00772000029683,1.6626942784666394,39.85665236532754
new,1,bf16,1,64,32,0.0172600001097,0.0124839998782,1.3825697114784516,27.670916576738154
new,1,bf16,1,128,32,0.0248799994588,0.0203920006752,1.220086241418094,18.038580712318325
new,1,bf16,1,256,32,0.0445160001516,0.0391240000725,1.1378182207624012,12.112499013247948
new,1,bf16,17,16,32,0.0130280002952,0.00801599994302,1.6252495493770858,38.470987401087235
new,1,bf16,17,64,32,0.018452000618,0.0132719993591,1.3902954723508416,28.072843515119384
new,1,bf16,17,128,32,0.0288560003042,0.0235080003738,1.227497015712167,18.533406827077137
new,1,bf16,17,256,32,0.0460399985313,0.0403640002012,1.1406203126996135,12.328406844412067
new,1,bf16,257,16,32,0.0288159996271,0.0204480007291,1.4092331083542713,29.039419094558554
new,1,bf16,257,64,32,0.0515959978104,0.0451840013266,1.1419085582406185,12.42731365979623
new,1,bf16,257,128,32,0.085923999548,0.0788119971752,1.0902400983062253,8.27708487758067
new,1,bf16,257,256,32,0.157843995094,0.149580001831,1.0552479820954734,5.235544917675562
new,1,bf16,4096,16,32,0.273000001907,0.224288010597,1.217184998789461,17.84322013543217
new,1,bf16,4096,64,32,0.584848022461,0.543887996674,1.0753096704422234,7.003533262306851
new,1,bf16,4096,128,32,1.00937595367,0.957940006256,1.0536943306241395,5.095816601037856
new,1,bf16,4096,256,32,1.85294799805,1.7992559433,1.0298412546308027,2.8976557791424504
new,1,bf16,16384,16,32,1.03524398804,0.869983959198,1.1899575585213615,15.963389379819768
new,1,bf16,16384,64,32,2.2931640625,2.14399604797,1.0695747618897136,6.504899364565192
new,1,bf16,16384,128,32,3.97795600891,3.78406410217,1.051239065064678,4.874159148711364
new,1,bf16,16384,256,32,7.31481170654,7.11498413086,1.0280854562715442,2.731821182783674
new,2,fp16,1,16,32,0.0128159999847,0.00768399983644,1.6678813453277814,40.04369658541421
new,2,fp16,1,64,32,0.0170440003276,0.01232400015,1.3829925446406295,27.69303031493565
new,2,fp16,1,128,32,0.0250279992819,0.0205119997263,1.220163787824631,18.043789696230036
new,2,fp16,1,256,32,0.04451200068,0.039291998744,1.132851524556182,11.727178864699809
new,2,fp16,17,16,32,0.0131119996309,0.00803200006485,1.6324700603877387,38.74313383961949
new,2,fp16,17,64,32,0.0188319995999,0.0133039996028,1.4155141432758733,29.35429117749851
new,2,fp16,17,128,32,0.0266519993544,0.0217079997063,1.2277501250686482,18.55020174043263
new,2,fp16,17,256,32,0.0459679991007,0.0403880000114,1.1381598268724615,12.138877476646636
new,2,fp16,257,16,32,0.028248000145,0.0201959997416,1.3986928355328891,28.504674178944434
new,2,fp16,257,64,32,0.0514800012112,0.0449279993773,1.1458333761732202,12.727275990184989
new,2,fp16,257,128,32,0.0865559995174,0.0790080010891,1.095534608194781,8.720364238625265
new,2,fp16,257,256,32,0.158039999008,0.149487996101,1.0572086263115197,5.411290154821566
new,2,fp16,4096,16,32,0.274004006386,0.224659991264,1.2196386407939248,18.008501325519735
new,2,fp16,4096,64,32,0.584187984467,0.544320011139,1.0732436296886745,6.82451101153248
new,2,fp16,4096,128,32,1.00772399902,0.957847976685,1.0520709168354827,4.94937327914229
new,2,fp16,4096,256,32,1.85061607361,1.79768390656,1.02944464644582,2.8602457205910325
new,2,fp16,16384,16,32,1.03565998077,0.870471954346,1.189768349915545,15.950025055635036
new,2,fp16,16384,64,32,2.29046001434,2.14568405151,1.0674731038468201,6.320824721828522
new,2,fp16,16384,128,32,3.97612380981,3.78391609192,1.0507959778231952,4.834047607264633
new,2,fp16,16384,256,32,7.30270004272,7.10585174561,1.0277022803398077,2.695555013330121
new,2,bf16,1,16,32,0.0127399995923,0.00768000036478,1.6588540347894827,39.71742063930867
new,2,bf16,1,64,32,0.0168200001121,0.0122079998255,1.3777850878541529,27.419739927838716
new,2,bf16,1,128,32,0.0245759993792,0.020340000093,1.2082595509750178,17.236325655937126
new,2,bf16,1,256,32,0.0449479997158,0.039359998703,1.1419715751254353,12.4321461425028
new,2,bf16,17,16,32,0.0130439996719,0.00805199965835,1.6199702217291139,38.27047024774159
new,2,bf16,17,64,32,0.0187040001154,0.0135959997773,1.3756987659435214,27.309668020662127
new,2,bf16,17,128,32,0.0266799986362,0.0217720001936,1.22542708060616,18.39579720195608
new,2,bf16,17,256,32,0.0460040003061,0.0404559999704,1.1371366506762717,12.059821534616306
new,2,bf16,257,16,32,0.028316000104,0.0202079996467,1.4012272663823038,28.63398936121151
new,2,bf16,257,64,32,0.0516439974308,0.0450080007315,1.147440379298066,12.849502419311856
new,2,bf16,257,128,32,0.0859759986401,0.0788399994373,1.090512420772848,8.299989899124832
new,2,bf16,257,256,32,0.158355998993,0.149728000164,1.057624484528943,5.448482459689701
new,2,bf16,4096,16,32,0.273399996758,0.22469599247,1.21675510876992,17.81419344021073
new,2,bf16,4096,64,32,0.584643983841,0.543792009354,1.0751242640279512,6.987495914797642
new,2,bf16,4096,128,32,1.00927600861,0.958123970032,1.0533877036562311,5.068191271924511
new,2,bf16,4096,256,32,1.85301990509,1.79928798676,1.0298628783859973,2.8996946110727446
new,2,bf16,16384,16,32,1.03599996567,0.869703960419,1.1912098976425072,16.051738490498252
new,2,bf16,16384,64,32,2.29262008667,2.14411201477,1.0692632058758975,6.477657277953357
new,2,bf16,16384,128,32,3.98242797852,3.78386802673,1.0524753903643924,4.985901888520566
new,2,bf16,16384,256,32,7.3115562439,7.1131439209,1.0278937591037658,2.713681142308587
new,3,fp16,1,16,32,0.0130280002952,0.00744400024414,1.7501343186354388,42.86152843516094
new,3,fp16,1,64,32,0.0164199993014,0.0120039999485,1.3678773218798468,26.894028871995644
new,3,fp16,1,128,32,0.0251199990511,0.0207800000906,1.2088546170152923,17.27706657819301
new,3,fp16,1,256,32,0.0437720000744,0.0389319986105,1.1243193680427863,11.057300227710334
new,3,fp16,17,16,32,0.0141920000315,0.00839200019836,1.6911343775079342,40.868093434798126
new,3,fp16,17,64,32,0.0185519993305,0.0132919996977,1.3957267343084705,28.35273729313052
new,3,fp16,17,128,32,0.0271759986877,0.0218439996243,1.2440944495104507,19.62025066557459
new,3,fp16,17,256,32,0.0460480004549,0.0403200000525,1.1420635018586722,12.439194635628265
new,3,fp16,257,16,32,0.0288960009813,0.0204999998212,1.4095610357721715,29.055927723471015
new,3,fp16,257,64,32,0.0511839985847,0.0451279997826,1.1341960386295473,11.83182043129836
new,3,fp16,257,128,32,0.0863359987736,0.0790080010891,1.0927500706698803,8.487766156173514
new,3,fp16,257,256,32,0.157115995884,0.149616003036,1.0501282797014393,4.773538687644058
new,3,fp16,4096,16,32,0.27317199707,0.224616003036,1.2161733508641313,17.77487976615612
new,3,fp16,4096,64,32,0.584144020081,0.544131994247,1.0735336761246155,6.84968508766926
new,3,fp16,4096,128,32,1.00916004181,0.95789604187,1.0535172896632108,5.079868188999473
new,3,fp16,4096,256,32,1.84934005737,1.79745998383,1.028862992226094,2.805329032551221
new,3,fp16,16384,16,32,1.03499603271,0.870528030396,1.188929013852873,15.890689153982782
new,3,fp16,16384,64,32,2.28857192993,2.1453119278,1.066778168840422,6.259798971421526
new,3,fp16,16384,128,32,3.97915611267,3.78490791321,1.0513217768871046,4.881643091144272
new,3,fp16,16384,256,32,7.30113220215,7.10574417114,1.0274971947067233,2.6761333119329542
new,3,bf16,1,16,32,0.0136680006981,0.00795200020075,1.718812921661004,41.82031171643549
new,3,bf16,1,64,32,0.01660400033,0.011819999665,1.4047378003880848,28.812337809680105
new,3,bf16,1,128,32,0.024660000205,0.0203160002828,1.2138216116229203,17.615571314225793
new,3,bf16,1,256,32,0.0437880009413,0.0391000002623,1.1198977147711209,10.706130853711498
new,3,bf16,17,16,32,0.0140959993005,0.0082800000906,1.7024153558286435,41.25992833791996
new,3,bf16,17,64,32,0.0185800001025,0.0132280007005,1.4045962442228856,28.80516346864751
new,3,bf16,17,128,32,0.0273360013962,0.0218679994345,1.2500458250914994,20.00293269834303
new,3,bf16,17,256,32,0.0461120009422,0.0404119998217,1.1410472420481226,12.361209672173587
new,3,bf16,257,16,32,0.0289039999247,0.0205400004983,1.4072054149702795,28.93716941665405
new,3,bf16,257,64,32,0.0515439987183,0.0450480014086,1.1442016761360665,12.60281986502861
new,3,bf16,257,128,32,0.0860239982605,0.078991997242,1.089021689082715,8.17446428984331
new,3,bf16,257,256,32,0.157532000542,0.14964799881,1.052683642913327,5.004698540534337
new,3,bf16,4096,16,32,0.273327994347,0.224620008469,1.216846158140548,17.82034291597787
new,3,bf16,4096,64,32,0.584779977798,0.543819999695,1.075318999165114,7.004340035244636
new,3,bf16,4096,128,32,1.01054401398,0.957855987549,1.0550062087786496,5.213827968114872
new,3,bf16,4096,256,32,1.85125598907,1.79939594269,1.0288208087779014,2.801343881461395
new,3,bf16,16384,16,32,1.03543195724,0.869659996033,1.1906169790069423,16.009932864045847
new,3,bf16,16384,64,32,2.29066390991,2.14345607758,1.0686777927804336,6.426426491164482
new,3,bf16,16384,128,32,3.98458404541,3.78523597717,1.052664634237425,5.002983146249277
new,3,bf16,16384,256,32,7.30992431641,7.11242828369,1.0277677362558286,2.7017520862239657
