category,measurement,dtype,shape,rows,dim,scale,scope,block_threads,mean_us,mean_ms,raw_csv_row_json
cli_default128,naive_global,fp16,"[1, 1, 1, 1]",1,1,1.0,kernel_only,,6.59797350566,0.00659797350566,"{""batch"": ""1"", ""compute_capability"": ""80"", ""cuda_driver"": ""12040"", ""cuda_runtime"": ""12040"", ""dense_oracle_rows"": ""1"", ""dim"": ""1"", ""dtype"": ""fp16"", ""gpu"": ""NVIDIA A100-SXM4-40GB"", ""heads"": ""1"", ""input_elements_per_second"": ""151561.687713"", ""max_abs_error"": ""0"", ""mean_ms"": ""0.00659797350566"", ""mean_us"": ""6.59797350566"", ""method"": ""naive_global"", ""repetitions"": ""300"", ""scale"": ""1"", ""scope"": ""kernel_only"", ""seq"": ""1"", ""timestamp_utc"": ""2026-09-05T18:55:22Z"", ""warp_block_threads"": """"}"
cli_default128,warp,fp16,"[1, 1, 1, 1]",1,1,1.0,kernel_only,128,3.50208004316,0.00350208004316,"{""batch"": ""1"", ""compute_capability"": ""80"", ""cuda_driver"": ""12040"", ""cuda_runtime"": ""12040"", ""dense_oracle_rows"": ""1"", ""dim"": ""1"", ""dtype"": ""fp16"", ""gpu"": ""NVIDIA A100-SXM4-40GB"", ""heads"": ""1"", ""input_elements_per_second"": ""285544.587124"", ""max_abs_error"": ""0"", ""mean_ms"": ""0.00350208004316"", ""mean_us"": ""3.50208004316"", ""method"": ""warp"", ""repetitions"": ""300"", ""scale"": ""1"", ""scope"": ""kernel_only"", ""seq"": ""1"", ""timestamp_utc"": ""2026-09-05T18:55:22Z"", ""warp_block_threads"": ""128""}"
cli_default128,split_int4,fp16,"[1, 1, 1, 1]",1,1,1.0,kernel_only,128,7.34208027522,0.00734208027522,"{""batch"": ""1"", ""compute_capability"": ""80"", ""cuda_driver"": ""12040"", ""cuda_runtime"": ""12040"", ""dense_oracle_rows"": ""1"", ""dim"": ""1"", ""dtype"": ""fp16"", ""gpu"": ""NVIDIA A100-SXM4-40GB"", ""heads"": ""1"", ""input_elements_per_second"": ""136201.18039"", ""max_abs_error"": ""0"", ""mean_ms"": ""0.00734208027522"", ""mean_us"": ""7.34208027522"", ""method"": ""split_int4"", ""repetitions"": ""300"", ""scale"": ""1"", ""scope"": ""kernel_only"", ""seq"": ""1"", ""timestamp_utc"": ""2026-09-05T18:55:22Z"", ""warp_block_threads"": ""128""}"
cli_default128,fused_int4,fp16,"[1, 1, 1, 1]",1,1,1.0,kernel_only,128,3.86389334997,0.00386389334997,"{""batch"": ""1"", ""compute_capability"": ""80"", ""cuda_driver"": ""12040"", ""cuda_runtime"": ""12040"", ""dense_oracle_rows"": ""1"", ""dim"": ""1"", ""dtype"": ""fp16"", ""gpu"": ""NVIDIA A100-SXM4-40GB"", ""heads"": ""1"", ""input_elements_per_second"": ""258806.31514"", ""max_abs_error"": ""0"", ""mean_ms"": ""0.00386389334997"", ""mean_us"": ""3.86389334997"", ""method"": ""fused_int4"", ""repetitions"": ""300"", ""scale"": ""1"", ""scope"": ""kernel_only"", ""seq"": ""1"", ""timestamp_utc"": ""2026-09-05T18:55:22Z"", ""warp_block_threads"": ""128""}"
cli_default128,cpu_fp32_fwht,fp16,"[1, 1, 1, 1]",1,1,1.0,cpu_compute,,0.0234,2.34e-05,"{""batch"": ""1"", ""compute_capability"": ""80"", ""cuda_driver"": ""12040"", ""cuda_runtime"": ""12040"", ""dense_oracle_rows"": ""1"", ""dim"": ""1"", ""dtype"": ""fp16"", ""gpu"": ""NVIDIA A100-SXM4-40GB"", ""heads"": ""1"", ""input_elements_per_second"": ""42735042.735"", ""max_abs_error"": ""0"", ""mean_ms"": ""2.34e-05"", ""mean_us"": ""0.0234"", ""method"": ""cpu_fp32_fwht"", ""repetitions"": ""20"", ""scale"": ""1"", ""scope"": ""cpu_compute"", ""seq"": ""1"", ""timestamp_utc"": ""2026-09-05T18:55:22Z"", ""warp_block_threads"": """"}"
cli_default128,warp_h2d_d2h,fp16,"[1, 1, 1, 1]",1,1,1.0,host_e2e,128,21.78855,0.02178855,"{""batch"": ""1"", ""compute_capability"": ""80"", ""cuda_driver"": ""12040"", ""cuda_runtime"": ""12040"", ""dense_oracle_rows"": ""1"", ""dim"": ""1"", ""dtype"": ""fp16"", ""gpu"": ""NVIDIA A100-SXM4-40GB"", ""heads"": ""1"", ""input_elements_per_second"": ""45895.6653839"", ""max_abs_error"": ""0"", ""mean_ms"": ""0.02178855"", ""mean_us"": ""21.78855"", ""method"": ""warp_h2d_d2h"", ""repetitions"": ""20"", ""scale"": ""1"", ""scope"": ""host_e2e"", ""seq"": ""1"", ""timestamp_utc"": ""2026-09-05T18:55:22Z"", ""warp_block_threads"": ""128""}"
cli_default128,naive_global,fp16,"[1, 1, 1, 16]",1,16,1.0,kernel_only,,15.6637859344,0.0156637859344,"{""batch"": ""1"", ""compute_capability"": ""80"", ""cuda_driver"": ""12040"", ""cuda_runtime"": ""12040"", ""dense_oracle_rows"": ""1"", ""dim"": ""16"", ""dtype"": ""fp16"", ""gpu"": ""NVIDIA A100-SXM4-40GB"", ""heads"": ""1"", ""input_elements_per_second"": ""1021464.41907"", ""max_abs_error"": ""0"", ""mean_ms"": ""0.0156637859344"", ""mean_us"": ""15.6637859344"", ""method"": ""naive_global"", ""repetitions"": ""300"", ""scale"": ""1"", ""scope"": ""kernel_only"", ""seq"": ""1"", ""timestamp_utc"": ""2026-09-05T18:55:22Z"", ""warp_block_threads"": """"}"
cli_default128,warp,fp16,"[1, 1, 1, 16]",1,16,1.0,kernel_only,128,2.69312004248,0.00269312004248,"{""batch"": ""1"", ""compute_capability"": ""80"", ""cuda_driver"": ""12040"", ""cuda_runtime"": ""12040"", ""dense_oracle_rows"": ""1"", ""dim"": ""16"", ""dtype"": ""fp16"", ""gpu"": ""NVIDIA A100-SXM4-40GB"", ""heads"": ""1"", ""input_elements_per_second"": ""5941064.54507"", ""max_abs_error"": ""0"", ""mean_ms"": ""0.00269312004248"", ""mean_us"": ""2.69312004248"", ""method"": ""warp"", ""repetitions"": ""300"", ""scale"": ""1"", ""scope"": ""kernel_only"", ""seq"": ""1"", ""timestamp_utc"": ""2026-09-05T18:55:22Z"", ""warp_block_threads"": ""128""}"
cli_default128,tensor_core,fp16,"[1, 1, 1, 16]",1,16,1.0,kernel_only,,3.1334400177,0.0031334400177,"{""batch"": ""1"", ""compute_capability"": ""80"", ""cuda_driver"": ""12040"", ""cuda_runtime"": ""12040"", ""dense_oracle_rows"": ""1"", ""dim"": ""16"", ""dtype"": ""fp16"", ""gpu"": ""NVIDIA A100-SXM4-40GB"", ""heads"": ""1"", ""input_elements_per_second"": ""5106209.12148"", ""max_abs_error"": ""0"", ""mean_ms"": ""0.0031334400177"", ""mean_us"": ""3.1334400177"", ""method"": ""tensor_core"", ""repetitions"": ""300"", ""scale"": ""1"", ""scope"": ""kernel_only"", ""seq"": ""1"", ""timestamp_utc"": ""2026-09-05T18:55:22Z"", ""warp_block_threads"": """"}"
cli_default128,split_int4,fp16,"[1, 1, 1, 16]",1,16,1.0,kernel_only,128,5.73439995448,0.00573439995448,"{""batch"": ""1"", ""compute_capability"": ""80"", ""cuda_driver"": ""12040"", ""cuda_runtime"": ""12040"", ""dense_oracle_rows"": ""1"", ""dim"": ""16"", ""dtype"": ""fp16"", ""gpu"": ""NVIDIA A100-SXM4-40GB"", ""heads"": ""1"", ""input_elements_per_second"": ""2790178.59358"", ""max_abs_error"": ""0"", ""mean_ms"": ""0.00573439995448"", ""mean_us"": ""5.73439995448"", ""method"": ""split_int4"", ""repetitions"": ""300"", ""scale"": ""1"", ""scope"": ""kernel_only"", ""seq"": ""1"", ""timestamp_utc"": ""2026-09-05T18:55:22Z"", ""warp_block_threads"": ""128""}"
cli_default128,fused_int4,fp16,"[1, 1, 1, 16]",1,16,1.0,kernel_only,128,3.13002665838,0.00313002665838,"{""batch"": ""1"", ""compute_capability"": ""80"", ""cuda_driver"": ""12040"", ""cuda_runtime"": ""12040"", ""dense_oracle_rows"": ""1"", ""dim"": ""16"", ""dtype"": ""fp16"", ""gpu"": ""NVIDIA A100-SXM4-40GB"", ""heads"": ""1"", ""input_elements_per_second"": ""5111777.54898"", ""max_abs_error"": ""0"", ""mean_ms"": ""0.00313002665838"", ""mean_us"": ""3.13002665838"", ""method"": ""fused_int4"", ""repetitions"": ""300"", ""scale"": ""1"", ""scope"": ""kernel_only"", ""seq"": ""1"", ""timestamp_utc"": ""2026-09-05T18:55:22Z"", ""warp_block_threads"": ""128""}"
cli_default128,cpu_fp32_fwht,fp16,"[1, 1, 1, 16]",1,16,1.0,cpu_compute,,0.0684,6.84e-05,"{""batch"": ""1"", ""compute_capability"": ""80"", ""cuda_driver"": ""12040"", ""cuda_runtime"": ""12040"", ""dense_oracle_rows"": ""1"", ""dim"": ""16"", ""dtype"": ""fp16"", ""gpu"": ""NVIDIA A100-SXM4-40GB"", ""heads"": ""1"", ""input_elements_per_second"": ""233918128.655"", ""max_abs_error"": ""0"", ""mean_ms"": ""6.84e-05"", ""mean_us"": ""0.0684"", ""method"": ""cpu_fp32_fwht"", ""repetitions"": ""20"", ""scale"": ""1"", ""scope"": ""cpu_compute"", ""seq"": ""1"", ""timestamp_utc"": ""2026-09-05T18:55:22Z"", ""warp_block_threads"": """"}"
cli_default128,warp_h2d_d2h,fp16,"[1, 1, 1, 16]",1,16,1.0,host_e2e,128,21.8435,0.0218435,"{""batch"": ""1"", ""compute_capability"": ""80"", ""cuda_driver"": ""12040"", ""cuda_runtime"": ""12040"", ""dense_oracle_rows"": ""1"", ""dim"": ""16"", ""dtype"": ""fp16"", ""gpu"": ""NVIDIA A100-SXM4-40GB"", ""heads"": ""1"", ""input_elements_per_second"": ""732483.347449"", ""max_abs_error"": ""0"", ""mean_ms"": ""0.0218435"", ""mean_us"": ""21.8435"", ""method"": ""warp_h2d_d2h"", ""repetitions"": ""20"", ""scale"": ""1"", ""scope"": ""host_e2e"", ""seq"": ""1"", ""timestamp_utc"": ""2026-09-05T18:55:22Z"", ""warp_block_threads"": ""128""}"
cli_default128,naive_global,fp16,"[1, 1, 17, 256]",17,256,1.0,kernel_only,,25.6819200516,0.0256819200516,"{""batch"": ""1"", ""compute_capability"": ""80"", ""cuda_driver"": ""12040"", ""cuda_runtime"": ""12040"", ""dense_oracle_rows"": ""17"", ""dim"": ""256"", ""dtype"": ""fp16"", ""gpu"": ""NVIDIA A100-SXM4-40GB"", ""heads"": ""17"", ""input_elements_per_second"": ""169457734.907"", ""max_abs_error"": ""0"", ""mean_ms"": ""0.0256819200516"", ""mean_us"": ""25.6819200516"", ""method"": ""naive_global"", ""repetitions"": ""300"", ""scale"": ""1"", ""scope"": ""kernel_only"", ""seq"": ""1"", ""timestamp_utc"": ""2026-09-05T18:55:22Z"", ""warp_block_threads"": """"}"
cli_default128,warp,fp16,"[1, 1, 17, 256]",17,256,1.0,kernel_only,128,2.94229328632,0.00294229328632,"{""batch"": ""1"", ""compute_capability"": ""80"", ""cuda_driver"": ""12040"", ""cuda_runtime"": ""12040"", ""dense_oracle_rows"": ""17"", ""dim"": ""256"", ""dtype"": ""fp16"", ""gpu"": ""NVIDIA A100-SXM4-40GB"", ""heads"": ""17"", ""input_elements_per_second"": ""1479118353.1"", ""max_abs_error"": ""0"", ""mean_ms"": ""0.00294229328632"", ""mean_us"": ""2.94229328632"", ""method"": ""warp"", ""repetitions"": ""300"", ""scale"": ""1"", ""scope"": ""kernel_only"", ""seq"": ""1"", ""timestamp_utc"": ""2026-09-05T18:55:22Z"", ""warp_block_threads"": ""128""}"
cli_default128,tensor_core,fp16,"[1, 1, 17, 256]",17,256,1.0,kernel_only,,12.3528536161,0.0123528536161,"{""batch"": ""1"", ""compute_capability"": ""80"", ""cuda_driver"": ""12040"", ""cuda_runtime"": ""12040"", ""dense_oracle_rows"": ""17"", ""dim"": ""256"", ""dtype"": ""fp16"", ""gpu"": ""NVIDIA A100-SXM4-40GB"", ""heads"": ""17"", ""input_elements_per_second"": ""352307259.137"", ""max_abs_error"": ""0"", ""mean_ms"": ""0.0123528536161"", ""mean_us"": ""12.3528536161"", ""method"": ""tensor_core"", ""repetitions"": ""300"", ""scale"": ""1"", ""scope"": ""kernel_only"", ""seq"": ""1"", ""timestamp_utc"": ""2026-09-05T18:55:22Z"", ""warp_block_threads"": """"}"
cli_default128,split_int4,fp16,"[1, 1, 17, 256]",17,256,1.0,kernel_only,128,6.61162654559,0.00661162654559,"{""batch"": ""1"", ""compute_capability"": ""80"", ""cuda_driver"": ""12040"", ""cuda_runtime"": ""12040"", ""dense_oracle_rows"": ""17"", ""dim"": ""256"", ""dtype"": ""fp16"", ""gpu"": ""NVIDIA A100-SXM4-40GB"", ""heads"": ""17"", ""input_elements_per_second"": ""658234395.121"", ""max_abs_error"": ""0"", ""mean_ms"": ""0.00661162654559"", ""mean_us"": ""6.61162654559"", ""method"": ""split_int4"", ""repetitions"": ""300"", ""scale"": ""1"", ""scope"": ""kernel_only"", ""seq"": ""1"", ""timestamp_utc"": ""2026-09-05T18:55:22Z"", ""warp_block_threads"": ""128""}"
cli_default128,fused_int4,fp16,"[1, 1, 17, 256]",17,256,1.0,kernel_only,128,3.85023991267,0.00385023991267,"{""batch"": ""1"", ""compute_capability"": ""80"", ""cuda_driver"": ""12040"", ""cuda_runtime"": ""12040"", ""dense_oracle_rows"": ""17"", ""dim"": ""256"", ""dtype"": ""fp16"", ""gpu"": ""NVIDIA A100-SXM4-40GB"", ""heads"": ""17"", ""input_elements_per_second"": ""1130319174.57"", ""max_abs_error"": ""0"", ""mean_ms"": ""0.00385023991267"", ""mean_us"": ""3.85023991267"", ""method"": ""fused_int4"", ""repetitions"": ""300"", ""scale"": ""1"", ""scope"": ""kernel_only"", ""seq"": ""1"", ""timestamp_utc"": ""2026-09-05T18:55:22Z"", ""warp_block_threads"": ""128""}"
cli_default128,cpu_fp32_fwht,fp16,"[1, 1, 17, 256]",17,256,1.0,cpu_compute,,10.52315,0.01052315,"{""batch"": ""1"", ""compute_capability"": ""80"", ""cuda_driver"": ""12040"", ""cuda_runtime"": ""12040"", ""dense_oracle_rows"": ""17"", ""dim"": ""256"", ""dtype"": ""fp16"", ""gpu"": ""NVIDIA A100-SXM4-40GB"", ""heads"": ""17"", ""input_elements_per_second"": ""413564379.487"", ""max_abs_error"": ""0"", ""mean_ms"": ""0.01052315"", ""mean_us"": ""10.52315"", ""method"": ""cpu_fp32_fwht"", ""repetitions"": ""20"", ""scale"": ""1"", ""scope"": ""cpu_compute"", ""seq"": ""1"", ""timestamp_utc"": ""2026-09-05T18:55:22Z"", ""warp_block_threads"": """"}"
cli_default128,warp_h2d_d2h,fp16,"[1, 1, 17, 256]",17,256,1.0,host_e2e,128,23.50775,0.02350775,"{""batch"": ""1"", ""compute_capability"": ""80"", ""cuda_driver"": ""12040"", ""cuda_runtime"": ""12040"", ""dense_oracle_rows"": ""17"", ""dim"": ""256"", ""dtype"": ""fp16"", ""gpu"": ""NVIDIA A100-SXM4-40GB"", ""heads"": ""17"", ""input_elements_per_second"": ""185130435.707"", ""max_abs_error"": ""0"", ""mean_ms"": ""0.02350775"", ""mean_us"": ""23.50775"", ""method"": ""warp_h2d_d2h"", ""repetitions"": ""20"", ""scale"": ""1"", ""scope"": ""host_e2e"", ""seq"": ""1"", ""timestamp_utc"": ""2026-09-05T18:55:22Z"", ""warp_block_threads"": ""128""}"
cli_default128,naive_global,fp16,"[4, 128, 8, 16]",4096,16,1.0,kernel_only,,16.8106667201,0.0168106667201,"{""batch"": ""4"", ""compute_capability"": ""80"", ""cuda_driver"": ""12040"", ""cuda_runtime"": ""12040"", ""dense_oracle_rows"": ""32"", ""dim"": ""16"", ""dtype"": ""fp16"", ""gpu"": ""NVIDIA A100-SXM4-40GB"", ""heads"": ""8"", ""input_elements_per_second"": ""3898477144.98"", ""max_abs_error"": ""0"", ""mean_ms"": ""0.0168106667201"", ""mean_us"": ""16.8106667201"", ""method"": ""naive_global"", ""repetitions"": ""300"", ""scale"": ""1"", ""scope"": ""kernel_only"", ""seq"": ""128"", ""timestamp_utc"": ""2026-09-05T18:55:23Z"", ""warp_block_threads"": """"}"
cli_default128,warp,fp16,"[4, 128, 8, 16]",4096,16,1.0,kernel_only,128,3.51573348045,0.00351573348045,"{""batch"": ""4"", ""compute_capability"": ""80"", ""cuda_driver"": ""12040"", ""cuda_runtime"": ""12040"", ""dense_oracle_rows"": ""32"", ""dim"": ""16"", ""dtype"": ""fp16"", ""gpu"": ""NVIDIA A100-SXM4-40GB"", ""heads"": ""8"", ""input_elements_per_second"": ""18640775919"", ""max_abs_error"": ""0"", ""mean_ms"": ""0.00351573348045"", ""mean_us"": ""3.51573348045"", ""method"": ""warp"", ""repetitions"": ""300"", ""scale"": ""1"", ""scope"": ""kernel_only"", ""seq"": ""128"", ""timestamp_utc"": ""2026-09-05T18:55:23Z"", ""warp_block_threads"": ""128""}"
cli_default128,tensor_core,fp16,"[4, 128, 8, 16]",4096,16,1.0,kernel_only,,3.76832008362,0.00376832008362,"{""batch"": ""4"", ""compute_capability"": ""80"", ""cuda_driver"": ""12040"", ""cuda_runtime"": ""12040"", ""dense_oracle_rows"": ""32"", ""dim"": ""16"", ""dtype"": ""fp16"", ""gpu"": ""NVIDIA A100-SXM4-40GB"", ""heads"": ""8"", ""input_elements_per_second"": ""17391303961.9"", ""max_abs_error"": ""0"", ""mean_ms"": ""0.00376832008362"", ""mean_us"": ""3.76832008362"", ""method"": ""tensor_core"", ""repetitions"": ""300"", ""scale"": ""1"", ""scope"": ""kernel_only"", ""seq"": ""128"", ""timestamp_utc"": ""2026-09-05T18:55:23Z"", ""warp_block_threads"": """"}"
cli_default128,split_int4,fp16,"[4, 128, 8, 16]",4096,16,1.0,kernel_only,128,7.51616001129,0.00751616001129,"{""batch"": ""4"", ""compute_capability"": ""80"", ""cuda_driver"": ""12040"", ""cuda_runtime"": ""12040"", ""dense_oracle_rows"": ""32"", ""dim"": ""16"", ""dtype"": ""fp16"", ""gpu"": ""NVIDIA A100-SXM4-40GB"", ""heads"": ""8"", ""input_elements_per_second"": ""8719346035.95"", ""max_abs_error"": ""0"", ""mean_ms"": ""0.00751616001129"", ""mean_us"": ""7.51616001129"", ""method"": ""split_int4"", ""repetitions"": ""300"", ""scale"": ""1"", ""scope"": ""kernel_only"", ""seq"": ""128"", ""timestamp_utc"": ""2026-09-05T18:55:23Z"", ""warp_block_threads"": ""128""}"
cli_default128,fused_int4,fp16,"[4, 128, 8, 16]",4096,16,1.0,kernel_only,128,4.04479980469,0.00404479980469,"{""batch"": ""4"", ""compute_capability"": ""80"", ""cuda_driver"": ""12040"", ""cuda_runtime"": ""12040"", ""dense_oracle_rows"": ""32"", ""dim"": ""16"", ""dtype"": ""fp16"", ""gpu"": ""NVIDIA A100-SXM4-40GB"", ""heads"": ""8"", ""input_elements_per_second"": ""16202532427.9"", ""max_abs_error"": ""0"", ""mean_ms"": ""0.00404479980469"", ""mean_us"": ""4.04479980469"", ""method"": ""fused_int4"", ""repetitions"": ""300"", ""scale"": ""1"", ""scope"": ""kernel_only"", ""seq"": ""128"", ""timestamp_utc"": ""2026-09-05T18:55:23Z"", ""warp_block_threads"": ""128""}"
cli_default128,cpu_fp32_fwht,fp16,"[4, 128, 8, 16]",4096,16,1.0,cpu_compute,,151.1951,0.1511951,"{""batch"": ""4"", ""compute_capability"": ""80"", ""cuda_driver"": ""12040"", ""cuda_runtime"": ""12040"", ""dense_oracle_rows"": ""32"", ""dim"": ""16"", ""dtype"": ""fp16"", ""gpu"": ""NVIDIA A100-SXM4-40GB"", ""heads"": ""8"", ""input_elements_per_second"": ""433453200.534"", ""max_abs_error"": ""0"", ""mean_ms"": ""0.1511951"", ""mean_us"": ""151.1951"", ""method"": ""cpu_fp32_fwht"", ""repetitions"": ""20"", ""scale"": ""1"", ""scope"": ""cpu_compute"", ""seq"": ""128"", ""timestamp_utc"": ""2026-09-05T18:55:23Z"", ""warp_block_threads"": """"}"
cli_default128,warp_h2d_d2h,fp16,"[4, 128, 8, 16]",4096,16,1.0,host_e2e,128,55.5791,0.0555791,"{""batch"": ""4"", ""compute_capability"": ""80"", ""cuda_driver"": ""12040"", ""cuda_runtime"": ""12040"", ""dense_oracle_rows"": ""32"", ""dim"": ""16"", ""dtype"": ""fp16"", ""gpu"": ""NVIDIA A100-SXM4-40GB"", ""heads"": ""8"", ""input_elements_per_second"": ""1179148276.96"", ""max_abs_error"": ""0"", ""mean_ms"": ""0.0555791"", ""mean_us"": ""55.5791"", ""method"": ""warp_h2d_d2h"", ""repetitions"": ""20"", ""scale"": ""1"", ""scope"": ""host_e2e"", ""seq"": ""128"", ""timestamp_utc"": ""2026-09-05T18:55:23Z"", ""warp_block_threads"": ""128""}"
cli_default128,naive_global,fp16,"[4, 128, 8, 64]",4096,64,1.0,kernel_only,,27.7128537496,0.0277128537496,"{""batch"": ""4"", ""compute_capability"": ""80"", ""cuda_driver"": ""12040"", ""cuda_runtime"": ""12040"", ""dense_oracle_rows"": ""32"", ""dim"": ""64"", ""dtype"": ""fp16"", ""gpu"": ""NVIDIA A100-SXM4-40GB"", ""heads"": ""8"", ""input_elements_per_second"": ""9459292874.3"", ""max_abs_error"": ""0"", ""mean_ms"": ""0.0277128537496"", ""mean_us"": ""27.7128537496"", ""method"": ""naive_global"", ""repetitions"": ""300"", ""scale"": ""1"", ""scope"": ""kernel_only"", ""seq"": ""128"", ""timestamp_utc"": ""2026-09-05T18:55:23Z"", ""warp_block_threads"": """"}"
cli_default128,warp,fp16,"[4, 128, 8, 64]",4096,64,1.0,kernel_only,128,3.73418649038,0.00373418649038,"{""batch"": ""4"", ""compute_capability"": ""80"", ""cuda_driver"": ""12040"", ""cuda_runtime"": ""12040"", ""dense_oracle_rows"": ""32"", ""dim"": ""64"", ""dtype"": ""fp16"", ""gpu"": ""NVIDIA A100-SXM4-40GB"", ""heads"": ""8"", ""input_elements_per_second"": ""70201100206.3"", ""max_abs_error"": ""0"", ""mean_ms"": ""0.00373418649038"", ""mean_us"": ""3.73418649038"", ""method"": ""warp"", ""repetitions"": ""300"", ""scale"": ""1"", ""scope"": ""kernel_only"", ""seq"": ""128"", ""timestamp_utc"": ""2026-09-05T18:55:23Z"", ""warp_block_threads"": ""128""}"
cli_default128,tensor_core,fp16,"[4, 128, 8, 64]",4096,64,1.0,kernel_only,,7.87797371546,0.00787797371546,"{""batch"": ""4"", ""compute_capability"": ""80"", ""cuda_driver"": ""12040"", ""cuda_runtime"": ""12040"", ""dense_oracle_rows"": ""32"", ""dim"": ""64"", ""dtype"": ""fp16"", ""gpu"": ""NVIDIA A100-SXM4-40GB"", ""heads"": ""8"", ""input_elements_per_second"": ""33275561644.2"", ""max_abs_error"": ""0"", ""mean_ms"": ""0.00787797371546"", ""mean_us"": ""7.87797371546"", ""method"": ""tensor_core"", ""repetitions"": ""300"", ""scale"": ""1"", ""scope"": ""kernel_only"", ""seq"": ""128"", ""timestamp_utc"": ""2026-09-05T18:55:23Z"", ""warp_block_threads"": """"}"
cli_default128,split_int4,fp16,"[4, 128, 8, 64]",4096,64,1.0,kernel_only,128,7.66976038615,0.00766976038615,"{""batch"": ""4"", ""compute_capability"": ""80"", ""cuda_driver"": ""12040"", ""cuda_runtime"": ""12040"", ""dense_oracle_rows"": ""32"", ""dim"": ""64"", ""dtype"": ""fp16"", ""gpu"": ""NVIDIA A100-SXM4-40GB"", ""heads"": ""8"", ""input_elements_per_second"": ""34178903486.1"", ""max_abs_error"": ""0"", ""mean_ms"": ""0.00766976038615"", ""mean_us"": ""7.66976038615"", ""method"": ""split_int4"", ""repetitions"": ""300"", ""scale"": ""1"", ""scope"": ""kernel_only"", ""seq"": ""128"", ""timestamp_utc"": ""2026-09-05T18:55:23Z"", ""warp_block_threads"": ""128""}"
cli_default128,fused_int4,fp16,"[4, 128, 8, 64]",4096,64,1.0,kernel_only,128,4.41685318947,0.00441685318947,"{""batch"": ""4"", ""compute_capability"": ""80"", ""cuda_driver"": ""12040"", ""cuda_runtime"": ""12040"", ""dense_oracle_rows"": ""32"", ""dim"": ""64"", ""dtype"": ""fp16"", ""gpu"": ""NVIDIA A100-SXM4-40GB"", ""heads"": ""8"", ""input_elements_per_second"": ""59350852010.4"", ""max_abs_error"": ""0"", ""mean_ms"": ""0.00441685318947"", ""mean_us"": ""4.41685318947"", ""method"": ""fused_int4"", ""repetitions"": ""300"", ""scale"": ""1"", ""scope"": ""kernel_only"", ""seq"": ""128"", ""timestamp_utc"": ""2026-09-05T18:55:23Z"", ""warp_block_threads"": ""128""}"
cli_default128,cpu_fp32_fwht,fp16,"[4, 128, 8, 64]",4096,64,1.0,cpu_compute,,617.3689,0.6173689,"{""batch"": ""4"", ""compute_capability"": ""80"", ""cuda_driver"": ""12040"", ""cuda_runtime"": ""12040"", ""dense_oracle_rows"": ""32"", ""dim"": ""64"", ""dtype"": ""fp16"", ""gpu"": ""NVIDIA A100-SXM4-40GB"", ""heads"": ""8"", ""input_elements_per_second"": ""424614845.354"", ""max_abs_error"": ""0"", ""mean_ms"": ""0.6173689"", ""mean_us"": ""617.3689"", ""method"": ""cpu_fp32_fwht"", ""repetitions"": ""20"", ""scale"": ""1"", ""scope"": ""cpu_compute"", ""seq"": ""128"", ""timestamp_utc"": ""2026-09-05T18:55:23Z"", ""warp_block_threads"": """"}"
cli_default128,warp_h2d_d2h,fp16,"[4, 128, 8, 64]",4096,64,1.0,host_e2e,128,120.2399,0.1202399,"{""batch"": ""4"", ""compute_capability"": ""80"", ""cuda_driver"": ""12040"", ""cuda_runtime"": ""12040"", ""dense_oracle_rows"": ""32"", ""dim"": ""64"", ""dtype"": ""fp16"", ""gpu"": ""NVIDIA A100-SXM4-40GB"", ""heads"": ""8"", ""input_elements_per_second"": ""2180174800.54"", ""max_abs_error"": ""0"", ""mean_ms"": ""0.1202399"", ""mean_us"": ""120.2399"", ""method"": ""warp_h2d_d2h"", ""repetitions"": ""20"", ""scale"": ""1"", ""scope"": ""host_e2e"", ""seq"": ""128"", ""timestamp_utc"": ""2026-09-05T18:55:23Z"", ""warp_block_threads"": ""128""}"
cli_default128,naive_global,fp16,"[4, 128, 8, 256]",4096,256,1.0,kernel_only,,58.9414405823,0.0589414405823,"{""batch"": ""4"", ""compute_capability"": ""80"", ""cuda_driver"": ""12040"", ""cuda_runtime"": ""12040"", ""dense_oracle_rows"": ""32"", ""dim"": ""256"", ""dtype"": ""fp16"", ""gpu"": ""NVIDIA A100-SXM4-40GB"", ""heads"": ""8"", ""input_elements_per_second"": ""17790131860.4"", ""max_abs_error"": ""0"", ""mean_ms"": ""0.0589414405823"", ""mean_us"": ""58.9414405823"", ""method"": ""naive_global"", ""repetitions"": ""300"", ""scale"": ""1"", ""scope"": ""kernel_only"", ""seq"": ""128"", ""timestamp_utc"": ""2026-09-05T18:55:23Z"", ""warp_block_threads"": """"}"
cli_default128,warp,fp16,"[4, 128, 8, 256]",4096,256,1.0,kernel_only,128,5.19509315491,0.00519509315491,"{""batch"": ""4"", ""compute_capability"": ""80"", ""cuda_driver"": ""12040"", ""cuda_runtime"": ""12040"", ""dense_oracle_rows"": ""32"", ""dim"": ""256"", ""dtype"": ""fp16"", ""gpu"": ""NVIDIA A100-SXM4-40GB"", ""heads"": ""8"", ""input_elements_per_second"": ""201839691558"", ""max_abs_error"": ""0"", ""mean_ms"": ""0.00519509315491"", ""mean_us"": ""5.19509315491"", ""method"": ""warp"", ""repetitions"": ""300"", ""scale"": ""1"", ""scope"": ""kernel_only"", ""seq"": ""128"", ""timestamp_utc"": ""2026-09-05T18:55:23Z"", ""warp_block_threads"": ""128""}"
cli_default128,tensor_core,fp16,"[4, 128, 8, 256]",4096,256,1.0,kernel_only,,51.0873603821,0.0510873603821,"{""batch"": ""4"", ""compute_capability"": ""80"", ""cuda_driver"": ""12040"", ""cuda_runtime"": ""12040"", ""dense_oracle_rows"": ""32"", ""dim"": ""256"", ""dtype"": ""fp16"", ""gpu"": ""NVIDIA A100-SXM4-40GB"", ""heads"": ""8"", ""input_elements_per_second"": ""20525155188.2"", ""max_abs_error"": ""0"", ""mean_ms"": ""0.0510873603821"", ""mean_us"": ""51.0873603821"", ""method"": ""tensor_core"", ""repetitions"": ""300"", ""scale"": ""1"", ""scope"": ""kernel_only"", ""seq"": ""128"", ""timestamp_utc"": ""2026-09-05T18:55:23Z"", ""warp_block_threads"": """"}"
cli_default128,split_int4,fp16,"[4, 128, 8, 256]",4096,256,1.0,kernel_only,128,10.8509866397,0.0108509866397,"{""batch"": ""4"", ""compute_capability"": ""80"", ""cuda_driver"": ""12040"", ""cuda_runtime"": ""12040"", ""dense_oracle_rows"": ""32"", ""dim"": ""256"", ""dtype"": ""fp16"", ""gpu"": ""NVIDIA A100-SXM4-40GB"", ""heads"": ""8"", ""input_elements_per_second"": ""96634161926.6"", ""max_abs_error"": ""0"", ""mean_ms"": ""0.0108509866397"", ""mean_us"": ""10.8509866397"", ""method"": ""split_int4"", ""repetitions"": ""300"", ""scale"": ""1"", ""scope"": ""kernel_only"", ""seq"": ""128"", ""timestamp_utc"": ""2026-09-05T18:55:23Z"", ""warp_block_threads"": ""128""}"
cli_default128,fused_int4,fp16,"[4, 128, 8, 256]",4096,256,1.0,kernel_only,128,6.97685321172,0.00697685321172,"{""batch"": ""4"", ""compute_capability"": ""80"", ""cuda_driver"": ""12040"", ""cuda_runtime"": ""12040"", ""dense_oracle_rows"": ""32"", ""dim"": ""256"", ""dtype"": ""fp16"", ""gpu"": ""NVIDIA A100-SXM4-40GB"", ""heads"": ""8"", ""input_elements_per_second"": ""150293544694"", ""max_abs_error"": ""0"", ""mean_ms"": ""0.00697685321172"", ""mean_us"": ""6.97685321172"", ""method"": ""fused_int4"", ""repetitions"": ""300"", ""scale"": ""1"", ""scope"": ""kernel_only"", ""seq"": ""128"", ""timestamp_utc"": ""2026-09-05T18:55:23Z"", ""warp_block_threads"": ""128""}"
cli_default128,cpu_fp32_fwht,fp16,"[4, 128, 8, 256]",4096,256,1.0,cpu_compute,,2620.58135,2.62058135,"{""batch"": ""4"", ""compute_capability"": ""80"", ""cuda_driver"": ""12040"", ""cuda_runtime"": ""12040"", ""dense_oracle_rows"": ""32"", ""dim"": ""256"", ""dtype"": ""fp16"", ""gpu"": ""NVIDIA A100-SXM4-40GB"", ""heads"": ""8"", ""input_elements_per_second"": ""400131062.522"", ""max_abs_error"": ""0"", ""mean_ms"": ""2.62058135"", ""mean_us"": ""2620.58135"", ""method"": ""cpu_fp32_fwht"", ""repetitions"": ""20"", ""scale"": ""1"", ""scope"": ""cpu_compute"", ""seq"": ""128"", ""timestamp_utc"": ""2026-09-05T18:55:23Z"", ""warp_block_threads"": """"}"
cli_default128,warp_h2d_d2h,fp16,"[4, 128, 8, 256]",4096,256,1.0,host_e2e,128,421.6412,0.4216412,"{""batch"": ""4"", ""compute_capability"": ""80"", ""cuda_driver"": ""12040"", ""cuda_runtime"": ""12040"", ""dense_oracle_rows"": ""32"", ""dim"": ""256"", ""dtype"": ""fp16"", ""gpu"": ""NVIDIA A100-SXM4-40GB"", ""heads"": ""8"", ""input_elements_per_second"": ""2486891698.44"", ""max_abs_error"": ""0"", ""mean_ms"": ""0.4216412"", ""mean_us"": ""421.6412"", ""method"": ""warp_h2d_d2h"", ""repetitions"": ""20"", ""scale"": ""1"", ""scope"": ""host_e2e"", ""seq"": ""128"", ""timestamp_utc"": ""2026-09-05T18:55:23Z"", ""warp_block_threads"": ""128""}"
cli_default128,naive_global,fp16,"[4, 512, 8, 256]",16384,256,1.0,kernel_only,,226.2084198,0.2262084198,"{""batch"": ""4"", ""compute_capability"": ""80"", ""cuda_driver"": ""12040"", ""cuda_runtime"": ""12040"", ""dense_oracle_rows"": ""32"", ""dim"": ""256"", ""dtype"": ""fp16"", ""gpu"": ""NVIDIA A100-SXM4-40GB"", ""heads"": ""8"", ""input_elements_per_second"": ""18541767825.1"", ""max_abs_error"": ""0"", ""mean_ms"": ""0.2262084198"", ""mean_us"": ""226.2084198"", ""method"": ""naive_global"", ""repetitions"": ""300"", ""scale"": ""1"", ""scope"": ""kernel_only"", ""seq"": ""512"", ""timestamp_utc"": ""2026-09-05T18:55:24Z"", ""warp_block_threads"": """"}"
cli_default128,warp,fp16,"[4, 512, 8, 256]",16384,256,1.0,kernel_only,128,10.7246931394,0.0107246931394,"{""batch"": ""4"", ""compute_capability"": ""80"", ""cuda_driver"": ""12040"", ""cuda_runtime"": ""12040"", ""dense_oracle_rows"": ""32"", ""dim"": ""256"", ""dtype"": ""fp16"", ""gpu"": ""NVIDIA A100-SXM4-40GB"", ""heads"": ""8"", ""input_elements_per_second"": ""391088485748"", ""max_abs_error"": ""0"", ""mean_ms"": ""0.0107246931394"", ""mean_us"": ""10.7246931394"", ""method"": ""warp"", ""repetitions"": ""300"", ""scale"": ""1"", ""scope"": ""kernel_only"", ""seq"": ""512"", ""timestamp_utc"": ""2026-09-05T18:55:24Z"", ""warp_block_threads"": ""128""}"
cli_default128,tensor_core,fp16,"[4, 512, 8, 256]",16384,256,1.0,kernel_only,,171.455141703,0.171455141703,"{""batch"": ""4"", ""compute_capability"": ""80"", ""cuda_driver"": ""12040"", ""cuda_runtime"": ""12040"", ""dense_oracle_rows"": ""32"", ""dim"": ""256"", ""dtype"": ""fp16"", ""gpu"": ""NVIDIA A100-SXM4-40GB"", ""heads"": ""8"", ""input_elements_per_second"": ""24462981735.8"", ""max_abs_error"": ""0"", ""mean_ms"": ""0.171455141703"", ""mean_us"": ""171.455141703"", ""method"": ""tensor_core"", ""repetitions"": ""300"", ""scale"": ""1"", ""scope"": ""kernel_only"", ""seq"": ""512"", ""timestamp_utc"": ""2026-09-05T18:55:24Z"", ""warp_block_threads"": """"}"
cli_default128,split_int4,fp16,"[4, 512, 8, 256]",16384,256,1.0,kernel_only,128,22.2890663147,0.0222890663147,"{""batch"": ""4"", ""compute_capability"": ""80"", ""cuda_driver"": ""12040"", ""cuda_runtime"": ""12040"", ""dense_oracle_rows"": ""32"", ""dim"": ""256"", ""dtype"": ""fp16"", ""gpu"": ""NVIDIA A100-SXM4-40GB"", ""heads"": ""8"", ""input_elements_per_second"": ""188177644625"", ""max_abs_error"": ""0"", ""mean_ms"": ""0.0222890663147"", ""mean_us"": ""22.2890663147"", ""method"": ""split_int4"", ""repetitions"": ""300"", ""scale"": ""1"", ""scope"": ""kernel_only"", ""seq"": ""512"", ""timestamp_utc"": ""2026-09-05T18:55:24Z"", ""warp_block_threads"": ""128""}"
cli_default128,fused_int4,fp16,"[4, 512, 8, 256]",16384,256,1.0,kernel_only,128,16.2235736847,0.0162235736847,"{""batch"": ""4"", ""compute_capability"": ""80"", ""cuda_driver"": ""12040"", ""cuda_runtime"": ""12040"", ""dense_oracle_rows"": ""32"", ""dim"": ""256"", ""dtype"": ""fp16"", ""gpu"": ""NVIDIA A100-SXM4-40GB"", ""heads"": ""8"", ""input_elements_per_second"": ""258531448220"", ""max_abs_error"": ""0"", ""mean_ms"": ""0.0162235736847"", ""mean_us"": ""16.2235736847"", ""method"": ""fused_int4"", ""repetitions"": ""300"", ""scale"": ""1"", ""scope"": ""kernel_only"", ""seq"": ""512"", ""timestamp_utc"": ""2026-09-05T18:55:24Z"", ""warp_block_threads"": ""128""}"
cli_default128,cpu_fp32_fwht,fp16,"[4, 512, 8, 256]",16384,256,1.0,cpu_compute,,10600.5838,10.6005838,"{""batch"": ""4"", ""compute_capability"": ""80"", ""cuda_driver"": ""12040"", ""cuda_runtime"": ""12040"", ""dense_oracle_rows"": ""32"", ""dim"": ""256"", ""dtype"": ""fp16"", ""gpu"": ""NVIDIA A100-SXM4-40GB"", ""heads"": ""8"", ""input_elements_per_second"": ""395667265.043"", ""max_abs_error"": ""0"", ""mean_ms"": ""10.6005838"", ""mean_us"": ""10600.5838"", ""method"": ""cpu_fp32_fwht"", ""repetitions"": ""20"", ""scale"": ""1"", ""scope"": ""cpu_compute"", ""seq"": ""512"", ""timestamp_utc"": ""2026-09-05T18:55:24Z"", ""warp_block_threads"": """"}"
cli_default128,warp_h2d_d2h,fp16,"[4, 512, 8, 256]",16384,256,1.0,host_e2e,128,1376.4262,1.3764262,"{""batch"": ""4"", ""compute_capability"": ""80"", ""cuda_driver"": ""12040"", ""cuda_runtime"": ""12040"", ""dense_oracle_rows"": ""32"", ""dim"": ""256"", ""dtype"": ""fp16"", ""gpu"": ""NVIDIA A100-SXM4-40GB"", ""heads"": ""8"", ""input_elements_per_second"": ""3047242198.67"", ""max_abs_error"": ""0"", ""mean_ms"": ""1.3764262"", ""mean_us"": ""1376.4262"", ""method"": ""warp_h2d_d2h"", ""repetitions"": ""20"", ""scale"": ""1"", ""scope"": ""host_e2e"", ""seq"": ""512"", ""timestamp_utc"": ""2026-09-05T18:55:24Z"", ""warp_block_threads"": ""128""}"
cli_default128,naive_global,fp16,"[1, 257, 1, 256]",257,256,0.0625,kernel_only,,28.050772349,0.028050772349,"{""batch"": ""1"", ""compute_capability"": ""80"", ""cuda_driver"": ""12040"", ""cuda_runtime"": ""12040"", ""dense_oracle_rows"": ""32"", ""dim"": ""256"", ""dtype"": ""fp16"", ""gpu"": ""NVIDIA A100-SXM4-40GB"", ""heads"": ""1"", ""input_elements_per_second"": ""2345461265.07"", ""max_abs_error"": ""0"", ""mean_ms"": ""0.028050772349"", ""mean_us"": ""28.050772349"", ""method"": ""naive_global"", ""repetitions"": ""300"", ""scale"": ""0.0625"", ""scope"": ""kernel_only"", ""seq"": ""257"", ""timestamp_utc"": ""2026-09-05T18:55:25Z"", ""warp_block_threads"": """"}"
cli_default128,warp,fp16,"[1, 257, 1, 256]",257,256,0.0625,kernel_only,128,3.02421331406,0.00302421331406,"{""batch"": ""1"", ""compute_capability"": ""80"", ""cuda_driver"": ""12040"", ""cuda_runtime"": ""12040"", ""dense_oracle_rows"": ""32"", ""dim"": ""256"", ""dtype"": ""fp16"", ""gpu"": ""NVIDIA A100-SXM4-40GB"", ""heads"": ""1"", ""input_elements_per_second"": ""21755079145.4"", ""max_abs_error"": ""0"", ""mean_ms"": ""0.00302421331406"", ""mean_us"": ""3.02421331406"", ""method"": ""warp"", ""repetitions"": ""300"", ""scale"": ""0.0625"", ""scope"": ""kernel_only"", ""seq"": ""257"", ""timestamp_utc"": ""2026-09-05T18:55:25Z"", ""warp_block_threads"": ""128""}"
cli_default128,tensor_core,fp16,"[1, 257, 1, 256]",257,256,0.0625,kernel_only,,13.5543473562,0.0135543473562,"{""batch"": ""1"", ""compute_capability"": ""80"", ""cuda_driver"": ""12040"", ""cuda_runtime"": ""12040"", ""dense_oracle_rows"": ""32"", ""dim"": ""256"", ""dtype"": ""fp16"", ""gpu"": ""NVIDIA A100-SXM4-40GB"", ""heads"": ""1"", ""input_elements_per_second"": ""4853940825.86"", ""max_abs_error"": ""0"", ""mean_ms"": ""0.0135543473562"", ""mean_us"": ""13.5543473562"", ""method"": ""tensor_core"", ""repetitions"": ""300"", ""scale"": ""0.0625"", ""scope"": ""kernel_only"", ""seq"": ""257"", ""timestamp_utc"": ""2026-09-05T18:55:25Z"", ""warp_block_threads"": """"}"
cli_default128,split_int4,fp16,"[1, 257, 1, 256]",257,256,0.0625,kernel_only,128,6.7822933197,0.0067822933197,"{""batch"": ""1"", ""compute_capability"": ""80"", ""cuda_driver"": ""12040"", ""cuda_runtime"": ""12040"", ""dense_oracle_rows"": ""32"", ""dim"": ""256"", ""dtype"": ""fp16"", ""gpu"": ""NVIDIA A100-SXM4-40GB"", ""heads"": ""1"", ""input_elements_per_second"": ""9700553617.89"", ""max_abs_error"": ""0"", ""mean_ms"": ""0.0067822933197"", ""mean_us"": ""6.7822933197"", ""method"": ""split_int4"", ""repetitions"": ""300"", ""scale"": ""0.0625"", ""scope"": ""kernel_only"", ""seq"": ""257"", ""timestamp_utc"": ""2026-09-05T18:55:25Z"", ""warp_block_threads"": ""128""}"
cli_default128,fused_int4,fp16,"[1, 257, 1, 256]",257,256,0.0625,kernel_only,128,3.94239981969,0.00394239981969,"{""batch"": ""1"", ""compute_capability"": ""80"", ""cuda_driver"": ""12040"", ""cuda_runtime"": ""12040"", ""dense_oracle_rows"": ""32"", ""dim"": ""256"", ""dtype"": ""fp16"", ""gpu"": ""NVIDIA A100-SXM4-40GB"", ""heads"": ""1"", ""input_elements_per_second"": ""16688312451.6"", ""max_abs_error"": ""0"", ""mean_ms"": ""0.00394239981969"", ""mean_us"": ""3.94239981969"", ""method"": ""fused_int4"", ""repetitions"": ""300"", ""scale"": ""0.0625"", ""scope"": ""kernel_only"", ""seq"": ""257"", ""timestamp_utc"": ""2026-09-05T18:55:25Z"", ""warp_block_threads"": ""128""}"
cli_default128,cpu_fp32_fwht,fp16,"[1, 257, 1, 256]",257,256,0.0625,cpu_compute,,162.59135,0.16259135,"{""batch"": ""1"", ""compute_capability"": ""80"", ""cuda_driver"": ""12040"", ""cuda_runtime"": ""12040"", ""dense_oracle_rows"": ""32"", ""dim"": ""256"", ""dtype"": ""fp16"", ""gpu"": ""NVIDIA A100-SXM4-40GB"", ""heads"": ""1"", ""input_elements_per_second"": ""404646372.639"", ""max_abs_error"": ""0"", ""mean_ms"": ""0.16259135"", ""mean_us"": ""162.59135"", ""method"": ""cpu_fp32_fwht"", ""repetitions"": ""20"", ""scale"": ""0.0625"", ""scope"": ""cpu_compute"", ""seq"": ""257"", ""timestamp_utc"": ""2026-09-05T18:55:25Z"", ""warp_block_threads"": """"}"
cli_default128,warp_h2d_d2h,fp16,"[1, 257, 1, 256]",257,256,0.0625,host_e2e,128,56.0277,0.0560277,"{""batch"": ""1"", ""compute_capability"": ""80"", ""cuda_driver"": ""12040"", ""cuda_runtime"": ""12040"", ""dense_oracle_rows"": ""32"", ""dim"": ""256"", ""dtype"": ""fp16"", ""gpu"": ""NVIDIA A100-SXM4-40GB"", ""heads"": ""1"", ""input_elements_per_second"": ""1174276295.48"", ""max_abs_error"": ""0"", ""mean_ms"": ""0.0560277"", ""mean_us"": ""56.0277"", ""method"": ""warp_h2d_d2h"", ""repetitions"": ""20"", ""scale"": ""0.0625"", ""scope"": ""host_e2e"", ""seq"": ""257"", ""timestamp_utc"": ""2026-09-05T18:55:25Z"", ""warp_block_threads"": ""128""}"
cli_default128,naive_global,bf16,"[1, 1, 1, 1]",1,1,1.0,kernel_only,,5.10975996653,0.00510975996653,"{""batch"": ""1"", ""compute_capability"": ""80"", ""cuda_driver"": ""12040"", ""cuda_runtime"": ""12040"", ""dense_oracle_rows"": ""1"", ""dim"": ""1"", ""dtype"": ""bf16"", ""gpu"": ""NVIDIA A100-SXM4-40GB"", ""heads"": ""1"", ""input_elements_per_second"": ""195703.909097"", ""max_abs_error"": ""0"", ""mean_ms"": ""0.00510975996653"", ""mean_us"": ""5.10975996653"", ""method"": ""naive_global"", ""repetitions"": ""300"", ""scale"": ""1"", ""scope"": ""kernel_only"", ""seq"": ""1"", ""timestamp_utc"": ""2026-09-05T18:55:25Z"", ""warp_block_threads"": """"}"
cli_default128,warp,bf16,"[1, 1, 1, 1]",1,1,1.0,kernel_only,128,2.69312004248,0.00269312004248,"{""batch"": ""1"", ""compute_capability"": ""80"", ""cuda_driver"": ""12040"", ""cuda_runtime"": ""12040"", ""dense_oracle_rows"": ""1"", ""dim"": ""1"", ""dtype"": ""bf16"", ""gpu"": ""NVIDIA A100-SXM4-40GB"", ""heads"": ""1"", ""input_elements_per_second"": ""371316.534067"", ""max_abs_error"": ""0"", ""mean_ms"": ""0.00269312004248"", ""mean_us"": ""2.69312004248"", ""method"": ""warp"", ""repetitions"": ""300"", ""scale"": ""1"", ""scope"": ""kernel_only"", ""seq"": ""1"", ""timestamp_utc"": ""2026-09-05T18:55:25Z"", ""warp_block_threads"": ""128""}"
cli_default128,split_int4,bf16,"[1, 1, 1, 1]",1,1,1.0,kernel_only,128,5.63541332881,0.00563541332881,"{""batch"": ""1"", ""compute_capability"": ""80"", ""cuda_driver"": ""12040"", ""cuda_runtime"": ""12040"", ""dense_oracle_rows"": ""1"", ""dim"": ""1"", ""dtype"": ""bf16"", ""gpu"": ""NVIDIA A100-SXM4-40GB"", ""heads"": ""1"", ""input_elements_per_second"": ""177449.27331"", ""max_abs_error"": ""0"", ""mean_ms"": ""0.00563541332881"", ""mean_us"": ""5.63541332881"", ""method"": ""split_int4"", ""repetitions"": ""300"", ""scale"": ""1"", ""scope"": ""kernel_only"", ""seq"": ""1"", ""timestamp_utc"": ""2026-09-05T18:55:25Z"", ""warp_block_threads"": ""128""}"
cli_default128,fused_int4,bf16,"[1, 1, 1, 1]",1,1,1.0,kernel_only,128,3.06517342726,0.00306517342726,"{""batch"": ""1"", ""compute_capability"": ""80"", ""cuda_driver"": ""12040"", ""cuda_runtime"": ""12040"", ""dense_oracle_rows"": ""1"", ""dim"": ""1"", ""dtype"": ""bf16"", ""gpu"": ""NVIDIA A100-SXM4-40GB"", ""heads"": ""1"", ""input_elements_per_second"": ""326245.814056"", ""max_abs_error"": ""0"", ""mean_ms"": ""0.00306517342726"", ""mean_us"": ""3.06517342726"", ""method"": ""fused_int4"", ""repetitions"": ""300"", ""scale"": ""1"", ""scope"": ""kernel_only"", ""seq"": ""1"", ""timestamp_utc"": ""2026-09-05T18:55:25Z"", ""warp_block_threads"": ""128""}"
cli_default128,cpu_fp32_fwht,bf16,"[1, 1, 1, 1]",1,1,1.0,cpu_compute,,0.02465,2.465e-05,"{""batch"": ""1"", ""compute_capability"": ""80"", ""cuda_driver"": ""12040"", ""cuda_runtime"": ""12040"", ""dense_oracle_rows"": ""1"", ""dim"": ""1"", ""dtype"": ""bf16"", ""gpu"": ""NVIDIA A100-SXM4-40GB"", ""heads"": ""1"", ""input_elements_per_second"": ""40567951.3185"", ""max_abs_error"": ""0"", ""mean_ms"": ""2.465e-05"", ""mean_us"": ""0.02465"", ""method"": ""cpu_fp32_fwht"", ""repetitions"": ""20"", ""scale"": ""1"", ""scope"": ""cpu_compute"", ""seq"": ""1"", ""timestamp_utc"": ""2026-09-05T18:55:25Z"", ""warp_block_threads"": """"}"
cli_default128,warp_h2d_d2h,bf16,"[1, 1, 1, 1]",1,1,1.0,host_e2e,128,20.3228,0.0203228,"{""batch"": ""1"", ""compute_capability"": ""80"", ""cuda_driver"": ""12040"", ""cuda_runtime"": ""12040"", ""dense_oracle_rows"": ""1"", ""dim"": ""1"", ""dtype"": ""bf16"", ""gpu"": ""NVIDIA A100-SXM4-40GB"", ""heads"": ""1"", ""input_elements_per_second"": ""49205.8180959"", ""max_abs_error"": ""0"", ""mean_ms"": ""0.0203228"", ""mean_us"": ""20.3228"", ""method"": ""warp_h2d_d2h"", ""repetitions"": ""20"", ""scale"": ""1"", ""scope"": ""host_e2e"", ""seq"": ""1"", ""timestamp_utc"": ""2026-09-05T18:55:25Z"", ""warp_block_threads"": ""128""}"
cli_default128,naive_global,bf16,"[1, 1, 1, 16]",1,16,1.0,kernel_only,,15.4521592458,0.0154521592458,"{""batch"": ""1"", ""compute_capability"": ""80"", ""cuda_driver"": ""12040"", ""cuda_runtime"": ""12040"", ""dense_oracle_rows"": ""1"", ""dim"": ""16"", ""dtype"": ""bf16"", ""gpu"": ""NVIDIA A100-SXM4-40GB"", ""heads"": ""1"", ""input_elements_per_second"": ""1035453.99355"", ""max_abs_error"": ""0"", ""mean_ms"": ""0.0154521592458"", ""mean_us"": ""15.4521592458"", ""method"": ""naive_global"", ""repetitions"": ""300"", ""scale"": ""1"", ""scope"": ""kernel_only"", ""seq"": ""1"", ""timestamp_utc"": ""2026-09-05T18:55:25Z"", ""warp_block_threads"": """"}"
cli_default128,warp,bf16,"[1, 1, 1, 16]",1,16,1.0,kernel_only,128,2.71701335907,0.00271701335907,"{""batch"": ""1"", ""compute_capability"": ""80"", ""cuda_driver"": ""12040"", ""cuda_runtime"": ""12040"", ""dense_oracle_rows"": ""1"", ""dim"": ""16"", ""dtype"": ""bf16"", ""gpu"": ""NVIDIA A100-SXM4-40GB"", ""heads"": ""1"", ""input_elements_per_second"": ""5888819.0397"", ""max_abs_error"": ""0"", ""mean_ms"": ""0.00271701335907"", ""mean_us"": ""2.71701335907"", ""method"": ""warp"", ""repetitions"": ""300"", ""scale"": ""1"", ""scope"": ""kernel_only"", ""seq"": ""1"", ""timestamp_utc"": ""2026-09-05T18:55:25Z"", ""warp_block_threads"": ""128""}"
cli_default128,tensor_core,bf16,"[1, 1, 1, 16]",1,16,1.0,kernel_only,,3.19488008817,0.00319488008817,"{""batch"": ""1"", ""compute_capability"": ""80"", ""cuda_driver"": ""12040"", ""cuda_runtime"": ""12040"", ""dense_oracle_rows"": ""1"", ""dim"": ""16"", ""dtype"": ""bf16"", ""gpu"": ""NVIDIA A100-SXM4-40GB"", ""heads"": ""1"", ""input_elements_per_second"": ""5008012.6823"", ""max_abs_error"": ""0"", ""mean_ms"": ""0.00319488008817"", ""mean_us"": ""3.19488008817"", ""method"": ""tensor_core"", ""repetitions"": ""300"", ""scale"": ""1"", ""scope"": ""kernel_only"", ""seq"": ""1"", ""timestamp_utc"": ""2026-09-05T18:55:25Z"", ""warp_block_threads"": """"}"
cli_default128,split_int4,bf16,"[1, 1, 1, 16]",1,16,1.0,kernel_only,128,5.72757323583,0.00572757323583,"{""batch"": ""1"", ""compute_capability"": ""80"", ""cuda_driver"": ""12040"", ""cuda_runtime"": ""12040"", ""dense_oracle_rows"": ""1"", ""dim"": ""16"", ""dtype"": ""bf16"", ""gpu"": ""NVIDIA A100-SXM4-40GB"", ""heads"": ""1"", ""input_elements_per_second"": ""2793504.21919"", ""max_abs_error"": ""0"", ""mean_ms"": ""0.00572757323583"", ""mean_us"": ""5.72757323583"", ""method"": ""split_int4"", ""repetitions"": ""300"", ""scale"": ""1"", ""scope"": ""kernel_only"", ""seq"": ""1"", ""timestamp_utc"": ""2026-09-05T18:55:25Z"", ""warp_block_threads"": ""128""}"
cli_default128,fused_int4,bf16,"[1, 1, 1, 16]",1,16,1.0,kernel_only,128,3.1846400102,0.0031846400102,"{""batch"": ""1"", ""compute_capability"": ""80"", ""cuda_driver"": ""12040"", ""cuda_runtime"": ""12040"", ""dense_oracle_rows"": ""1"", ""dim"": ""16"", ""dtype"": ""bf16"", ""gpu"": ""NVIDIA A100-SXM4-40GB"", ""heads"": ""1"", ""input_elements_per_second"": ""5024115.73954"", ""max_abs_error"": ""0"", ""mean_ms"": ""0.0031846400102"", ""mean_us"": ""3.1846400102"", ""method"": ""fused_int4"", ""repetitions"": ""300"", ""scale"": ""1"", ""scope"": ""kernel_only"", ""seq"": ""1"", ""timestamp_utc"": ""2026-09-05T18:55:25Z"", ""warp_block_threads"": ""128""}"
cli_default128,cpu_fp32_fwht,bf16,"[1, 1, 1, 16]",1,16,1.0,cpu_compute,,0.0699,6.99e-05,"{""batch"": ""1"", ""compute_capability"": ""80"", ""cuda_driver"": ""12040"", ""cuda_runtime"": ""12040"", ""dense_oracle_rows"": ""1"", ""dim"": ""16"", ""dtype"": ""bf16"", ""gpu"": ""NVIDIA A100-SXM4-40GB"", ""heads"": ""1"", ""input_elements_per_second"": ""228898426.323"", ""max_abs_error"": ""0"", ""mean_ms"": ""6.99e-05"", ""mean_us"": ""0.0699"", ""method"": ""cpu_fp32_fwht"", ""repetitions"": ""20"", ""scale"": ""1"", ""scope"": ""cpu_compute"", ""seq"": ""1"", ""timestamp_utc"": ""2026-09-05T18:55:25Z"", ""warp_block_threads"": """"}"
cli_default128,warp_h2d_d2h,bf16,"[1, 1, 1, 16]",1,16,1.0,host_e2e,128,21.67245,0.02167245,"{""batch"": ""1"", ""compute_capability"": ""80"", ""cuda_driver"": ""12040"", ""cuda_runtime"": ""12040"", ""dense_oracle_rows"": ""1"", ""dim"": ""16"", ""dtype"": ""bf16"", ""gpu"": ""NVIDIA A100-SXM4-40GB"", ""heads"": ""1"", ""input_elements_per_second"": ""738264.478635"", ""max_abs_error"": ""0"", ""mean_ms"": ""0.02167245"", ""mean_us"": ""21.67245"", ""method"": ""warp_h2d_d2h"", ""repetitions"": ""20"", ""scale"": ""1"", ""scope"": ""host_e2e"", ""seq"": ""1"", ""timestamp_utc"": ""2026-09-05T18:55:25Z"", ""warp_block_threads"": ""128""}"
cli_default128,naive_global,bf16,"[1, 1, 17, 256]",17,256,1.0,kernel_only,,26.7229874929,0.0267229874929,"{""batch"": ""1"", ""compute_capability"": ""80"", ""cuda_driver"": ""12040"", ""cuda_runtime"": ""12040"", ""dense_oracle_rows"": ""17"", ""dim"": ""256"", ""dtype"": ""bf16"", ""gpu"": ""NVIDIA A100-SXM4-40GB"", ""heads"": ""17"", ""input_elements_per_second"": ""162856042.991"", ""max_abs_error"": ""0"", ""mean_ms"": ""0.0267229874929"", ""mean_us"": ""26.7229874929"", ""method"": ""naive_global"", ""repetitions"": ""300"", ""scale"": ""1"", ""scope"": ""kernel_only"", ""seq"": ""1"", ""timestamp_utc"": ""2026-09-05T18:55:25Z"", ""warp_block_threads"": """"}"
cli_default128,warp,bf16,"[1, 1, 17, 256]",17,256,1.0,kernel_only,128,2.97301332156,0.00297301332156,"{""batch"": ""1"", ""compute_capability"": ""80"", ""cuda_driver"": ""12040"", ""cuda_runtime"": ""12040"", ""dense_oracle_rows"": ""17"", ""dim"": ""256"", ""dtype"": ""bf16"", ""gpu"": ""NVIDIA A100-SXM4-40GB"", ""heads"": ""17"", ""input_elements_per_second"": ""1463834678.59"", ""max_abs_error"": ""0"", ""mean_ms"": ""0.00297301332156"", ""mean_us"": ""2.97301332156"", ""method"": ""warp"", ""repetitions"": ""300"", ""scale"": ""1"", ""scope"": ""kernel_only"", ""seq"": ""1"", ""timestamp_utc"": ""2026-09-05T18:55:25Z"", ""warp_block_threads"": ""128""}"
cli_default128,tensor_core,bf16,"[1, 1, 17, 256]",17,256,1.0,kernel_only,,13.3290664355,0.0133290664355,"{""batch"": ""1"", ""compute_capability"": ""80"", ""cuda_driver"": ""12040"", ""cuda_runtime"": ""12040"", ""dense_oracle_rows"": ""17"", ""dim"": ""256"", ""dtype"": ""bf16"", ""gpu"": ""NVIDIA A100-SXM4-40GB"", ""heads"": ""17"", ""input_elements_per_second"": ""326504487.097"", ""max_abs_error"": ""0"", ""mean_ms"": ""0.0133290664355"", ""mean_us"": ""13.3290664355"", ""method"": ""tensor_core"", ""repetitions"": ""300"", ""scale"": ""1"", ""scope"": ""kernel_only"", ""seq"": ""1"", ""timestamp_utc"": ""2026-09-05T18:55:25Z"", ""warp_block_threads"": """"}"
cli_default128,split_int4,bf16,"[1, 1, 17, 256]",17,256,1.0,kernel_only,128,6.65599981944,0.00665599981944,"{""batch"": ""1"", ""compute_capability"": ""80"", ""cuda_driver"": ""12040"", ""cuda_runtime"": ""12040"", ""dense_oracle_rows"": ""17"", ""dim"": ""256"", ""dtype"": ""bf16"", ""gpu"": ""NVIDIA A100-SXM4-40GB"", ""heads"": ""17"", ""input_elements_per_second"": ""653846171.584"", ""max_abs_error"": ""0"", ""mean_ms"": ""0.00665599981944"", ""mean_us"": ""6.65599981944"", ""method"": ""split_int4"", ""repetitions"": ""300"", ""scale"": ""1"", ""scope"": ""kernel_only"", ""seq"": ""1"", ""timestamp_utc"": ""2026-09-05T18:55:25Z"", ""warp_block_threads"": ""128""}"
cli_default128,fused_int4,bf16,"[1, 1, 17, 256]",17,256,1.0,kernel_only,128,3.99018685023,0.00399018685023,"{""batch"": ""1"", ""compute_capability"": ""80"", ""cuda_driver"": ""12040"", ""cuda_runtime"": ""12040"", ""dense_oracle_rows"": ""17"", ""dim"": ""256"", ""dtype"": ""bf16"", ""gpu"": ""NVIDIA A100-SXM4-40GB"", ""heads"": ""17"", ""input_elements_per_second"": ""1090675741.1"", ""max_abs_error"": ""0"", ""mean_ms"": ""0.00399018685023"", ""mean_us"": ""3.99018685023"", ""method"": ""fused_int4"", ""repetitions"": ""300"", ""scale"": ""1"", ""scope"": ""kernel_only"", ""seq"": ""1"", ""timestamp_utc"": ""2026-09-05T18:55:25Z"", ""warp_block_threads"": ""128""}"
cli_default128,cpu_fp32_fwht,bf16,"[1, 1, 17, 256]",17,256,1.0,cpu_compute,,10.9173,0.0109173,"{""batch"": ""1"", ""compute_capability"": ""80"", ""cuda_driver"": ""12040"", ""cuda_runtime"": ""12040"", ""dense_oracle_rows"": ""17"", ""dim"": ""256"", ""dtype"": ""bf16"", ""gpu"": ""NVIDIA A100-SXM4-40GB"", ""heads"": ""17"", ""input_elements_per_second"": ""398633361.729"", ""max_abs_error"": ""0"", ""mean_ms"": ""0.0109173"", ""mean_us"": ""10.9173"", ""method"": ""cpu_fp32_fwht"", ""repetitions"": ""20"", ""scale"": ""1"", ""scope"": ""cpu_compute"", ""seq"": ""1"", ""timestamp_utc"": ""2026-09-05T18:55:25Z"", ""warp_block_threads"": """"}"
cli_default128,warp_h2d_d2h,bf16,"[1, 1, 17, 256]",17,256,1.0,host_e2e,128,23.96165,0.02396165,"{""batch"": ""1"", ""compute_capability"": ""80"", ""cuda_driver"": ""12040"", ""cuda_runtime"": ""12040"", ""dense_oracle_rows"": ""17"", ""dim"": ""256"", ""dtype"": ""bf16"", ""gpu"": ""NVIDIA A100-SXM4-40GB"", ""heads"": ""17"", ""input_elements_per_second"": ""181623552.635"", ""max_abs_error"": ""0"", ""mean_ms"": ""0.02396165"", ""mean_us"": ""23.96165"", ""method"": ""warp_h2d_d2h"", ""repetitions"": ""20"", ""scale"": ""1"", ""scope"": ""host_e2e"", ""seq"": ""1"", ""timestamp_utc"": ""2026-09-05T18:55:25Z"", ""warp_block_threads"": ""128""}"
cli_default128,naive_global,bf16,"[4, 128, 8, 16]",4096,16,1.0,kernel_only,,16.5205335617,0.0165205335617,"{""batch"": ""4"", ""compute_capability"": ""80"", ""cuda_driver"": ""12040"", ""cuda_runtime"": ""12040"", ""dense_oracle_rows"": ""32"", ""dim"": ""16"", ""dtype"": ""bf16"", ""gpu"": ""NVIDIA A100-SXM4-40GB"", ""heads"": ""8"", ""input_elements_per_second"": ""3966942093.92"", ""max_abs_error"": ""0"", ""mean_ms"": ""0.0165205335617"", ""mean_us"": ""16.5205335617"", ""method"": ""naive_global"", ""repetitions"": ""300"", ""scale"": ""1"", ""scope"": ""kernel_only"", ""seq"": ""128"", ""timestamp_utc"": ""2026-09-05T18:55:26Z"", ""warp_block_threads"": """"}"
cli_default128,warp,bf16,"[4, 128, 8, 16]",4096,16,1.0,kernel_only,128,3.46453348796,0.00346453348796,"{""batch"": ""4"", ""compute_capability"": ""80"", ""cuda_driver"": ""12040"", ""cuda_runtime"": ""12040"", ""dense_oracle_rows"": ""32"", ""dim"": ""16"", ""dtype"": ""bf16"", ""gpu"": ""NVIDIA A100-SXM4-40GB"", ""heads"": ""8"", ""input_elements_per_second"": ""18916255313.4"", ""max_abs_error"": ""0"", ""mean_ms"": ""0.00346453348796"", ""mean_us"": ""3.46453348796"", ""method"": ""warp"", ""repetitions"": ""300"", ""scale"": ""1"", ""scope"": ""kernel_only"", ""seq"": ""128"", ""timestamp_utc"": ""2026-09-05T18:55:26Z"", ""warp_block_threads"": ""128""}"
cli_default128,tensor_core,bf16,"[4, 128, 8, 16]",4096,16,1.0,kernel_only,,3.69663993518,0.00369663993518,"{""batch"": ""4"", ""compute_capability"": ""80"", ""cuda_driver"": ""12040"", ""cuda_runtime"": ""12040"", ""dense_oracle_rows"": ""32"", ""dim"": ""16"", ""dtype"": ""bf16"", ""gpu"": ""NVIDIA A100-SXM4-40GB"", ""heads"": ""8"", ""input_elements_per_second"": ""17728532166.8"", ""max_abs_error"": ""0"", ""mean_ms"": ""0.00369663993518"", ""mean_us"": ""3.69663993518"", ""method"": ""tensor_core"", ""repetitions"": ""300"", ""scale"": ""1"", ""scope"": ""kernel_only"", ""seq"": ""128"", ""timestamp_utc"": ""2026-09-05T18:55:26Z"", ""warp_block_threads"": """"}"
cli_default128,split_int4,bf16,"[4, 128, 8, 16]",4096,16,1.0,kernel_only,128,7.44789361954,0.00744789361954,"{""batch"": ""4"", ""compute_capability"": ""80"", ""cuda_driver"": ""12040"", ""cuda_runtime"": ""12040"", ""dense_oracle_rows"": ""32"", ""dim"": ""16"", ""dtype"": ""bf16"", ""gpu"": ""NVIDIA A100-SXM4-40GB"", ""heads"": ""8"", ""input_elements_per_second"": ""8799266389.64"", ""max_abs_error"": ""0"", ""mean_ms"": ""0.00744789361954"", ""mean_us"": ""7.44789361954"", ""method"": ""split_int4"", ""repetitions"": ""300"", ""scale"": ""1"", ""scope"": ""kernel_only"", ""seq"": ""128"", ""timestamp_utc"": ""2026-09-05T18:55:26Z"", ""warp_block_threads"": ""128""}"
cli_default128,fused_int4,bf16,"[4, 128, 8, 16]",4096,16,1.0,kernel_only,128,4.08576011658,0.00408576011658,"{""batch"": ""4"", ""compute_capability"": ""80"", ""cuda_driver"": ""12040"", ""cuda_runtime"": ""12040"", ""dense_oracle_rows"": ""32"", ""dim"": ""16"", ""dtype"": ""bf16"", ""gpu"": ""NVIDIA A100-SXM4-40GB"", ""heads"": ""8"", ""input_elements_per_second"": ""16040099793"", ""max_abs_error"": ""0"", ""mean_ms"": ""0.00408576011658"", ""mean_us"": ""4.08576011658"", ""method"": ""fused_int4"", ""repetitions"": ""300"", ""scale"": ""1"", ""scope"": ""kernel_only"", ""seq"": ""128"", ""timestamp_utc"": ""2026-09-05T18:55:26Z"", ""warp_block_threads"": ""128""}"
cli_default128,cpu_fp32_fwht,bf16,"[4, 128, 8, 16]",4096,16,1.0,cpu_compute,,149.36925,0.14936925,"{""batch"": ""4"", ""compute_capability"": ""80"", ""cuda_driver"": ""12040"", ""cuda_runtime"": ""12040"", ""dense_oracle_rows"": ""32"", ""dim"": ""16"", ""dtype"": ""bf16"", ""gpu"": ""NVIDIA A100-SXM4-40GB"", ""heads"": ""8"", ""input_elements_per_second"": ""438751617.217"", ""max_abs_error"": ""0"", ""mean_ms"": ""0.14936925"", ""mean_us"": ""149.36925"", ""method"": ""cpu_fp32_fwht"", ""repetitions"": ""20"", ""scale"": ""1"", ""scope"": ""cpu_compute"", ""seq"": ""128"", ""timestamp_utc"": ""2026-09-05T18:55:26Z"", ""warp_block_threads"": """"}"
cli_default128,warp_h2d_d2h,bf16,"[4, 128, 8, 16]",4096,16,1.0,host_e2e,128,55.00335,0.05500335,"{""batch"": ""4"", ""compute_capability"": ""80"", ""cuda_driver"": ""12040"", ""cuda_runtime"": ""12040"", ""dense_oracle_rows"": ""32"", ""dim"": ""16"", ""dtype"": ""bf16"", ""gpu"": ""NVIDIA A100-SXM4-40GB"", ""heads"": ""8"", ""input_elements_per_second"": ""1191491063.73"", ""max_abs_error"": ""0"", ""mean_ms"": ""0.05500335"", ""mean_us"": ""55.00335"", ""method"": ""warp_h2d_d2h"", ""repetitions"": ""20"", ""scale"": ""1"", ""scope"": ""host_e2e"", ""seq"": ""128"", ""timestamp_utc"": ""2026-09-05T18:55:26Z"", ""warp_block_threads"": ""128""}"
cli_default128,naive_global,bf16,"[4, 128, 8, 64]",4096,64,1.0,kernel_only,,26.4806397756,0.0264806397756,"{""batch"": ""4"", ""compute_capability"": ""80"", ""cuda_driver"": ""12040"", ""cuda_runtime"": ""12040"", ""dense_oracle_rows"": ""32"", ""dim"": ""64"", ""dtype"": ""bf16"", ""gpu"": ""NVIDIA A100-SXM4-40GB"", ""heads"": ""8"", ""input_elements_per_second"": ""9899458707.25"", ""max_abs_error"": ""0"", ""mean_ms"": ""0.0264806397756"", ""mean_us"": ""26.4806397756"", ""method"": ""naive_global"", ""repetitions"": ""300"", ""scale"": ""1"", ""scope"": ""kernel_only"", ""seq"": ""128"", ""timestamp_utc"": ""2026-09-05T18:55:26Z"", ""warp_block_threads"": """"}"
cli_default128,warp,bf16,"[4, 128, 8, 64]",4096,64,1.0,kernel_only,128,3.70346665382,0.00370346665382,"{""batch"": ""4"", ""compute_capability"": ""80"", ""cuda_driver"": ""12040"", ""cuda_runtime"": ""12040"", ""dense_oracle_rows"": ""32"", ""dim"": ""64"", ""dtype"": ""bf16"", ""gpu"": ""NVIDIA A100-SXM4-40GB"", ""heads"": ""8"", ""input_elements_per_second"": ""70783410383.7"", ""max_abs_error"": ""0"", ""mean_ms"": ""0.00370346665382"", ""mean_us"": ""3.70346665382"", ""method"": ""warp"", ""repetitions"": ""300"", ""scale"": ""1"", ""scope"": ""kernel_only"", ""seq"": ""128"", ""timestamp_utc"": ""2026-09-05T18:55:26Z"", ""warp_block_threads"": ""128""}"
cli_default128,tensor_core,bf16,"[4, 128, 8, 64]",4096,64,1.0,kernel_only,,7.51616001129,0.00751616001129,"{""batch"": ""4"", ""compute_capability"": ""80"", ""cuda_driver"": ""12040"", ""cuda_runtime"": ""12040"", ""dense_oracle_rows"": ""32"", ""dim"": ""64"", ""dtype"": ""bf16"", ""gpu"": ""NVIDIA A100-SXM4-40GB"", ""heads"": ""8"", ""input_elements_per_second"": ""34877384143.8"", ""max_abs_error"": ""0"", ""mean_ms"": ""0.00751616001129"", ""mean_us"": ""7.51616001129"", ""method"": ""tensor_core"", ""repetitions"": ""300"", ""scale"": ""1"", ""scope"": ""kernel_only"", ""seq"": ""128"", ""timestamp_utc"": ""2026-09-05T18:55:26Z"", ""warp_block_threads"": """"}"
cli_default128,split_int4,bf16,"[4, 128, 8, 64]",4096,64,1.0,kernel_only,128,7.60149319967,0.00760149319967,"{""batch"": ""4"", ""compute_capability"": ""80"", ""cuda_driver"": ""12040"", ""cuda_runtime"": ""12040"", ""dense_oracle_rows"": ""32"", ""dim"": ""64"", ""dtype"": ""bf16"", ""gpu"": ""NVIDIA A100-SXM4-40GB"", ""heads"": ""8"", ""input_elements_per_second"": ""34485856017.3"", ""max_abs_error"": ""0"", ""mean_ms"": ""0.00760149319967"", ""mean_us"": ""7.60149319967"", ""method"": ""split_int4"", ""repetitions"": ""300"", ""scale"": ""1"", ""scope"": ""kernel_only"", ""seq"": ""128"", ""timestamp_utc"": ""2026-09-05T18:55:26Z"", ""warp_block_threads"": ""128""}"
cli_default128,fused_int4,bf16,"[4, 128, 8, 64]",4096,64,1.0,kernel_only,128,4.25642649333,0.00425642649333,"{""batch"": ""4"", ""compute_capability"": ""80"", ""cuda_driver"": ""12040"", ""cuda_runtime"": ""12040"", ""dense_oracle_rows"": ""32"", ""dim"": ""64"", ""dtype"": ""bf16"", ""gpu"": ""NVIDIA A100-SXM4-40GB"", ""heads"": ""8"", ""input_elements_per_second"": ""61587813253.9"", ""max_abs_error"": ""0"", ""mean_ms"": ""0.00425642649333"", ""mean_us"": ""4.25642649333"", ""method"": ""fused_int4"", ""repetitions"": ""300"", ""scale"": ""1"", ""scope"": ""kernel_only"", ""seq"": ""128"", ""timestamp_utc"": ""2026-09-05T18:55:26Z"", ""warp_block_threads"": ""128""}"
cli_default128,cpu_fp32_fwht,bf16,"[4, 128, 8, 64]",4096,64,1.0,cpu_compute,,610.99785,0.61099785,"{""batch"": ""4"", ""compute_capability"": ""80"", ""cuda_driver"": ""12040"", ""cuda_runtime"": ""12040"", ""dense_oracle_rows"": ""32"", ""dim"": ""64"", ""dtype"": ""bf16"", ""gpu"": ""NVIDIA A100-SXM4-40GB"", ""heads"": ""8"", ""input_elements_per_second"": ""429042426.254"", ""max_abs_error"": ""0"", ""mean_ms"": ""0.61099785"", ""mean_us"": ""610.99785"", ""method"": ""cpu_fp32_fwht"", ""repetitions"": ""20"", ""scale"": ""1"", ""scope"": ""cpu_compute"", ""seq"": ""128"", ""timestamp_utc"": ""2026-09-05T18:55:26Z"", ""warp_block_threads"": """"}"
cli_default128,warp_h2d_d2h,bf16,"[4, 128, 8, 64]",4096,64,1.0,host_e2e,128,135.3546,0.1353546,"{""batch"": ""4"", ""compute_capability"": ""80"", ""cuda_driver"": ""12040"", ""cuda_runtime"": ""12040"", ""dense_oracle_rows"": ""32"", ""dim"": ""64"", ""dtype"": ""bf16"", ""gpu"": ""NVIDIA A100-SXM4-40GB"", ""heads"": ""8"", ""input_elements_per_second"": ""1936720288.78"", ""max_abs_error"": ""0"", ""mean_ms"": ""0.1353546"", ""mean_us"": ""135.3546"", ""method"": ""warp_h2d_d2h"", ""repetitions"": ""20"", ""scale"": ""1"", ""scope"": ""host_e2e"", ""seq"": ""128"", ""timestamp_utc"": ""2026-09-05T18:55:26Z"", ""warp_block_threads"": ""128""}"
cli_default128,naive_global,bf16,"[4, 128, 8, 256]",4096,256,1.0,kernel_only,,60.2521578471,0.0602521578471,"{""batch"": ""4"", ""compute_capability"": ""80"", ""cuda_driver"": ""12040"", ""cuda_runtime"": ""12040"", ""dense_oracle_rows"": ""32"", ""dim"": ""256"", ""dtype"": ""bf16"", ""gpu"": ""NVIDIA A100-SXM4-40GB"", ""heads"": ""8"", ""input_elements_per_second"": ""17403127746.2"", ""max_abs_error"": ""0"", ""mean_ms"": ""0.0602521578471"", ""mean_us"": ""60.2521578471"", ""method"": ""naive_global"", ""repetitions"": ""300"", ""scale"": ""1"", ""scope"": ""kernel_only"", ""seq"": ""128"", ""timestamp_utc"": ""2026-09-05T18:55:26Z"", ""warp_block_threads"": """"}"
cli_default128,warp,bf16,"[4, 128, 8, 256]",4096,256,1.0,kernel_only,128,5.04831989606,0.00504831989606,"{""batch"": ""4"", ""compute_capability"": ""80"", ""cuda_driver"": ""12040"", ""cuda_runtime"": ""12040"", ""dense_oracle_rows"": ""32"", ""dim"": ""256"", ""dtype"": ""bf16"", ""gpu"": ""NVIDIA A100-SXM4-40GB"", ""heads"": ""8"", ""input_elements_per_second"": ""207707915027"", ""max_abs_error"": ""0"", ""mean_ms"": ""0.00504831989606"", ""mean_us"": ""5.04831989606"", ""method"": ""warp"", ""repetitions"": ""300"", ""scale"": ""1"", ""scope"": ""kernel_only"", ""seq"": ""128"", ""timestamp_utc"": ""2026-09-05T18:55:26Z"", ""warp_block_threads"": ""128""}"
cli_default128,tensor_core,bf16,"[4, 128, 8, 256]",4096,256,1.0,kernel_only,,52.3707739512,0.0523707739512,"{""batch"": ""4"", ""compute_capability"": ""80"", ""cuda_driver"": ""12040"", ""cuda_runtime"": ""12040"", ""dense_oracle_rows"": ""32"", ""dim"": ""256"", ""dtype"": ""bf16"", ""gpu"": ""NVIDIA A100-SXM4-40GB"", ""heads"": ""8"", ""input_elements_per_second"": ""20022159706.4"", ""max_abs_error"": ""0"", ""mean_ms"": ""0.0523707739512"", ""mean_us"": ""52.3707739512"", ""method"": ""tensor_core"", ""repetitions"": ""300"", ""scale"": ""1"", ""scope"": ""kernel_only"", ""seq"": ""128"", ""timestamp_utc"": ""2026-09-05T18:55:26Z"", ""warp_block_threads"": """"}"
cli_default128,split_int4,bf16,"[4, 128, 8, 256]",4096,256,1.0,kernel_only,128,10.7246931394,0.0107246931394,"{""batch"": ""4"", ""compute_capability"": ""80"", ""cuda_driver"": ""12040"", ""cuda_runtime"": ""12040"", ""dense_oracle_rows"": ""32"", ""dim"": ""256"", ""dtype"": ""bf16"", ""gpu"": ""NVIDIA A100-SXM4-40GB"", ""heads"": ""8"", ""input_elements_per_second"": ""97772121437.1"", ""max_abs_error"": ""0"", ""mean_ms"": ""0.0107246931394"", ""mean_us"": ""10.7246931394"", ""method"": ""split_int4"", ""repetitions"": ""300"", ""scale"": ""1"", ""scope"": ""kernel_only"", ""seq"": ""128"", ""timestamp_utc"": ""2026-09-05T18:55:26Z"", ""warp_block_threads"": ""128""}"
cli_default128,fused_int4,bf16,"[4, 128, 8, 256]",4096,256,1.0,kernel_only,128,7.14410702387,0.00714410702387,"{""batch"": ""4"", ""compute_capability"": ""80"", ""cuda_driver"": ""12040"", ""cuda_runtime"": ""12040"", ""dense_oracle_rows"": ""32"", ""dim"": ""256"", ""dtype"": ""bf16"", ""gpu"": ""NVIDIA A100-SXM4-40GB"", ""heads"": ""8"", ""input_elements_per_second"": ""146774956827"", ""max_abs_error"": ""0"", ""mean_ms"": ""0.00714410702387"", ""mean_us"": ""7.14410702387"", ""method"": ""fused_int4"", ""repetitions"": ""300"", ""scale"": ""1"", ""scope"": ""kernel_only"", ""seq"": ""128"", ""timestamp_utc"": ""2026-09-05T18:55:26Z"", ""warp_block_threads"": ""128""}"
cli_default128,cpu_fp32_fwht,bf16,"[4, 128, 8, 256]",4096,256,1.0,cpu_compute,,2610.52565,2.61052565,"{""batch"": ""4"", ""compute_capability"": ""80"", ""cuda_driver"": ""12040"", ""cuda_runtime"": ""12040"", ""dense_oracle_rows"": ""32"", ""dim"": ""256"", ""dtype"": ""bf16"", ""gpu"": ""NVIDIA A100-SXM4-40GB"", ""heads"": ""8"", ""input_elements_per_second"": ""401672360.507"", ""max_abs_error"": ""0"", ""mean_ms"": ""2.61052565"", ""mean_us"": ""2610.52565"", ""method"": ""cpu_fp32_fwht"", ""repetitions"": ""20"", ""scale"": ""1"", ""scope"": ""cpu_compute"", ""seq"": ""128"", ""timestamp_utc"": ""2026-09-05T18:55:26Z"", ""warp_block_threads"": """"}"
cli_default128,warp_h2d_d2h,bf16,"[4, 128, 8, 256]",4096,256,1.0,host_e2e,128,334.8219,0.3348219,"{""batch"": ""4"", ""compute_capability"": ""80"", ""cuda_driver"": ""12040"", ""cuda_runtime"": ""12040"", ""dense_oracle_rows"": ""32"", ""dim"": ""256"", ""dtype"": ""bf16"", ""gpu"": ""NVIDIA A100-SXM4-40GB"", ""heads"": ""8"", ""input_elements_per_second"": ""3131742577.17"", ""max_abs_error"": ""0"", ""mean_ms"": ""0.3348219"", ""mean_us"": ""334.8219"", ""method"": ""warp_h2d_d2h"", ""repetitions"": ""20"", ""scale"": ""1"", ""scope"": ""host_e2e"", ""seq"": ""128"", ""timestamp_utc"": ""2026-09-05T18:55:26Z"", ""warp_block_threads"": ""128""}"
cli_default128,naive_global,bf16,"[4, 512, 8, 256]",16384,256,1.0,kernel_only,,227.034454346,0.227034454346,"{""batch"": ""4"", ""compute_capability"": ""80"", ""cuda_driver"": ""12040"", ""cuda_runtime"": ""12040"", ""dense_oracle_rows"": ""32"", ""dim"": ""256"", ""dtype"": ""bf16"", ""gpu"": ""NVIDIA A100-SXM4-40GB"", ""heads"": ""8"", ""input_elements_per_second"": ""18474306078.7"", ""max_abs_error"": ""0"", ""mean_ms"": ""0.227034454346"", ""mean_us"": ""227.034454346"", ""method"": ""naive_global"", ""repetitions"": ""300"", ""scale"": ""1"", ""scope"": ""kernel_only"", ""seq"": ""512"", ""timestamp_utc"": ""2026-09-05T18:55:27Z"", ""warp_block_threads"": """"}"
cli_default128,warp,bf16,"[4, 512, 8, 256]",16384,256,1.0,kernel_only,128,10.7758935293,0.0107758935293,"{""batch"": ""4"", ""compute_capability"": ""80"", ""cuda_driver"": ""12040"", ""cuda_runtime"": ""12040"", ""dense_oracle_rows"": ""32"", ""dim"": ""256"", ""dtype"": ""bf16"", ""gpu"": ""NVIDIA A100-SXM4-40GB"", ""heads"": ""8"", ""input_elements_per_second"": ""389230274836"", ""max_abs_error"": ""0"", ""mean_ms"": ""0.0107758935293"", ""mean_us"": ""10.7758935293"", ""method"": ""warp"", ""repetitions"": ""300"", ""scale"": ""1"", ""scope"": ""kernel_only"", ""seq"": ""512"", ""timestamp_utc"": ""2026-09-05T18:55:27Z"", ""warp_block_threads"": ""128""}"
cli_default128,tensor_core,bf16,"[4, 512, 8, 256]",16384,256,1.0,kernel_only,,174.284795125,0.174284795125,"{""batch"": ""4"", ""compute_capability"": ""80"", ""cuda_driver"": ""12040"", ""cuda_runtime"": ""12040"", ""dense_oracle_rows"": ""32"", ""dim"": ""256"", ""dtype"": ""bf16"", ""gpu"": ""NVIDIA A100-SXM4-40GB"", ""heads"": ""8"", ""input_elements_per_second"": ""24065805608.5"", ""max_abs_error"": ""0"", ""mean_ms"": ""0.174284795125"", ""mean_us"": ""174.284795125"", ""method"": ""tensor_core"", ""repetitions"": ""300"", ""scale"": ""1"", ""scope"": ""kernel_only"", ""seq"": ""512"", ""timestamp_utc"": ""2026-09-05T18:55:27Z"", ""warp_block_threads"": """"}"
cli_default128,split_int4,bf16,"[4, 512, 8, 256]",16384,256,1.0,kernel_only,128,22.5484800339,0.0225484800339,"{""batch"": ""4"", ""compute_capability"": ""80"", ""cuda_driver"": ""12040"", ""cuda_runtime"": ""12040"", ""dense_oracle_rows"": ""32"", ""dim"": ""256"", ""dtype"": ""bf16"", ""gpu"": ""NVIDIA A100-SXM4-40GB"", ""heads"": ""8"", ""input_elements_per_second"": ""186012715434"", ""max_abs_error"": ""0"", ""mean_ms"": ""0.0225484800339"", ""mean_us"": ""22.5484800339"", ""method"": ""split_int4"", ""repetitions"": ""300"", ""scale"": ""1"", ""scope"": ""kernel_only"", ""seq"": ""512"", ""timestamp_utc"": ""2026-09-05T18:55:27Z"", ""warp_block_threads"": ""128""}"
cli_default128,fused_int4,bf16,"[4, 512, 8, 256]",16384,256,1.0,kernel_only,128,16.5580797195,0.0165580797195,"{""batch"": ""4"", ""compute_capability"": ""80"", ""cuda_driver"": ""12040"", ""cuda_runtime"": ""12040"", ""dense_oracle_rows"": ""32"", ""dim"": ""256"", ""dtype"": ""bf16"", ""gpu"": ""NVIDIA A100-SXM4-40GB"", ""heads"": ""8"", ""input_elements_per_second"": ""253308600456"", ""max_abs_error"": ""0"", ""mean_ms"": ""0.0165580797195"", ""mean_us"": ""16.5580797195"", ""method"": ""fused_int4"", ""repetitions"": ""300"", ""scale"": ""1"", ""scope"": ""kernel_only"", ""seq"": ""512"", ""timestamp_utc"": ""2026-09-05T18:55:27Z"", ""warp_block_threads"": ""128""}"
cli_default128,cpu_fp32_fwht,bf16,"[4, 512, 8, 256]",16384,256,1.0,cpu_compute,,10542.73415,10.54273415,"{""batch"": ""4"", ""compute_capability"": ""80"", ""cuda_driver"": ""12040"", ""cuda_runtime"": ""12040"", ""dense_oracle_rows"": ""32"", ""dim"": ""256"", ""dtype"": ""bf16"", ""gpu"": ""NVIDIA A100-SXM4-40GB"", ""heads"": ""8"", ""input_elements_per_second"": ""397838353.915"", ""max_abs_error"": ""0"", ""mean_ms"": ""10.54273415"", ""mean_us"": ""10542.73415"", ""method"": ""cpu_fp32_fwht"", ""repetitions"": ""20"", ""scale"": ""1"", ""scope"": ""cpu_compute"", ""seq"": ""512"", ""timestamp_utc"": ""2026-09-05T18:55:27Z"", ""warp_block_threads"": """"}"
cli_default128,warp_h2d_d2h,bf16,"[4, 512, 8, 256]",16384,256,1.0,host_e2e,128,2032.4665,2.0324665,"{""batch"": ""4"", ""compute_capability"": ""80"", ""cuda_driver"": ""12040"", ""cuda_runtime"": ""12040"", ""dense_oracle_rows"": ""32"", ""dim"": ""256"", ""dtype"": ""bf16"", ""gpu"": ""NVIDIA A100-SXM4-40GB"", ""heads"": ""8"", ""input_elements_per_second"": ""2063652217.64"", ""max_abs_error"": ""0"", ""mean_ms"": ""2.0324665"", ""mean_us"": ""2032.4665"", ""method"": ""warp_h2d_d2h"", ""repetitions"": ""20"", ""scale"": ""1"", ""scope"": ""host_e2e"", ""seq"": ""512"", ""timestamp_utc"": ""2026-09-05T18:55:27Z"", ""warp_block_threads"": ""128""}"
cli_default128,naive_global,bf16,"[1, 257, 1, 256]",257,256,0.0625,kernel_only,,27.7947743734,0.0277947743734,"{""batch"": ""1"", ""compute_capability"": ""80"", ""cuda_driver"": ""12040"", ""cuda_runtime"": ""12040"", ""dense_oracle_rows"": ""32"", ""dim"": ""256"", ""dtype"": ""bf16"", ""gpu"": ""NVIDIA A100-SXM4-40GB"", ""heads"": ""1"", ""input_elements_per_second"": ""2367063647.15"", ""max_abs_error"": ""0"", ""mean_ms"": ""0.0277947743734"", ""mean_us"": ""27.7947743734"", ""method"": ""naive_global"", ""repetitions"": ""300"", ""scale"": ""0.0625"", ""scope"": ""kernel_only"", ""seq"": ""257"", ""timestamp_utc"": ""2026-09-05T18:55:28Z"", ""warp_block_threads"": """"}"
cli_default128,warp,bf16,"[1, 257, 1, 256]",257,256,0.0625,kernel_only,128,2.9900799195,0.0029900799195,"{""batch"": ""1"", ""compute_capability"": ""80"", ""cuda_driver"": ""12040"", ""cuda_runtime"": ""12040"", ""dense_oracle_rows"": ""32"", ""dim"": ""256"", ""dtype"": ""bf16"", ""gpu"": ""NVIDIA A100-SXM4-40GB"", ""heads"": ""1"", ""input_elements_per_second"": ""22003425249.9"", ""max_abs_error"": ""0"", ""mean_ms"": ""0.0029900799195"", ""mean_us"": ""2.9900799195"", ""method"": ""warp"", ""repetitions"": ""300"", ""scale"": ""0.0625"", ""scope"": ""kernel_only"", ""seq"": ""257"", ""timestamp_utc"": ""2026-09-05T18:55:28Z"", ""warp_block_threads"": ""128""}"
cli_default128,tensor_core,bf16,"[1, 257, 1, 256]",257,256,0.0625,kernel_only,,14.2438395818,0.0142438395818,"{""batch"": ""1"", ""compute_capability"": ""80"", ""cuda_driver"": ""12040"", ""cuda_runtime"": ""12040"", ""dense_oracle_rows"": ""32"", ""dim"": ""256"", ""dtype"": ""bf16"", ""gpu"": ""NVIDIA A100-SXM4-40GB"", ""heads"": ""1"", ""input_elements_per_second"": ""4618979287.3"", ""max_abs_error"": ""0"", ""mean_ms"": ""0.0142438395818"", ""mean_us"": ""14.2438395818"", ""method"": ""tensor_core"", ""repetitions"": ""300"", ""scale"": ""0.0625"", ""scope"": ""kernel_only"", ""seq"": ""257"", ""timestamp_utc"": ""2026-09-05T18:55:28Z"", ""warp_block_threads"": """"}"
cli_default128,split_int4,bf16,"[1, 257, 1, 256]",257,256,0.0625,kernel_only,128,6.58773342768,0.00658773342768,"{""batch"": ""1"", ""compute_capability"": ""80"", ""cuda_driver"": ""12040"", ""cuda_runtime"": ""12040"", ""dense_oracle_rows"": ""32"", ""dim"": ""256"", ""dtype"": ""bf16"", ""gpu"": ""NVIDIA A100-SXM4-40GB"", ""heads"": ""1"", ""input_elements_per_second"": ""9987046489.09"", ""max_abs_error"": ""0"", ""mean_ms"": ""0.00658773342768"", ""mean_us"": ""6.58773342768"", ""method"": ""split_int4"", ""repetitions"": ""300"", ""scale"": ""0.0625"", ""scope"": ""kernel_only"", ""seq"": ""257"", ""timestamp_utc"": ""2026-09-05T18:55:28Z"", ""warp_block_threads"": ""128""}"
cli_default128,fused_int4,bf16,"[1, 257, 1, 256]",257,256,0.0625,kernel_only,128,3.86730670929,0.00386730670929,"{""batch"": ""1"", ""compute_capability"": ""80"", ""cuda_driver"": ""12040"", ""cuda_runtime"": ""12040"", ""dense_oracle_rows"": ""32"", ""dim"": ""256"", ""dtype"": ""bf16"", ""gpu"": ""NVIDIA A100-SXM4-40GB"", ""heads"": ""1"", ""input_elements_per_second"": ""17012356388"", ""max_abs_error"": ""0"", ""mean_ms"": ""0.00386730670929"", ""mean_us"": ""3.86730670929"", ""method"": ""fused_int4"", ""repetitions"": ""300"", ""scale"": ""0.0625"", ""scope"": ""kernel_only"", ""seq"": ""257"", ""timestamp_utc"": ""2026-09-05T18:55:28Z"", ""warp_block_threads"": ""128""}"
cli_default128,cpu_fp32_fwht,bf16,"[1, 257, 1, 256]",257,256,0.0625,cpu_compute,,169.7406,0.1697406,"{""batch"": ""1"", ""compute_capability"": ""80"", ""cuda_driver"": ""12040"", ""cuda_runtime"": ""12040"", ""dense_oracle_rows"": ""32"", ""dim"": ""256"", ""dtype"": ""bf16"", ""gpu"": ""NVIDIA A100-SXM4-40GB"", ""heads"": ""1"", ""input_elements_per_second"": ""387603201.591"", ""max_abs_error"": ""0"", ""mean_ms"": ""0.1697406"", ""mean_us"": ""169.7406"", ""method"": ""cpu_fp32_fwht"", ""repetitions"": ""20"", ""scale"": ""0.0625"", ""scope"": ""cpu_compute"", ""seq"": ""257"", ""timestamp_utc"": ""2026-09-05T18:55:28Z"", ""warp_block_threads"": """"}"
cli_default128,warp_h2d_d2h,bf16,"[1, 257, 1, 256]",257,256,0.0625,host_e2e,128,58.1945,0.0581945,"{""batch"": ""1"", ""compute_capability"": ""80"", ""cuda_driver"": ""12040"", ""cuda_runtime"": ""12040"", ""dense_oracle_rows"": ""32"", ""dim"": ""256"", ""dtype"": ""bf16"", ""gpu"": ""NVIDIA A100-SXM4-40GB"", ""heads"": ""1"", ""input_elements_per_second"": ""1130553574.65"", ""max_abs_error"": ""0"", ""mean_ms"": ""0.0581945"", ""mean_us"": ""58.1945"", ""method"": ""warp_h2d_d2h"", ""repetitions"": ""20"", ""scale"": ""0.0625"", ""scope"": ""host_e2e"", ""seq"": ""257"", ""timestamp_utc"": ""2026-09-05T18:55:28Z"", ""warp_block_threads"": ""128""}"
