dtype,batch,seq,heads,dim,rows,method,group,order,repeats,kernel_us,logical_io_bytes,logical_GBs,input_working_set_bytes,seed,input_read_only,scale
fp16,1,1,1,64,1,baseline_transform,0,0,100,3.59123080969,256,0.0712847526562,128,2909,true,1
fp16,1,1,1,64,1,optimized_transform,0,1,100,3.6250770092,256,0.0706191894269,128,2909,true,1
fp16,1,1,1,64,1,baseline_split,0,2,100,8.57034564018,420,0.0490061915392,128,2909,true,1
fp16,1,1,1,64,1,optimized_split,0,3,100,7.85830795765,420,0.0534466200947,128,2909,true,1
fp16,1,1,1,64,1,baseline_fused,0,4,100,6.01157665253,164,0.0272806968087,128,2909,true,1
fp16,1,1,1,64,1,optimized_fused,0,5,100,5.29546141624,164,0.0309699168984,128,2909,true,1
fp16,1,1,1,64,1,optimized_transform,1,0,100,3.5925000906,256,0.0712595667485,128,2909,true,1
fp16,1,1,1,64,1,baseline_split,1,1,100,8.51530790329,420,0.0493229375579,128,2909,true,1
fp16,1,1,1,64,1,optimized_split,1,2,100,7.82100021839,420,0.0537015711894,128,2909,true,1
fp16,1,1,1,64,1,baseline_fused,1,3,100,5.99807679653,164,0.0273420974028,128,2909,true,1
fp16,1,1,1,64,1,optimized_fused,1,4,100,5.29330790043,164,0.03098251662,128,2909,true,1
fp16,1,1,1,64,1,baseline_transform,1,5,100,3.51919233799,256,0.0727439637886,128,2909,true,1
fp16,1,1,1,64,1,baseline_split,2,0,100,8.5161536932,420,0.0493180390034,128,2909,true,1
fp16,1,1,1,64,1,optimized_split,2,1,100,7.81926870346,420,0.0537134629757,128,2909,true,1
fp16,1,1,1,64,1,baseline_fused,2,2,100,5.99657714367,164,0.027348935246,128,2909,true,1
fp16,1,1,1,64,1,optimized_fused,2,3,100,5.29392302036,164,0.0309789166501,128,2909,true,1
fp16,1,1,1,64,1,baseline_transform,2,4,100,3.5205000639,256,0.0727169422962,128,2909,true,1
fp16,1,1,1,64,1,optimized_transform,2,5,100,3.58969241381,256,0.0713153023962,128,2909,true,1
fp16,1,1,1,64,1,optimized_split,3,0,100,7.82315373421,420,0.0536867885088,128,2909,true,1
fp16,1,1,1,64,1,baseline_fused,3,1,100,6.00234568119,164,0.0273226516283,128,2909,true,1
fp16,1,1,1,64,1,optimized_fused,3,2,100,5.2951925993,164,0.0309714891243,128,2909,true,1
fp16,1,1,1,64,1,baseline_transform,3,3,100,3.5202690959,256,0.0727217133197,128,2909,true,1
fp16,1,1,1,64,1,optimized_transform,3,4,100,3.58926922083,256,0.0713237108307,128,2909,true,1
fp16,1,1,1,64,1,baseline_split,3,5,100,8.51634562016,420,0.049316927557,128,2909,true,1
fp16,1,1,1,64,1,baseline_fused,4,0,100,5.9942305088,164,0.0273596418688,128,2909,true,1
fp16,1,1,1,64,1,optimized_fused,4,1,100,5.29326915741,164,0.0309827433903,128,2909,true,1
fp16,1,1,1,64,1,baseline_transform,4,2,100,3.51815372705,256,0.072765438881,128,2909,true,1
fp16,1,1,1,64,1,optimized_transform,4,3,100,3.58930766582,256,0.071322946884,128,2909,true,1
fp16,1,1,1,64,1,baseline_split,4,4,100,8.50973069668,420,0.0493552634003,128,2909,true,1
fp16,1,1,1,64,1,optimized_split,4,5,100,7.81649947166,420,0.0537324925976,128,2909,true,1
fp16,1,17,1,64,17,baseline_transform,0,0,100,5.40042340755,4352,0.80586273919,2176,2909,true,1
fp16,1,17,1,64,17,optimized_transform,0,1,100,5.45700013638,4352,0.797507768232,2176,2909,true,1
fp16,1,17,1,64,17,baseline_split,0,2,100,12.2329235077,7140,0.583670779557,2176,2909,true,1
fp16,1,17,1,64,17,optimized_split,0,3,100,11.5437686443,7140,0.618515514299,2176,2909,true,1
fp16,1,17,1,64,17,baseline_fused,0,4,100,7.87734627724,2788,0.353926297243,2176,2909,true,1
fp16,1,17,1,64,17,optimized_fused,0,5,100,7.16357648373,2788,0.389191070457,2176,2909,true,1
fp16,1,17,1,64,17,optimized_transform,1,0,100,5.45165419579,4352,0.798289811442,2176,2909,true,1
fp16,1,17,1,64,17,baseline_split,1,1,100,12.2138464451,7140,0.584582427174,2176,2909,true,1
fp16,1,17,1,64,17,optimized_split,1,2,100,11.5648078918,7140,0.617390281514,2176,2909,true,1
fp16,1,17,1,64,17,baseline_fused,1,3,100,7.86150038242,2788,0.354639682551,2176,2909,true,1
fp16,1,17,1,64,17,optimized_fused,1,4,100,7.16465353966,2788,0.389132563713,2176,2909,true,1
fp16,1,17,1,64,17,baseline_transform,1,5,100,5.37169218063,4352,0.81017300576,2176,2909,true,1
fp16,1,17,1,64,17,baseline_split,2,0,100,12.2269225121,7140,0.583957246229,2176,2909,true,1
fp16,1,17,1,64,17,optimized_split,2,1,100,11.5508460999,7140,0.618136536343,2176,2909,true,1
fp16,1,17,1,64,17,baseline_fused,2,2,100,7.86750018597,2788,0.35436923217,2176,2909,true,1
fp16,1,17,1,64,17,optimized_fused,2,3,100,7.1569609642,2788,0.38955081828,2176,2909,true,1
fp16,1,17,1,64,17,baseline_transform,2,4,100,5.37661552429,4352,0.809431133831,2176,2909,true,1
fp16,1,17,1,64,17,optimized_transform,2,5,100,5.45915365219,4352,0.797193168991,2176,2909,true,1
fp16,1,17,1,64,17,optimized_split,3,0,100,11.5345776081,7140,0.619008362732,2176,2909,true,1
fp16,1,17,1,64,17,baseline_fused,3,1,100,7.85761535168,2788,0.354815026598,2176,2909,true,1
fp16,1,17,1,64,17,optimized_fused,3,2,100,7.15861558914,2788,0.389460778454,2176,2909,true,1
fp16,1,17,1,64,17,baseline_transform,3,3,100,5.37938475609,4352,0.80901445004,2176,2909,true,1
fp16,1,17,1,64,17,optimized_transform,3,4,100,5.4675000906,4352,0.795976209947,2176,2909,true,1
fp16,1,17,1,64,17,baseline_split,3,5,100,12.228461504,7140,0.583883753298,2176,2909,true,1
fp16,1,17,1,64,17,baseline_fused,4,0,100,7.85119235516,2788,0.355105297881,2176,2909,true,1
fp16,1,17,1,64,17,optimized_fused,4,1,100,7.15646147728,2788,0.389578007071,2176,2909,true,1
fp16,1,17,1,64,17,baseline_transform,4,2,100,5.38546144962,4352,0.808101597367,2176,2909,true,1
fp16,1,17,1,64,17,optimized_transform,4,3,100,5.46599984169,4352,0.796194680945,2176,2909,true,1
fp16,1,17,1,64,17,baseline_split,4,4,100,12.2264993191,7140,0.583977458606,2176,2909,true,1
fp16,1,17,1,64,17,optimized_split,4,5,100,11.5236544609,7140,0.619595114052,2176,2909,true,1
fp16,1,257,1,64,257,baseline_transform,0,0,100,5.45784592628,65792,12.0545726077,32896,2909,true,1
fp16,1,257,1,64,257,optimized_transform,0,1,100,5.54269254208,65792,11.8700432147,32896,2909,true,1
fp16,1,257,1,64,257,baseline_split,0,2,100,12.4414229393,107940,8.6758564938,32896,2909,true,1
fp16,1,257,1,64,257,optimized_split,0,3,100,11.7748069763,107940,9.16702925297,32896,2909,true,1
fp16,1,257,1,64,257,baseline_fused,0,4,100,7.98496127129,42148,5.27842259568,32896,2909,true,1
fp16,1,257,1,64,257,optimized_fused,0,5,100,7.29576945305,42148,5.7770465845,32896,2909,true,1
fp16,1,257,1,64,257,optimized_transform,1,0,100,5.53973019123,65792,11.8763906777,32896,2909,true,1
fp16,1,257,1,64,257,baseline_split,1,1,100,12.4337303638,107940,8.68122412513,32896,2909,true,1
fp16,1,257,1,64,257,optimized_split,1,2,100,11.7512309551,107940,9.18542069441,32896,2909,true,1
fp16,1,257,1,64,257,baseline_fused,1,3,100,7.98938453197,42148,5.27550023801,32896,2909,true,1
fp16,1,257,1,64,257,optimized_fused,1,4,100,7.29107677937,42148,5.78076479997,32896,2909,true,1
fp16,1,257,1,64,257,baseline_transform,1,5,100,5.46407699585,65792,12.0408259345,32896,2909,true,1
fp16,1,257,1,64,257,baseline_split,2,0,100,12.4531924725,107940,8.66765692723,32896,2909,true,1
fp16,1,257,1,64,257,optimized_split,2,1,100,11.7460775375,107940,9.18945066173,32896,2909,true,1
fp16,1,257,1,64,257,baseline_fused,2,2,100,7.98984587193,42148,5.2751956265,32896,2909,true,1
fp16,1,257,1,64,257,optimized_fused,2,3,100,7.29384601116,42148,5.778570035,32896,2909,true,1
fp16,1,257,1,64,257,baseline_transform,2,4,100,5.47907710075,65792,12.0078616873,32896,2909,true,1
fp16,1,257,1,64,257,optimized_transform,2,5,100,5.54423093796,65792,11.8667495521,32896,2909,true,1
fp16,1,257,1,64,257,optimized_split,3,0,100,11.7469608784,107940,9.18875963899,32896,2909,true,1
fp16,1,257,1,64,257,baseline_fused,3,1,100,7.98684597015,42148,5.277177018,32896,2909,true,1
fp16,1,257,1,64,257,optimized_fused,3,2,100,7.29638457298,42148,5.77655955198,32896,2909,true,1
fp16,1,257,1,64,257,baseline_transform,3,3,100,5.47161519527,65792,12.0242373873,32896,2909,true,1
fp16,1,257,1,64,257,optimized_transform,3,4,100,5.53265333176,65792,11.8915818604,32896,2909,true,1
fp16,1,257,1,64,257,baseline_split,3,5,100,12.4217307568,107940,8.68961033802,32896,2909,true,1
fp16,1,257,1,64,257,baseline_fused,4,0,100,7.98600018024,42148,5.27773591895,32896,2909,true,1
fp16,1,257,1,64,257,optimized_fused,4,1,100,7.29773044586,42148,5.77549421874,32896,2909,true,1
fp16,1,257,1,64,257,baseline_transform,4,2,100,5.46299993992,65792,12.0431998396,32896,2909,true,1
fp16,1,257,1,64,257,optimized_transform,4,3,100,5.53480744362,65792,11.8869537324,32896,2909,true,1
fp16,1,257,1,64,257,baseline_split,4,4,100,12.4392688274,107940,8.67735889443,32896,2909,true,1
fp16,1,257,1,64,257,optimized_split,4,5,100,11.7777693272,107940,9.16472355687,32896,2909,true,1
fp16,4,64,16,64,4096,baseline_transform,0,0,100,16.1666154861,1048576,64.86057647,524288,2909,true,1
fp16,4,64,16,64,4096,optimized_transform,0,1,100,16.2646913528,1048576,64.4694680798,524288,2909,true,1
fp16,4,64,16,64,4096,baseline_split,0,2,100,38.4904623032,1720320,44.6947086904,524288,2909,true,1
fp16,4,64,16,64,4096,optimized_split,0,3,100,34.5105004311,1720320,49.849175715,524288,2909,true,1
fp16,4,64,16,64,4096,baseline_fused,0,4,100,27.3117685318,671744,24.5954046959,524288,2909,true,1
fp16,4,64,16,64,4096,optimized_fused,0,5,100,21.5820002556,671744,31.1251965548,524288,2909,true,1
fp16,4,64,16,64,4096,optimized_transform,1,0,100,16.263384819,1048576,64.4746472932,524288,2909,true,1
fp16,4,64,16,64,4096,baseline_split,1,1,100,38.5223460197,1720320,44.6577163062,524288,2909,true,1
fp16,4,64,16,64,4096,optimized_split,1,2,100,34.4873452187,1720320,49.8826450425,524288,2909,true,1
fp16,4,64,16,64,4096,baseline_fused,1,3,100,27.2613859177,671744,24.6408602273,524288,2909,true,1
fp16,4,64,16,64,4096,optimized_fused,1,4,100,21.6162323952,671744,31.0759057231,524288,2909,true,1
fp16,4,64,16,64,4096,baseline_transform,1,5,100,16.1614620686,1048576,64.8812586109,524288,2909,true,1
fp16,4,64,16,64,4096,baseline_split,2,0,100,38.5412311554,1720320,44.6358341036,524288,2909,true,1
fp16,4,64,16,64,4096,optimized_split,2,1,100,34.5021152496,1720320,49.8612907514,524288,2909,true,1
fp16,4,64,16,64,4096,baseline_fused,2,2,100,27.2982692719,671744,24.607567363,524288,2909,true,1
fp16,4,64,16,64,4096,optimized_fused,2,3,100,21.5910005569,671744,31.1122218828,524288,2909,true,1
fp16,4,64,16,64,4096,baseline_transform,2,4,100,16.1713087559,1048576,64.8417525031,524288,2909,true,1
fp16,4,64,16,64,4096,optimized_transform,2,5,100,16.2689995766,1048576,64.4523958013,524288,2909,true,1
fp16,4,64,16,64,4096,optimized_split,3,0,100,34.4991540909,1720320,49.8655704852,524288,2909,true,1
fp16,4,64,16,64,4096,baseline_fused,3,1,100,27.2882318497,671744,24.6166187571,524288,2909,true,1
fp16,4,64,16,64,4096,optimized_fused,3,2,100,21.524348259,671744,31.2085639908,524288,2909,true,1
fp16,4,64,16,64,4096,baseline_transform,3,3,100,16.1682701111,1048576,64.8539387823,524288,2909,true,1
fp16,4,64,16,64,4096,optimized_transform,3,4,100,16.2653470039,1048576,64.4668693355,524288,2909,true,1
fp16,4,64,16,64,4096,baseline_split,3,5,100,38.4899997711,1720320,44.6952457841,524288,2909,true,1
fp16,4,64,16,64,4096,baseline_fused,4,0,100,27.2850394249,671744,24.6194989694,524288,2909,true,1
fp16,4,64,16,64,4096,optimized_fused,4,1,100,21.5871167183,671744,31.1178194275,524288,2909,true,1
fp16,4,64,16,64,4096,baseline_transform,4,2,100,16.1729991436,1048576,64.8349752999,524288,2909,true,1
fp16,4,64,16,64,4096,optimized_transform,4,3,100,16.2683463097,1048576,64.4549839326,524288,2909,true,1
fp16,4,64,16,64,4096,baseline_split,4,4,100,38.4974980354,1720320,44.6865403673,524288,2909,true,1
fp16,4,64,16,64,4096,optimized_split,4,5,100,34.4339990616,1720320,49.9599246931,524288,2909,true,1
fp16,16,64,16,64,16384,baseline_transform,0,0,100,57.1199989319,4194304,73.4296932498,2097152,2909,true,1
fp16,16,64,16,64,16384,optimized_transform,0,1,100,57.2161912918,4194304,73.306242609,2097152,2909,true,1
fp16,16,64,16,64,16384,baseline_split,0,2,100,127.31803894,6881280,54.0479578327,2097152,2909,true,1
fp16,16,64,16,64,16384,optimized_split,0,3,100,116.425304413,6881280,59.1046768974,2097152,2909,true,1
fp16,16,64,16,64,16384,baseline_fused,0,4,100,88.7854290009,2686976,30.2637046443,2097152,2909,true,1
fp16,16,64,16,64,16384,optimized_fused,0,5,100,67.1089601517,2686976,40.0390051333,2097152,2909,true,1
fp16,16,64,16,64,16384,optimized_transform,1,0,100,57.2211551666,4194304,73.2998833698,2097152,2909,true,1
fp16,16,64,16,64,16384,baseline_split,1,1,100,127.548847198,6881280,53.9501544008,2097152,2909,true,1
fp16,16,64,16,64,16384,optimized_split,1,2,100,116.653957367,6881280,58.9888260572,2097152,2909,true,1
fp16,16,64,16,64,16384,baseline_fused,1,3,100,88.9086151123,2686976,30.2217731837,2097152,2909,true,1
fp16,16,64,16,64,16384,optimized_fused,1,4,100,67.1920776367,2686976,39.9894763565,2097152,2909,true,1
fp16,16,64,16,64,16384,baseline_transform,1,5,100,57.1131515503,4194304,73.4384968462,2097152,2909,true,1
fp16,16,64,16,64,16384,baseline_split,2,0,100,127.56108284,6881280,53.9449795094,2097152,2909,true,1
fp16,16,64,16,64,16384,optimized_split,2,1,100,116.651344299,6881280,58.9901474461,2097152,2909,true,1
fp16,16,64,16,64,16384,baseline_fused,2,2,100,88.901348114,2686976,30.2242435801,2097152,2909,true,1
fp16,16,64,16,64,16384,optimized_fused,2,3,100,67.1618461609,2686976,40.0074767683,2097152,2909,true,1
fp16,16,64,16,64,16384,baseline_transform,2,4,100,57.1221542358,4194304,73.4269226382,2097152,2909,true,1
fp16,16,64,16,64,16384,optimized_transform,2,5,100,57.2189998627,4194304,73.3026444025,2097152,2909,true,1
fp16,16,64,16,64,16384,optimized_split,3,0,100,116.657152176,6881280,58.9872105709,2097152,2909,true,1
fp16,16,64,16,64,16384,baseline_fused,3,1,100,88.9165401459,2686976,30.2190795502,2097152,2909,true,1
fp16,16,64,16,64,16384,optimized_fused,3,2,100,67.1863079071,2686976,39.9929105156,2097152,2909,true,1
fp16,16,64,16,64,16384,baseline_transform,3,3,100,57.1189212799,4194304,73.4310786341,2097152,2909,true,1
fp16,16,64,16,64,16384,optimized_transform,3,4,100,58.2175731659,4194304,72.045325353,2097152,2909,true,1
fp16,16,64,16,64,16384,baseline_split,3,5,100,127.528495789,6881280,53.9587639409,2097152,2909,true,1
fp16,16,64,16,64,16384,baseline_fused,4,0,100,88.9264202118,2686976,30.2157220947,2097152,2909,true,1
fp16,16,64,16,64,16384,optimized_fused,4,1,100,67.1862697601,2686976,39.9929332227,2097152,2909,true,1
fp16,16,64,16,64,16384,baseline_transform,4,2,100,57.1140003204,4194304,73.437405478,2097152,2909,true,1
fp16,16,64,16,64,16384,optimized_transform,4,3,100,57.2189998627,4194304,73.3026444025,2097152,2909,true,1
fp16,16,64,16,64,16384,baseline_split,4,4,100,127.556762695,6881280,53.9468065401,2097152,2909,true,1
fp16,16,64,16,64,16384,optimized_split,4,5,100,116.693954468,6881280,58.9686075117,2097152,2909,true,1
fp16,1,1,1,128,1,baseline_transform,0,0,100,3.96623075008,512,0.129089816569,256,2909,true,1
fp16,1,1,1,128,1,optimized_transform,0,1,100,4.06049996614,512,0.12609284676,256,2909,true,1
fp16,1,1,1,128,1,baseline_split,0,2,100,10.815653801,836,0.0772953734822,256,2909,true,1
fp16,1,1,1,128,1,optimized_split,0,3,100,8.56780827045,836,0.0975745457427,256,2909,true,1
fp16,1,1,1,128,1,baseline_fused,0,4,100,8.33288490772,324,0.0388820922871,256,2909,true,1
fp16,1,1,1,128,1,optimized_fused,0,5,100,5.76107680798,324,0.0562394862626,256,2909,true,1
fp16,1,1,1,128,1,optimized_transform,1,0,100,4.05084609985,512,0.126393347804,256,2909,true,1
fp16,1,1,1,128,1,baseline_split,1,1,100,10.7961153984,836,0.0774352597346,256,2909,true,1
fp16,1,1,1,128,1,optimized_split,1,2,100,8.55411589146,836,0.0977307311016,256,2909,true,1
fp16,1,1,1,128,1,baseline_fused,1,3,100,8.33530783653,324,0.0388707899401,256,2909,true,1
fp16,1,1,1,128,1,optimized_fused,1,4,100,5.76130747795,324,0.0562372345583,256,2909,true,1
fp16,1,1,1,128,1,baseline_transform,1,5,100,3.95138472319,512,0.129574829046,256,2909,true,1
fp16,1,1,1,128,1,baseline_split,2,0,100,10.7922697067,836,0.0774628528306,256,2909,true,1
fp16,1,1,1,128,1,optimized_split,2,1,100,8.55469226837,836,0.0977241464419,256,2909,true,1
fp16,1,1,1,128,1,baseline_fused,2,2,100,8.33592295647,324,0.0388679216077,256,2909,true,1
fp16,1,1,1,128,1,optimized_fused,2,3,100,5.76253831387,324,0.0562252226975,256,2909,true,1
fp16,1,1,1,128,1,baseline_transform,2,4,100,3.95503848791,512,0.129455124537,256,2909,true,1
fp16,1,1,1,128,1,optimized_transform,2,5,100,4.0504232049,512,0.12640654423,256,2909,true,1
fp16,1,1,1,128,1,optimized_split,3,0,100,8.55150043964,836,0.0977606217646,256,2909,true,1
fp16,1,1,1,128,1,baseline_fused,3,1,100,8.33526909351,324,0.0388709706148,256,2909,true,1
fp16,1,1,1,128,1,optimized_fused,3,2,100,5.76280713081,324,0.0562225999665,256,2909,true,1
fp16,1,1,1,128,1,baseline_transform,3,3,100,3.95423084497,512,0.129481565461,256,2909,true,1
fp16,1,1,1,128,1,optimized_transform,3,4,100,4.04938459396,512,0.126438965754,256,2909,true,1
fp16,1,1,1,128,1,baseline_split,3,5,100,10.7933461666,836,0.077455127177,256,2909,true,1
fp16,1,1,1,128,1,baseline_fused,4,0,100,8.33573043346,324,0.0388688193058,256,2909,true,1
fp16,1,1,1,128,1,optimized_fused,4,1,100,5.76815366745,324,0.0561704868975,256,2909,true,1
fp16,1,1,1,128,1,baseline_transform,4,2,100,3.95273089409,512,0.129530700095,256,2909,true,1
fp16,1,1,1,128,1,optimized_transform,4,3,100,4.05173063278,512,0.126365754884,256,2909,true,1
fp16,1,1,1,128,1,baseline_split,4,4,100,10.7937693596,836,0.0774520903819,256,2909,true,1
fp16,1,1,1,128,1,optimized_split,4,5,100,8.55553865433,836,0.0977144787461,256,2909,true,1
fp16,1,17,1,128,17,baseline_transform,0,0,100,5.7824999094,8704,1.50523132492,4352,2909,true,1
fp16,1,17,1,128,17,optimized_transform,0,1,100,5.88023066521,8704,1.48021404186,4352,2909,true,1
fp16,1,17,1,128,17,baseline_split,0,2,100,14.5309615135,14212,0.978049524581,4352,2909,true,1
fp16,1,17,1,128,17,optimized_split,0,3,100,12.2711145878,14212,1.15816700254,4352,2909,true,1
fp16,1,17,1,128,17,baseline_fused,0,4,100,10.2265775204,5508,0.538596611528,4352,2909,true,1
fp16,1,17,1,128,17,optimized_fused,0,5,100,7.65426933765,5508,0.719598404109,4352,2909,true,1
fp16,1,17,1,128,17,optimized_transform,1,0,100,5.89246153831,8704,1.47714158903,4352,2909,true,1
fp16,1,17,1,128,17,baseline_split,1,1,100,14.5004999638,14212,0.98010413679,4352,2909,true,1
fp16,1,17,1,128,17,optimized_split,1,2,100,12.2603845596,14212,1.1591806057,4352,2909,true,1
fp16,1,17,1,128,17,baseline_fused,1,3,100,10.2237689495,5508,0.538744569366,4352,2909,true,1
fp16,1,17,1,128,17,optimized_fused,1,4,100,7.66350030899,5508,0.71873162105,4352,2909,true,1
fp16,1,17,1,128,17,baseline_transform,1,5,100,5.78292310238,8704,1.50512117244,4352,2909,true,1
fp16,1,17,1,128,17,baseline_split,2,0,100,14.497500658,14212,0.980306904978,4352,2909,true,1
fp16,1,17,1,128,17,optimized_split,2,1,100,12.2688853741,14212,1.15837743745,4352,2909,true,1
fp16,1,17,1,128,17,baseline_fused,2,2,100,10.2345001698,5508,0.538179677428,4352,2909,true,1
fp16,1,17,1,128,17,optimized_fused,2,3,100,7.65596210957,5508,0.719439297266,4352,2909,true,1
fp16,1,17,1,128,17,baseline_transform,2,4,100,5.78273117542,8704,1.50517112692,4352,2909,true,1
fp16,1,17,1,128,17,optimized_transform,2,5,100,5.87719261646,8704,1.4809791967,4352,2909,true,1
fp16,1,17,1,128,17,optimized_split,3,0,100,12.2764229774,14212,1.15766620506,4352,2909,true,1
fp16,1,17,1,128,17,baseline_fused,3,1,100,10.2469229698,5508,0.53752721829,4352,2909,true,1
fp16,1,17,1,128,17,optimized_fused,3,2,100,7.6586151123,5508,0.719190078001,4352,2909,true,1
fp16,1,17,1,128,17,baseline_transform,3,3,100,5.78573048115,8704,1.50439085062,4352,2909,true,1
fp16,1,17,1,128,17,optimized_transform,3,4,100,5.87934672832,8704,1.48043658627,4352,2909,true,1
fp16,1,17,1,128,17,baseline_split,3,5,100,14.4996535778,14212,0.980161348251,4352,2909,true,1
fp16,1,17,1,128,17,baseline_fused,4,0,100,10.2468848228,5508,0.53752921939,4352,2909,true,1
fp16,1,17,1,128,17,optimized_fused,4,1,100,7.65192329884,5508,0.719819029137,4352,2909,true,1
fp16,1,17,1,128,17,baseline_transform,4,2,100,5.78853845596,8704,1.50366108236,4352,2909,true,1
fp16,1,17,1,128,17,optimized_transform,4,3,100,5.88326871395,8704,1.47944967724,4352,2909,true,1
fp16,1,17,1,128,17,baseline_split,4,4,100,14.5039618015,14212,0.979870203361,4352,2909,true,1
fp16,1,17,1,128,17,optimized_split,4,5,100,12.2711145878,14212,1.15816700254,4352,2909,true,1
fp16,1,257,1,128,257,baseline_transform,0,0,100,6.0079228878,131584,21.9017458209,65792,2909,true,1
fp16,1,257,1,128,257,optimized_transform,0,1,100,6.07392311096,131584,21.6637579364,65792,2909,true,1
fp16,1,257,1,128,257,baseline_split,0,2,100,15.3368473053,214852,14.0088765131,65792,2909,true,1
fp16,1,257,1,128,257,optimized_split,0,3,100,12.5303459167,214852,17.146533817,65792,2909,true,1
fp16,1,257,1,128,257,baseline_fused,0,4,100,10.9270763397,83268,7.62033662173,65792,2909,true,1
fp16,1,257,1,128,257,optimized_fused,0,5,100,7.79315412045,83268,10.6847623841,65792,2909,true,1
fp16,1,257,1,128,257,optimized_transform,1,0,100,6.0606533289,131584,21.7111906686,65792,2909,true,1
fp16,1,257,1,128,257,baseline_split,1,1,100,15.3390002251,214852,14.0069102841,65792,2909,true,1
fp16,1,257,1,128,257,optimized_split,1,2,100,12.5423455238,214852,17.1301292563,65792,2909,true,1
fp16,1,257,1,128,257,baseline_fused,1,3,100,10.9474229813,83268,7.60617363032,65792,2909,true,1
fp16,1,257,1,128,257,optimized_fused,1,4,100,7.77646124363,83268,10.7076981922,65792,2909,true,1
fp16,1,257,1,128,257,baseline_transform,1,5,100,6.00557684898,131584,21.9103015928,65792,2909,true,1
fp16,1,257,1,128,257,baseline_split,2,0,100,15.3325772285,214852,14.0127779432,65792,2909,true,1
fp16,1,257,1,128,257,optimized_split,2,1,100,12.5648844242,214852,17.0994012158,65792,2909,true,1
fp16,1,257,1,128,257,baseline_fused,2,2,100,10.9150767326,83268,7.62871412081,65792,2909,true,1
fp16,1,257,1,128,257,optimized_fused,2,3,100,7.7757692337,83268,10.7086511311,65792,2909,true,1
fp16,1,257,1,128,257,baseline_transform,2,4,100,5.99615395069,131584,21.9447334211,65792,2909,true,1
fp16,1,257,1,128,257,optimized_transform,2,5,100,6.06176912785,131584,21.7071942571,65792,2909,true,1
fp16,1,257,1,128,257,optimized_split,3,0,100,12.5648844242,214852,17.0994012158,65792,2909,true,1
fp16,1,257,1,128,257,baseline_fused,3,1,100,10.9345769882,83268,7.61510939927,65792,2909,true,1
fp16,1,257,1,128,257,optimized_fused,3,2,100,7.77323067188,83268,10.7121483351,65792,2909,true,1
fp16,1,257,1,128,257,baseline_transform,3,3,100,6.0043078661,131584,21.9149322344,65792,2909,true,1
fp16,1,257,1,128,257,optimized_transform,3,4,100,6.0587310791,131584,21.7180789644,65792,2909,true,1
fp16,1,257,1,128,257,baseline_split,3,5,100,15.3338837624,214852,14.0115839751,65792,2909,true,1
fp16,1,257,1,128,257,baseline_fused,4,0,100,10.9335005283,83268,7.61585914632,65792,2909,true,1
fp16,1,257,1,128,257,optimized_fused,4,1,100,7.76873111725,83268,10.7183526812,65792,2909,true,1
fp16,1,257,1,128,257,baseline_transform,4,2,100,5.99934637547,131584,21.9330559973,65792,2909,true,1
fp16,1,257,1,128,257,optimized_transform,4,3,100,6.06046140194,131584,21.7118782339,65792,2909,true,1
fp16,1,257,1,128,257,baseline_split,4,4,100,15.3359997272,214852,14.0096507447,65792,2909,true,1
fp16,1,257,1,128,257,optimized_split,4,5,100,12.5323081017,214852,17.1438491822,65792,2909,true,1
fp16,4,64,16,128,4096,baseline_transform,0,0,100,17.8328466415,2097152,117.600517862,1048576,2909,true,1
fp16,4,64,16,128,4096,optimized_transform,0,1,100,16.8936145306,2097152,124.138738705,1048576,2909,true,1
fp16,4,64,16,128,4096,baseline_split,0,2,100,58.3048057556,3424256,58.7302531176,1048576,2909,true,1
fp16,4,64,16,128,4096,optimized_split,0,3,100,35.7958078384,3424256,95.6608107702,1048576,2909,true,1
fp16,4,64,16,128,4096,baseline_fused,0,4,100,48.8436508179,1327104,27.1704505658,1048576,2909,true,1
fp16,4,64,16,128,4096,optimized_fused,0,5,100,25.0493454933,1327104,52.9795878441,1048576,2909,true,1
fp16,4,64,16,128,4096,optimized_transform,1,0,100,16.8874228001,2097152,124.184253857,1048576,2909,true,1
fp16,4,64,16,128,4096,baseline_split,1,1,100,58.3555793762,3424256,58.6791535034,1048576,2909,true,1
fp16,4,64,16,128,4096,optimized_split,1,2,100,35.8197689056,3424256,95.5968199856,1048576,2909,true,1
fp16,4,64,16,128,4096,baseline_fused,1,3,100,48.7909603119,1327104,27.1997925746,1048576,2909,true,1
fp16,4,64,16,128,4096,optimized_fused,1,4,100,25.0388455391,1327104,53.001804653,1048576,2909,true,1
fp16,4,64,16,128,4096,baseline_transform,1,5,100,17.9196536541,2097152,117.030833323,1048576,2909,true,1
fp16,4,64,16,128,4096,baseline_split,2,0,100,58.2531547546,3424256,58.7823271447,1048576,2909,true,1
fp16,4,64,16,128,4096,optimized_split,2,1,100,35.7891535759,3424256,95.6785969453,1048576,2909,true,1
fp16,4,64,16,128,4096,baseline_fused,2,2,100,48.8070011139,1327104,27.1908531504,1048576,2909,true,1
fp16,4,64,16,128,4096,optimized_fused,2,3,100,25.056655407,1327104,52.9641318223,1048576,2909,true,1
fp16,4,64,16,128,4096,baseline_transform,2,4,100,17.9414999485,2097152,116.888331857,1048576,2909,true,1
fp16,4,64,16,128,4096,optimized_transform,2,5,100,16.8934619427,2097152,124.139859972,1048576,2909,true,1
fp16,4,64,16,128,4096,optimized_split,3,0,100,35.6851911545,3424256,95.9573394234,1048576,2909,true,1
fp16,4,64,16,128,4096,baseline_fused,3,1,100,48.8644218445,1327104,27.1589010963,1048576,2909,true,1
fp16,4,64,16,128,4096,optimized_fused,3,2,100,25.053653717,1327104,52.9704774796,1048576,2909,true,1
fp16,4,64,16,128,4096,baseline_transform,3,3,100,17.8773844242,2097152,117.307540647,1048576,2909,true,1
fp16,4,64,16,128,4096,optimized_transform,3,4,100,16.8895769119,2097152,124.168415286,1048576,2909,true,1
fp16,4,64,16,128,4096,baseline_split,3,5,100,58.3043432236,3424256,58.7307190284,1048576,2909,true,1
fp16,4,64,16,128,4096,baseline_fused,4,0,100,48.8376188278,1327104,27.1738064192,1048576,2909,true,1
fp16,4,64,16,128,4096,optimized_fused,4,1,100,25.0348091125,1327104,53.01035027,1048576,2909,true,1
fp16,4,64,16,128,4096,baseline_transform,4,2,100,17.8558075428,2097152,117.449294577,1048576,2909,true,1
fp16,4,64,16,128,4096,optimized_transform,4,3,100,16.8940770626,2097152,124.135339991,1048576,2909,true,1
fp16,4,64,16,128,4096,baseline_split,4,4,100,58.4378480911,3424256,58.5965450791,1048576,2909,true,1
fp16,4,64,16,128,4096,optimized_split,4,5,100,35.8407688141,3424256,95.5408076697,1048576,2909,true,1
fp16,16,64,16,128,16384,baseline_transform,0,0,100,58.8105010986,8388608,142.637927637,4194304,2909,true,1
fp16,16,64,16,128,16384,optimized_transform,0,1,100,57.840886116,8388608,145.029036782,4194304,2909,true,1
fp16,16,64,16,128,16384,baseline_split,0,2,100,187.024536133,13697024,73.2365083385,4194304,2909,true,1
fp16,16,64,16,128,16384,optimized_split,0,3,100,117.667694092,13697024,116.404286714,4194304,2909,true,1
fp16,16,64,16,128,16384,baseline_fused,0,4,100,160.713653564,5308416,33.0302739205,4194304,2909,true,1
fp16,16,64,16,128,16384,optimized_fused,0,5,100,80.3307723999,5308416,66.0819738365,4194304,2909,true,1
fp16,16,64,16,128,16384,optimized_transform,1,0,100,57.8541517258,8388608,144.995782494,4194304,2909,true,1
fp16,16,64,16,128,16384,baseline_split,1,1,100,187.448768616,13697024,73.0707600863,4194304,2909,true,1
fp16,16,64,16,128,16384,optimized_split,1,2,100,117.866153717,13697024,116.208288538,4194304,2909,true,1
fp16,16,64,16,128,16384,baseline_fused,1,3,100,160.901126862,5308416,32.9917888305,4194304,2909,true,1
fp16,16,64,16,128,16384,optimized_fused,1,4,100,80.2542686462,5308416,66.1449676079,4194304,2909,true,1
fp16,16,64,16,128,16384,baseline_transform,1,5,100,59.0014219284,8388608,142.176370091,4194304,2909,true,1
fp16,16,64,16,128,16384,baseline_split,2,0,100,187.474269867,13697024,73.0608206114,4194304,2909,true,1
fp16,16,64,16,128,16384,optimized_split,2,1,100,117.800769806,13697024,116.272788561,4194304,2909,true,1
fp16,16,64,16,128,16384,baseline_fused,2,2,100,160.903968811,5308416,32.9912061165,4194304,2909,true,1
fp16,16,64,16,128,16384,optimized_fused,2,3,100,80.3980731964,5308416,66.0266569701,4194304,2909,true,1
fp16,16,64,16,128,16384,baseline_transform,2,4,100,58.9446163177,8388608,142.313387109,4194304,2909,true,1
fp16,16,64,16,128,16384,optimized_transform,2,5,100,57.8496551514,8388608,145.007052817,4194304,2909,true,1
fp16,16,64,16,128,16384,optimized_split,3,0,100,117.837457657,13697024,116.236587859,4194304,2909,true,1
fp16,16,64,16,128,16384,baseline_fused,3,1,100,160.92300415,5308416,32.9873036365,4194304,2909,true,1
fp16,16,64,16,128,16384,optimized_fused,3,2,100,80.4303836823,5308416,66.000132748,4194304,2909,true,1
fp16,16,64,16,128,16384,baseline_transform,3,3,100,59.004611969,8388608,142.168683431,4194304,2909,true,1
fp16,16,64,16,128,16384,optimized_transform,3,4,100,57.8412723541,8388608,145.028068343,4194304,2909,true,1
fp16,16,64,16,128,16384,baseline_split,3,5,100,187.420501709,13697024,73.0817806756,4194304,2909,true,1
fp16,16,64,16,128,16384,baseline_fused,4,0,100,160.923194885,5308416,32.9872645381,4194304,2909,true,1
fp16,16,64,16,128,16384,optimized_fused,4,1,100,80.3957271576,5308416,66.0285837031,4194304,2909,true,1
fp16,16,64,16,128,16384,baseline_transform,4,2,100,59.0288448334,8388608,142.110319517,4194304,2909,true,1
fp16,16,64,16,128,16384,optimized_transform,4,3,100,57.8500366211,8388608,145.006096624,4194304,2909,true,1
fp16,16,64,16,128,16384,baseline_split,4,4,100,187.389621735,13697024,73.0938238373,4194304,2909,true,1
fp16,16,64,16,128,16384,optimized_split,4,5,100,117.823266983,13697024,116.250587433,4194304,2909,true,1
fp16,1,1,1,256,1,baseline_transform,0,0,100,4.20042306185,1024,0.243784967591,512,2909,true,1
fp16,1,1,1,256,1,optimized_transform,0,1,100,4.40742313862,1024,0.232335305187,512,2909,true,1
fp16,1,1,1,256,1,baseline_split,0,2,100,14.6929228306,1668,0.113524042781,512,2909,true,1
fp16,1,1,1,256,1,optimized_split,0,3,100,9.1746532917,1668,0.181805235246,512,2909,true,1
fp16,1,1,1,256,1,baseline_fused,0,4,100,12.3797309399,644,0.052020516692,512,2909,true,1
fp16,1,1,1,256,1,optimized_fused,0,5,100,6.37007713318,644,0.101097676925,512,2909,true,1
fp16,1,1,1,256,1,optimized_transform,1,0,100,4.40123081207,1024,0.232662190129,512,2909,true,1
fp16,1,1,1,256,1,baseline_split,1,1,100,14.6605396271,1668,0.113774802458,512,2909,true,1
fp16,1,1,1,256,1,optimized_split,1,2,100,9.16242361069,1668,0.182047902484,512,2909,true,1
fp16,1,1,1,256,1,baseline_fused,1,3,100,12.377576828,644,0.0520295699998,512,2909,true,1
fp16,1,1,1,256,1,optimized_fused,1,4,100,6.37073099613,644,0.101087300718,512,2909,true,1
fp16,1,1,1,256,1,baseline_transform,1,5,100,4.20857697725,1024,0.243312645945,512,2909,true,1
fp16,1,1,1,256,1,baseline_split,2,0,100,14.6854221821,1668,0.11358202572,512,2909,true,1
fp16,1,1,1,256,1,optimized_split,2,1,100,9.16415393353,1668,0.182013529247,512,2909,true,1
fp16,1,1,1,256,1,baseline_fused,2,2,100,12.3722314835,644,0.0520520490472,512,2909,true,1
fp16,1,1,1,256,1,optimized_fused,2,3,100,6.3701158762,644,0.10109706205,512,2909,true,1
fp16,1,1,1,256,1,baseline_transform,2,4,100,4.18519228697,1024,0.244672151191,512,2909,true,1
fp16,1,1,1,256,1,optimized_transform,2,5,100,4.3968847394,1024,0.232892163587,512,2909,true,1
fp16,1,1,1,256,1,optimized_split,3,0,100,9.16219174862,1668,0.182052509461,512,2909,true,1
fp16,1,1,1,256,1,baseline_fused,3,1,100,12.3756158352,644,0.0520378144067,512,2909,true,1
fp16,1,1,1,256,1,optimized_fused,3,2,100,6.36684596539,644,0.101148983893,512,2909,true,1
fp16,1,1,1,256,1,baseline_transform,3,3,100,4.17899996042,1024,0.245034699617,512,2909,true,1
fp16,1,1,1,256,1,optimized_transform,3,4,100,4.39738452435,1024,0.232865694217,512,2909,true,1
fp16,1,1,1,256,1,baseline_split,3,5,100,14.660807848,1668,0.113772720937,512,2909,true,1
fp16,1,1,1,256,1,baseline_fused,4,0,100,12.3672688007,644,0.0520729362623,512,2909,true,1
fp16,1,1,1,256,1,optimized_fused,4,1,100,6.36834561825,644,0.101125164777,512,2909,true,1
fp16,1,1,1,256,1,baseline_transform,4,2,100,4.17796164751,1024,0.245095595985,512,2909,true,1
fp16,1,1,1,256,1,optimized_transform,4,3,100,4.39607679844,1024,0.232934966096,512,2909,true,1
fp16,1,1,1,256,1,baseline_split,4,4,100,14.6710383892,1668,0.113693383914,512,2909,true,1
fp16,1,1,1,256,1,optimized_split,4,5,100,9.15811598301,1668,0.182133530859,512,2909,true,1
fp16,1,17,1,256,17,baseline_transform,0,0,100,6.06773018837,17408,2.86894760637,8704,2909,true,1
fp16,1,17,1,256,17,optimized_transform,0,1,100,6.26999974251,17408,2.77639564831,8704,2909,true,1
fp16,1,17,1,256,17,baseline_split,0,2,100,18.3850765228,28356,1.54233788284,8704,2909,true,1
fp16,1,17,1,256,17,optimized_split,0,3,100,12.8684997559,28356,2.20352026561,8704,2909,true,1
fp16,1,17,1,256,17,baseline_fused,0,4,100,14.2984235287,10948,0.765678816133,8704,2909,true,1
fp16,1,17,1,256,17,optimized_fused,0,5,100,8.26200008392,10948,1.3251028672,8704,2909,true,1
fp16,1,17,1,256,17,optimized_transform,1,0,100,6.2513846159,17408,2.78466308979,8704,2909,true,1
fp16,1,17,1,256,17,baseline_split,1,1,100,18.3741533756,28356,1.54325477862,8704,2909,true,1
fp16,1,17,1,256,17,optimized_split,1,2,100,12.8777301311,28356,2.20194084759,8704,2909,true,1
fp16,1,17,1,256,17,baseline_fused,1,3,100,14.3063461781,10948,0.765254794183,8704,2909,true,1
fp16,1,17,1,256,17,optimized_fused,1,4,100,8.24165403843,10948,1.32837412842,8704,2909,true,1
fp16,1,17,1,256,17,baseline_transform,1,5,100,6.07138454914,17408,2.86722078944,8704,2909,true,1
fp16,1,17,1,256,17,baseline_split,2,0,100,18.4124994278,28356,1.54004078106,8704,2909,true,1
fp16,1,17,1,256,17,optimized_split,2,1,100,12.908115387,28356,2.19675755522,8704,2909,true,1
fp16,1,17,1,256,17,baseline_fused,2,2,100,14.2780387402,10948,0.766771977527,8704,2909,true,1
fp16,1,17,1,256,17,optimized_fused,2,3,100,8.24830770493,10948,1.32730256819,8704,2909,true,1
fp16,1,17,1,256,17,baseline_transform,2,4,100,6.0606533289,17408,2.87229759818,8704,2909,true,1
fp16,1,17,1,256,17,optimized_transform,2,5,100,6.25969231129,17408,2.78096735979,8704,2909,true,1
fp16,1,17,1,256,17,optimized_split,3,0,100,12.8925001621,28356,2.19941823878,8704,2909,true,1
fp16,1,17,1,256,17,baseline_fused,3,1,100,14.2787313461,10948,0.766734784387,8704,2909,true,1
fp16,1,17,1,256,17,optimized_fused,3,2,100,8.23969244957,10948,1.32869036885,8704,2909,true,1
fp16,1,17,1,256,17,baseline_transform,3,3,100,6.04519248009,17408,2.87964362712,8704,2909,true,1
fp16,1,17,1,256,17,optimized_transform,3,4,100,6.26423060894,17408,2.77895260994,8704,2909,true,1
fp16,1,17,1,256,17,baseline_split,3,5,100,18.4017693996,28356,1.54093877519,8704,2909,true,1
fp16,1,17,1,256,17,baseline_fused,4,0,100,14.2750763893,10948,0.766931097349,8704,2909,true,1
fp16,1,17,1,256,17,optimized_fused,4,1,100,8.24334621429,10948,1.32810144271,8704,2909,true,1
fp16,1,17,1,256,17,baseline_transform,4,2,100,6.03815376759,17408,2.88300044518,8704,2909,true,1
fp16,1,17,1,256,17,optimized_transform,4,3,100,6.2611925602,17408,2.78030101017,8704,2909,true,1
fp16,1,17,1,256,17,baseline_split,4,4,100,18.395768404,28356,1.54144145421,8704,2909,true,1
fp16,1,17,1,256,17,optimized_split,4,5,100,12.8837299347,28356,2.20091542928,8704,2909,true,1
fp16,1,257,1,256,257,baseline_transform,0,0,100,6.62657737732,263168,39.7140160018,131584,2909,true,1
fp16,1,257,1,256,257,optimized_transform,0,1,100,6.69857740402,263168,39.2871477221,131584,2909,true,1
fp16,1,257,1,256,257,baseline_split,0,2,100,24.6925759315,428676,17.3605216883,131584,2909,true,1
fp16,1,257,1,256,257,optimized_split,0,3,100,13.6802315712,428676,31.3354344748,131584,2909,true,1
fp16,1,257,1,256,257,baseline_fused,0,4,100,19.9936926365,165508,8.27801062111,131584,2909,true,1
fp16,1,257,1,256,257,optimized_fused,0,5,100,8.78634572029,165508,18.8369551198,131584,2909,true,1
fp16,1,257,1,256,257,optimized_transform,1,0,100,6.68442308903,263168,39.370338546,131584,2909,true,1
fp16,1,257,1,256,257,baseline_split,1,1,100,24.743616581,428676,17.324710743,131584,2909,true,1
fp16,1,257,1,256,257,optimized_split,1,2,100,13.6898839474,428676,31.3133406863,131584,2909,true,1
fp16,1,257,1,256,257,baseline_fused,1,3,100,19.9840760231,165508,8.28199411415,131584,2909,true,1
fp16,1,257,1,256,257,optimized_fused,1,4,100,8.77326905727,165508,18.8650318279,131584,2909,true,1
fp16,1,257,1,256,257,baseline_transform,1,5,100,6.64092302322,263168,39.628226239,131584,2909,true,1
fp16,1,257,1,256,257,baseline_split,2,0,100,24.7808837891,428676,17.2986566439,131584,2909,true,1
fp16,1,257,1,256,257,optimized_split,2,1,100,13.6832308769,428676,31.3285658815,131584,2909,true,1
fp16,1,257,1,256,257,baseline_fused,2,2,100,20.0176930428,165508,8.26808562038,131584,2909,true,1
fp16,1,257,1,256,257,optimized_fused,2,3,100,8.77542257309,165508,18.8604022908,131584,2909,true,1
fp16,1,257,1,256,257,baseline_transform,2,4,100,6.65723085403,263168,39.5311512805,131584,2909,true,1
fp16,1,257,1,256,257,optimized_transform,2,5,100,6.7051923275,263168,39.2483894788,131584,2909,true,1
fp16,1,257,1,256,257,optimized_split,3,0,100,13.6767697334,428676,31.34336604,131584,2909,true,1
fp16,1,257,1,256,257,baseline_fused,3,1,100,19.945499897,165508,8.29801212578,131584,2909,true,1
fp16,1,257,1,256,257,optimized_fused,3,2,100,8.78226935863,165508,18.8456984455,131584,2909,true,1
fp16,1,257,1,256,257,baseline_transform,3,3,100,6.62423074245,263168,39.7280846987,131584,2909,true,1
fp16,1,257,1,256,257,optimized_transform,3,4,100,6.69576942921,263168,39.3036233972,131584,2909,true,1
fp16,1,257,1,256,257,baseline_split,3,5,100,24.7429227829,428676,17.3251965324,131584,2909,true,1
fp16,1,257,1,256,257,baseline_fused,4,0,100,20.0164604187,165508,8.2685947734,131584,2909,true,1
fp16,1,257,1,256,257,optimized_fused,4,1,100,8.79150032997,165508,18.8259106851,131584,2909,true,1
fp16,1,257,1,256,257,baseline_transform,4,2,100,6.63107693195,263168,39.6870678324,131584,2909,true,1
fp16,1,257,1,256,257,optimized_transform,4,3,100,6.69876933098,263168,39.286022103,131584,2909,true,1
fp16,1,257,1,256,257,baseline_split,4,4,100,24.6951174736,428676,17.3587349993,131584,2909,true,1
fp16,1,257,1,256,257,optimized_split,4,5,100,13.6915767193,428676,31.3094692298,131584,2909,true,1
fp16,4,64,16,256,4096,baseline_transform,0,0,100,29.1081547737,4194304,144.093778276,2097152,2909,true,1
fp16,4,64,16,256,4096,optimized_transform,0,1,100,28.7854218483,4194304,145.709311543,2097152,2909,true,1
fp16,4,64,16,256,4096,baseline_split,0,2,100,131.673650742,6832128,51.8868274824,2097152,2909,true,1
fp16,4,64,16,256,4096,optimized_split,0,3,100,50.6586122513,6832128,134.866071066,2097152,2909,true,1
fp16,4,64,16,256,4096,baseline_fused,0,4,100,122.472419739,2637824,21.5381063396,2097152,2909,true,1
fp16,4,64,16,256,4096,optimized_fused,0,5,100,39.3844223022,2637824,66.9763283502,2097152,2909,true,1
fp16,4,64,16,256,4096,optimized_transform,1,0,100,28.8670778275,4194304,145.297145249,2097152,2909,true,1
fp16,4,64,16,256,4096,baseline_split,1,1,100,131.587696075,6832128,51.9207205823,2097152,2909,true,1
fp16,4,64,16,256,4096,optimized_split,1,2,100,50.924577713,6832128,134.161701615,2097152,2909,true,1
fp16,4,64,16,256,4096,baseline_fused,1,3,100,122.823419571,2637824,21.4765556049,2097152,2909,true,1
fp16,4,64,16,256,4096,optimized_fused,1,4,100,39.5528459549,2637824,66.6911302162,2097152,2909,true,1
fp16,4,64,16,256,4096,baseline_transform,1,5,100,29.2945766449,4194304,143.176808829,2097152,2909,true,1
fp16,4,64,16,256,4096,baseline_split,2,0,100,132.021846771,6832128,51.7499805304,2097152,2909,true,1
fp16,4,64,16,256,4096,optimized_split,2,1,100,51.0402727127,6832128,133.857591993,2097152,2909,true,1
fp16,4,64,16,256,4096,baseline_fused,2,2,100,122.736654282,2637824,21.491737863,2097152,2909,true,1
fp16,4,64,16,256,4096,optimized_fused,2,3,100,39.5380377769,2637824,66.7161080396,2097152,2909,true,1
fp16,4,64,16,256,4096,baseline_transform,2,4,100,29.3140769005,4194304,143.081565019,2097152,2909,true,1
fp16,4,64,16,256,4096,optimized_transform,2,5,100,28.9862298965,4194304,144.699880425,2097152,2909,true,1
fp16,4,64,16,256,4096,optimized_split,3,0,100,50.9940004349,6832128,133.979055217,2097152,2909,true,1
fp16,4,64,16,256,4096,baseline_fused,3,1,100,122.605037689,2637824,21.5148092584,2097152,2909,true,1
fp16,4,64,16,256,4096,optimized_fused,3,2,100,39.5670008659,2637824,66.6672717737,2097152,2909,true,1
fp16,4,64,16,256,4096,baseline_transform,3,3,100,29.2981934547,4194304,143.159133906,2097152,2909,true,1
fp16,4,64,16,256,4096,optimized_transform,3,4,100,28.9695000648,4194304,144.783444333,2097152,2909,true,1
fp16,4,64,16,256,4096,baseline_split,3,5,100,131.913423538,6832128,51.7925152479,2097152,2909,true,1
fp16,4,64,16,256,4096,baseline_fused,4,0,100,122.761077881,2637824,21.4874620322,2097152,2909,true,1
fp16,4,64,16,256,4096,optimized_fused,4,1,100,39.5263075829,2637824,66.7359073314,2097152,2909,true,1
fp16,4,64,16,256,4096,baseline_transform,4,2,100,29.2493462563,4194304,143.398213528,2097152,2909,true,1
fp16,4,64,16,256,4096,optimized_transform,4,3,100,28.9909219742,4194304,144.676461264,2097152,2909,true,1
fp16,4,64,16,256,4096,baseline_split,4,4,100,131.672115326,6832128,51.8874325296,2097152,2909,true,1
fp16,4,64,16,256,4096,optimized_split,4,5,100,51.0762691498,6832128,133.763254712,2097152,2909,true,1
fp16,16,64,16,256,16384,baseline_transform,0,0,100,100.883808136,16777216,166.302366158,8388608,2909,true,1
fp16,16,64,16,256,16384,optimized_transform,0,1,100,99.248342514,16777216,169.042782731,8388608,2909,true,1
fp16,16,64,16,256,16384,baseline_split,0,2,100,456.666679382,27328512,59.843455268,8388608,2909,true,1
fp16,16,64,16,256,16384,optimized_split,0,3,100,169.829120636,27328512,160.917703028,8388608,2909,true,1
fp16,16,64,16,256,16384,baseline_fused,0,4,100,432.758979797,10551296,24.3814605648,8388608,2909,true,1
fp16,16,64,16,256,16384,optimized_fused,0,5,100,137.212505341,10551296,76.8974808368,8388608,2909,true,1
fp16,16,64,16,256,16384,optimized_transform,1,0,100,99.4504261017,16777216,168.699287249,8388608,2909,true,1
fp16,16,64,16,256,16384,baseline_split,1,1,100,456.763267517,27328512,59.8308006433,8388608,2909,true,1
fp16,16,64,16,256,16384,optimized_split,1,2,100,169.836654663,27328512,160.910564649,8388608,2909,true,1
fp16,16,64,16,256,16384,baseline_fused,1,3,100,433.000297546,10551296,24.3678724005,8388608,2909,true,1
fp16,16,64,16,256,16384,optimized_fused,1,4,100,137.188272476,10551296,76.9110639674,8388608,2909,true,1
fp16,16,64,16,256,16384,baseline_transform,1,5,100,101.118421555,16777216,165.916513945,8388608,2909,true,1
fp16,16,64,16,256,16384,baseline_split,2,0,100,456.949501038,27328512,59.8064161093,8388608,2909,true,1
fp16,16,64,16,256,16384,optimized_split,2,1,100,169.919548035,27328512,160.832066211,8388608,2909,true,1
fp16,16,64,16,256,16384,baseline_fused,2,2,100,432.865104675,10551296,24.3754829993,8388608,2909,true,1
fp16,16,64,16,256,16384,optimized_fused,2,3,100,137.220840454,10551296,76.8928099047,8388608,2909,true,1
fp16,16,64,16,256,16384,baseline_transform,2,4,100,101.120767593,16777216,165.912664622,8388608,2909,true,1
fp16,16,64,16,256,16384,optimized_transform,2,5,100,99.4735336304,16777216,168.660098699,8388608,2909,true,1
fp16,16,64,16,256,16384,optimized_split,3,0,100,169.915924072,27328512,160.835496433,8388608,2909,true,1
fp16,16,64,16,256,16384,baseline_fused,3,1,100,432.784729004,10551296,24.3800099516,8388608,2909,true,1
fp16,16,64,16,256,16384,optimized_fused,3,2,100,137.177581787,10551296,76.9170578934,8388608,2909,true,1
fp16,16,64,16,256,16384,baseline_transform,3,3,100,101.092729568,16777216,165.958680428,8388608,2909,true,1
fp16,16,64,16,256,16384,optimized_transform,3,4,100,99.4435310364,16777216,168.710984266,8388608,2909,true,1
fp16,16,64,16,256,16384,baseline_split,3,5,100,456.826667786,27328512,59.8224970807,8388608,2909,true,1
fp16,16,64,16,256,16384,baseline_fused,4,0,100,432.820320129,10551296,24.3780051659,8388608,2909,true,1
fp16,16,64,16,256,16384,optimized_fused,4,1,100,137.194108963,10551296,76.907792031,8388608,2909,true,1
fp16,16,64,16,256,16384,baseline_transform,4,2,100,101.083927155,16777216,165.973132151,8388608,2909,true,1
fp16,16,64,16,256,16384,optimized_transform,4,3,100,99.4652366638,16777216,168.674167606,8388608,2909,true,1
fp16,16,64,16,256,16384,baseline_split,4,4,100,456.679878235,27328512,59.8417256868,8388608,2909,true,1
fp16,16,64,16,256,16384,optimized_split,4,5,100,169.871997833,27328512,160.877085974,8388608,2909,true,1
bf16,1,1,1,64,1,baseline_transform,0,0,100,3.5640001297,256,0.0718294025488,128,2909,true,1
bf16,1,1,1,64,1,optimized_transform,0,1,100,3.60880762339,256,0.0709375579737,128,2909,true,1
bf16,1,1,1,64,1,baseline_split,0,2,100,8.54700028896,420,0.0491400474787,128,2909,true,1
bf16,1,1,1,64,1,optimized_split,0,3,100,7.82957673073,420,0.0536427465295,128,2909,true,1
bf16,1,1,1,64,1,baseline_fused,0,4,100,6.00407719612,164,0.0273147720529,128,2909,true,1
bf16,1,1,1,64,1,optimized_fused,0,5,100,5.29350042343,164,0.0309813897953,128,2909,true,1
bf16,1,1,1,64,1,optimized_transform,1,0,100,3.58865380287,256,0.0713359421283,128,2909,true,1
bf16,1,1,1,64,1,baseline_split,1,1,100,8.51034581661,420,0.0493516960474,128,2909,true,1
bf16,1,1,1,64,1,optimized_split,1,2,100,7.82103896141,420,0.0537013051683,128,2909,true,1
bf16,1,1,1,64,1,baseline_fused,1,3,100,5.99676907063,164,0.0273480599417,128,2909,true,1
bf16,1,1,1,64,1,optimized_fused,1,4,100,5.29373049736,164,0.0309800432949,128,2909,true,1
bf16,1,1,1,64,1,baseline_transform,1,5,100,3.5176923871,256,0.0727749819565,128,2909,true,1
bf16,1,1,1,64,1,baseline_split,2,0,100,8.51119279861,420,0.0493467848676,128,2909,true,1
bf16,1,1,1,64,1,optimized_split,2,1,100,7.81911492348,420,0.0537145193683,128,2909,true,1
bf16,1,1,1,64,1,baseline_fused,2,2,100,5.99596202374,164,0.0273517409468,128,2909,true,1
bf16,1,1,1,64,1,optimized_fused,2,3,100,5.2922308445,164,0.0309888220712,128,2909,true,1
bf16,1,1,1,64,1,baseline_transform,2,4,100,3.51923078299,256,0.0727431691146,128,2909,true,1
bf16,1,1,1,64,1,optimized_transform,2,5,100,3.5925000906,256,0.0712595667485,128,2909,true,1
bf16,1,1,1,64,1,optimized_split,3,0,100,7.81630754471,420,0.0537338119819,128,2909,true,1
bf16,1,1,1,64,1,baseline_fused,3,1,100,5.99849998951,164,0.0273401684232,128,2909,true,1
bf16,1,1,1,64,1,optimized_fused,3,2,100,5.29007673264,164,0.0310014406763,128,2909,true,1
bf16,1,1,1,64,1,baseline_transform,3,3,100,3.51876914501,256,0.0727527125111,128,2909,true,1
bf16,1,1,1,64,1,optimized_transform,3,4,100,3.59123080969,256,0.0712847526562,128,2909,true,1
bf16,1,1,1,64,1,baseline_split,3,5,100,8.51034581661,420,0.0493516960474,128,2909,true,1
bf16,1,1,1,64,1,baseline_fused,4,0,100,5.99803805351,164,0.0273422740131,128,2909,true,1
bf16,1,1,1,64,1,optimized_fused,4,1,100,5.29330790043,164,0.03098251662,128,2909,true,1
bf16,1,1,1,64,1,baseline_transform,4,2,100,3.51838469505,256,0.0727606621186,128,2909,true,1
bf16,1,1,1,64,1,optimized_transform,4,3,100,3.58988463879,256,0.0713114837268,128,2909,true,1
bf16,1,1,1,64,1,baseline_split,4,4,100,8.51165413857,420,0.0493441102238,128,2909,true,1
bf16,1,1,1,64,1,optimized_split,4,5,100,7.81799972057,420,0.0537221815057,128,2909,true,1
bf16,1,17,1,64,17,baseline_transform,0,0,100,5.37942290306,4352,0.809008713095,2176,2909,true,1
bf16,1,17,1,64,17,optimized_transform,0,1,100,5.44930756092,4352,0.798633578917,2176,2909,true,1
bf16,1,17,1,64,17,baseline_split,0,2,100,12.2391152382,7140,0.583375502317,2176,2909,true,1
bf16,1,17,1,64,17,optimized_split,0,3,100,11.54915452,7140,0.618227073472,2176,2909,true,1
bf16,1,17,1,64,17,baseline_fused,0,4,100,7.85588443279,2788,0.354893204432,2176,2909,true,1
bf16,1,17,1,64,17,optimized_fused,0,5,100,7.15223073959,2788,0.389808452986,2176,2909,true,1
bf16,1,17,1,64,17,optimized_transform,1,0,100,5.44415414333,4352,0.799389562716,2176,2909,true,1
bf16,1,17,1,64,17,baseline_split,1,1,100,12.2573459148,7140,0.582507832414,2176,2909,true,1
bf16,1,17,1,64,17,optimized_split,1,2,100,11.535192728,7140,0.618975353801,2176,2909,true,1
bf16,1,17,1,64,17,baseline_fused,1,3,100,7.8548848629,2788,0.354938366209,2176,2909,true,1
bf16,1,17,1,64,17,optimized_fused,1,4,100,7.15753853321,2788,0.389519383942,2176,2909,true,1
bf16,1,17,1,64,17,baseline_transform,1,5,100,5.38907706738,4352,0.807559429118,2176,2909,true,1
bf16,1,17,1,64,17,baseline_split,2,0,100,12.2490382195,7140,0.582902908137,2176,2909,true,1
bf16,1,17,1,64,17,optimized_split,2,1,100,11.5311527252,7140,0.619192215223,2176,2909,true,1
bf16,1,17,1,64,17,baseline_fused,2,2,100,7.85376906395,2788,0.354988792935,2176,2909,true,1
bf16,1,17,1,64,17,optimized_fused,2,3,100,7.1644616127,2788,0.389142988087,2176,2909,true,1
bf16,1,17,1,64,17,baseline_transform,2,4,100,5.39438486099,4352,0.806764832719,2176,2909,true,1
bf16,1,17,1,64,17,optimized_transform,2,5,100,5.44369220734,4352,0.799457396606,2176,2909,true,1
bf16,1,17,1,64,17,optimized_split,3,0,100,11.5198075771,7140,0.619802019452,2176,2909,true,1
bf16,1,17,1,64,17,baseline_fused,3,1,100,7.85165429115,2788,0.355084405988,2176,2909,true,1
bf16,1,17,1,64,17,optimized_fused,3,2,100,7.16588437557,2788,0.389065725021,2176,2909,true,1
bf16,1,17,1,64,17,baseline_transform,3,3,100,5.38261532784,4352,0.808528890685,2176,2909,true,1
bf16,1,17,1,64,17,optimized_transform,3,4,100,5.44799983501,4352,0.798825281166,2176,2909,true,1
bf16,1,17,1,64,17,baseline_split,3,5,100,12.2314226627,7140,0.583742398319,2176,2909,true,1
bf16,1,17,1,64,17,baseline_fused,4,0,100,7.86211550236,2788,0.354611936083,2176,2909,true,1
bf16,1,17,1,64,17,optimized_fused,4,1,100,7.17642366886,2788,0.388494343234,2176,2909,true,1
bf16,1,17,1,64,17,baseline_transform,4,2,100,5.38326919079,4352,0.808430685102,2176,2909,true,1
bf16,1,17,1,64,17,optimized_transform,4,3,100,5.45119285583,4352,0.798357371514,2176,2909,true,1
bf16,1,17,1,64,17,baseline_split,4,4,100,12.2161924839,7140,0.584470161993,2176,2909,true,1
bf16,1,17,1,64,17,optimized_split,4,5,100,11.562885046,7140,0.61749295021,2176,2909,true,1
bf16,1,257,1,64,257,baseline_transform,0,0,100,5.4526925087,65792,12.0659655565,32896,2909,true,1
bf16,1,257,1,64,257,optimized_transform,0,1,100,5.53261518478,65792,11.891663852,32896,2909,true,1
bf16,1,257,1,64,257,baseline_split,0,2,100,12.4635004997,107940,8.66048827955,32896,2909,true,1
bf16,1,257,1,64,257,optimized_split,0,3,100,11.7467308044,107940,9.18893961196,32896,2909,true,1
bf16,1,257,1,64,257,baseline_fused,0,4,100,7.98088490963,42148,5.28111863249,32896,2909,true,1
bf16,1,257,1,64,257,optimized_fused,0,5,100,7.29126870632,42148,5.78061263377,32896,2909,true,1
bf16,1,257,1,64,257,optimized_transform,1,0,100,5.54507672787,65792,11.8649395182,32896,2909,true,1
bf16,1,257,1,64,257,baseline_split,1,1,100,12.4348068237,107940,8.68047260646,32896,2909,true,1
bf16,1,257,1,64,257,optimized_split,1,2,100,11.7338466644,107940,9.1990293624,32896,2909,true,1
bf16,1,257,1,64,257,baseline_fused,1,3,100,7.98300027847,42148,5.27971921956,32896,2909,true,1
bf16,1,257,1,64,257,optimized_fused,1,4,100,7.29857742786,42148,5.77482398681,32896,2909,true,1
bf16,1,257,1,64,257,baseline_transform,1,5,100,5.46130776405,65792,12.0469314022,32896,2909,true,1
bf16,1,257,1,64,257,baseline_split,2,0,100,12.4304997921,107940,8.68348029486,32896,2909,true,1
bf16,1,257,1,64,257,optimized_split,2,1,100,11.7495000362,107940,9.18677387694,32896,2909,true,1
bf16,1,257,1,64,257,baseline_fused,2,2,100,8.00615370274,42148,5.26445051706,32896,2909,true,1
bf16,1,257,1,64,257,optimized_fused,2,3,100,7.29600012302,42148,5.77686393768,32896,2909,true,1
bf16,1,257,1,64,257,baseline_transform,2,4,100,5.45803844929,65792,12.0541474032,32896,2909,true,1
bf16,1,257,1,64,257,optimized_transform,2,5,100,5.53499996662,65792,11.8865402704,32896,2909,true,1
bf16,1,257,1,64,257,optimized_split,3,0,100,11.7546534538,107940,9.18274625654,32896,2909,true,1
bf16,1,257,1,64,257,baseline_fused,3,1,100,8.00765395164,42148,5.26346421243,32896,2909,true,1
bf16,1,257,1,64,257,optimized_fused,3,2,100,7.29576945305,42148,5.7770465845,32896,2909,true,1
bf16,1,257,1,64,257,baseline_transform,3,3,100,5.45980811119,65792,12.0502403491,32896,2909,true,1
bf16,1,257,1,64,257,optimized_transform,3,4,100,5.52788436413,65792,11.901840861,32896,2909,true,1
bf16,1,257,1,64,257,baseline_split,3,5,100,12.432653904,107940,8.68197577394,32896,2909,true,1
bf16,1,257,1,64,257,baseline_fused,4,0,100,8.00334632397,42148,5.26629715795,32896,2909,true,1
bf16,1,257,1,64,257,optimized_fused,4,1,100,7.2866153717,42148,5.78430421395,32896,2909,true,1
bf16,1,257,1,64,257,baseline_transform,4,2,100,5.45911490917,65792,12.0517704966,32896,2909,true,1
bf16,1,257,1,64,257,optimized_transform,4,3,100,5.53796172142,65792,11.8801832352,32896,2909,true,1
bf16,1,257,1,64,257,baseline_split,4,4,100,12.4362695217,107940,8.67945164839,32896,2909,true,1
bf16,1,257,1,64,257,optimized_split,4,5,100,11.7452311516,107940,9.19011287279,32896,2909,true,1
bf16,4,64,16,64,4096,baseline_transform,0,0,100,16.1651146412,1048576,64.8665984297,524288,2909,true,1
bf16,4,64,16,64,4096,optimized_transform,0,1,100,16.2677299976,1048576,64.4574258457,524288,2909,true,1
bf16,4,64,16,64,4096,baseline_split,0,2,100,38.4891533852,1720320,44.6962286436,524288,2909,true,1
bf16,4,64,16,64,4096,optimized_split,0,3,100,34.4172692299,1720320,49.9842096277,524288,2909,true,1
bf16,4,64,16,64,4096,baseline_fused,0,4,100,27.2768473625,671744,24.6268929496,524288,2909,true,1
bf16,4,64,16,64,4096,optimized_fused,0,5,100,21.5879607201,671744,31.1166028469,524288,2909,true,1
bf16,4,64,16,64,4096,optimized_transform,1,0,100,16.2557303905,1048576,64.5050068381,524288,2909,true,1
bf16,4,64,16,64,4096,baseline_split,1,1,100,38.5519242287,1720320,44.6234535479,524288,2909,true,1
bf16,4,64,16,64,4096,optimized_split,1,2,100,34.4661545753,1720320,49.913314125,524288,2909,true,1
bf16,4,64,16,64,4096,baseline_fused,1,3,100,27.2856545448,671744,24.6189439545,524288,2909,true,1
bf16,4,64,16,64,4096,optimized_fused,1,4,100,21.577038765,671744,31.1323535782,524288,2909,true,1
bf16,4,64,16,64,4096,baseline_transform,1,5,100,16.1607694626,1048576,64.8840392425,524288,2909,true,1
bf16,4,64,16,64,4096,baseline_split,2,0,100,38.5086536407,1720320,44.6735950846,524288,2909,true,1
bf16,4,64,16,64,4096,optimized_split,2,1,100,34.4346547127,1720320,49.958973434,524288,2909,true,1
bf16,4,64,16,64,4096,baseline_fused,2,2,100,27.2653079033,671744,24.6373157561,524288,2909,true,1
bf16,4,64,16,64,4096,optimized_fused,2,3,100,21.6076922417,671744,31.0881880622,524288,2909,true,1
bf16,4,64,16,64,4096,baseline_transform,2,4,100,16.1731922626,1048576,64.8342011256,524288,2909,true,1
bf16,4,64,16,64,4096,optimized_transform,2,5,100,16.263422966,1048576,64.4744960635,524288,2909,true,1
bf16,4,64,16,64,4096,optimized_split,3,0,100,34.4470763206,1720320,49.9409582394,524288,2909,true,1
bf16,4,64,16,64,4096,baseline_fused,3,1,100,27.2751522064,671744,24.6284235159,524288,2909,true,1
bf16,4,64,16,64,4096,optimized_fused,3,2,100,21.6345000267,671744,31.0496660043,524288,2909,true,1
bf16,4,64,16,64,4096,baseline_transform,3,3,100,16.1665773392,1048576,64.8607295163,524288,2909,true,1
bf16,4,64,16,64,4096,optimized_transform,3,4,100,16.2628078461,1048576,64.4769347289,524288,2909,true,1
bf16,4,64,16,64,4096,baseline_split,3,5,100,38.5056138039,1720320,44.6771218546,524288,2909,true,1
bf16,4,64,16,64,4096,baseline_fused,4,0,100,27.2714996338,671744,24.6317220916,524288,2909,true,1
bf16,4,64,16,64,4096,optimized_fused,4,1,100,21.5569615364,671744,31.1613489158,524288,2909,true,1
bf16,4,64,16,64,4096,baseline_transform,4,2,100,16.1659228802,1048576,64.8633553291,524288,2909,true,1
bf16,4,64,16,64,4096,optimized_transform,4,3,100,16.263884306,1048576,64.4726671854,524288,2909,true,1
bf16,4,64,16,64,4096,baseline_split,4,4,100,38.4861540794,1720320,44.6997119133,524288,2909,true,1
bf16,4,64,16,64,4096,optimized_split,4,5,100,34.4856142998,1720320,49.8851487767,524288,2909,true,1
bf16,16,64,16,64,16384,baseline_transform,0,0,100,57.1096897125,4194304,73.4429484929,2097152,2909,true,1
bf16,16,64,16,64,16384,optimized_transform,0,1,100,57.2131919861,4194304,73.3100855659,2097152,2909,true,1
bf16,16,64,16,64,16384,baseline_split,0,2,100,127.261734009,6881280,54.0718704927,2097152,2909,true,1
bf16,16,64,16,64,16384,optimized_split,0,3,100,116.418619156,6881280,59.1080709417,2097152,2909,true,1
bf16,16,64,16,64,16384,baseline_fused,0,4,100,88.6705684662,2686976,30.3029071143,2097152,2909,true,1
bf16,16,64,16,64,16384,optimized_fused,0,5,100,67.079539299,2686976,40.0565661017,2097152,2909,true,1
bf16,16,64,16,64,16384,optimized_transform,1,0,100,57.2131919861,4194304,73.3100855659,2097152,2909,true,1
bf16,16,64,16,64,16384,baseline_split,1,1,100,127.487354279,6881280,53.9761770016,2097152,2909,true,1
bf16,16,64,16,64,16384,optimized_split,1,2,100,116.580657959,6881280,59.0259149371,2097152,2909,true,1
bf16,16,64,16,64,16384,baseline_fused,1,3,100,88.8668441772,2686976,30.2359786136,2097152,2909,true,1
bf16,16,64,16,64,16384,optimized_fused,1,4,100,67.1136140823,2686976,40.036228666,2097152,2909,true,1
bf16,16,64,16,64,16384,baseline_transform,1,5,100,57.1136140823,4194304,73.4379021078,2097152,2909,true,1
bf16,16,64,16,64,16384,baseline_split,2,0,100,127.547121048,6881280,53.9508845316,2097152,2909,true,1
bf16,16,64,16,64,16384,optimized_split,2,1,100,116.593494415,6881280,59.0194164306,2097152,2909,true,1
bf16,16,64,16,64,16384,baseline_fused,2,2,100,88.7818050385,2686976,30.2649399709,2097152,2909,true,1
bf16,16,64,16,64,16384,optimized_fused,2,3,100,67.133808136,2686976,40.0241856466,2097152,2909,true,1
bf16,16,64,16,64,16384,baseline_transform,2,4,100,57.1113824844,4194304,73.440771656,2097152,2909,true,1
bf16,16,64,16,64,16384,optimized_transform,2,5,100,57.2104215622,4194304,73.3136356186,2097152,2909,true,1
bf16,16,64,16,64,16384,optimized_split,3,0,100,116.56003952,6881280,59.0363560987,2097152,2909,true,1
bf16,16,64,16,64,16384,baseline_fused,3,1,100,88.7766551971,2686976,30.2666956086,2097152,2909,true,1
bf16,16,64,16,64,16384,optimized_fused,3,2,100,67.1449184418,2686976,40.0175629423,2097152,2909,true,1
bf16,16,64,16,64,16384,baseline_transform,3,3,100,57.1221542358,4194304,73.4269226382,2097152,2909,true,1
bf16,16,64,16,64,16384,optimized_transform,3,4,100,57.2221946716,4194304,73.2985517957,2097152,2909,true,1
bf16,16,64,16,64,16384,baseline_split,3,5,100,127.462501526,6881280,53.9867013249,2097152,2909,true,1
bf16,16,64,16,64,16384,baseline_fused,4,0,100,88.8878440857,2686976,30.2288353108,2097152,2909,true,1
bf16,16,64,16,64,16384,optimized_fused,4,1,100,67.110657692,2686976,40.0379923608,2097152,2909,true,1
bf16,16,64,16,64,16384,baseline_transform,4,2,100,57.1251535416,4194304,73.4230674224,2097152,2909,true,1
bf16,16,64,16,64,16384,optimized_transform,4,3,100,57.2200345993,4194304,73.3013188365,2097152,2909,true,1
bf16,16,64,16,64,16384,baseline_split,4,4,100,127.489728928,6881280,53.9751716305,2097152,2909,true,1
bf16,16,64,16,64,16384,optimized_split,4,5,100,116.578073502,6881280,59.0272235019,2097152,2909,true,1
bf16,1,1,1,128,1,baseline_transform,0,0,100,3.96319240332,512,0.129188782147,256,2909,true,1
bf16,1,1,1,128,1,optimized_transform,0,1,100,4.06265377998,512,0.126025998701,256,2909,true,1
bf16,1,1,1,128,1,baseline_split,0,2,100,10.8115386963,836,0.0773247937675,256,2909,true,1
bf16,1,1,1,128,1,optimized_split,0,3,100,8.5663074255,836,0.0975916411208,256,2909,true,1
bf16,1,1,1,128,1,baseline_fused,0,4,100,8.33334624767,324,0.038879939747,256,2909,true,1
bf16,1,1,1,128,1,optimized_fused,0,5,100,5.76726913452,324,0.0561791018319,256,2909,true,1
bf16,1,1,1,128,1,optimized_transform,1,0,100,4.04892295599,512,0.126453381693,256,2909,true,1
bf16,1,1,1,128,1,baseline_split,1,1,100,10.7905769348,836,0.0774750048167,256,2909,true,1
bf16,1,1,1,128,1,optimized_split,1,2,100,8.55553865433,836,0.0977144787461,256,2909,true,1
bf16,1,1,1,128,1,baseline_fused,1,3,100,8.3344233036,324,0.0388749152998,256,2909,true,1
bf16,1,1,1,128,1,optimized_fused,1,4,100,5.76126873493,324,0.0562376127389,256,2909,true,1
bf16,1,1,1,128,1,baseline_transform,1,5,100,3.95484626293,512,0.129461416692,256,2909,true,1
bf16,1,1,1,128,1,baseline_split,2,0,100,10.7933461666,836,0.077455127177,256,2909,true,1
bf16,1,1,1,128,1,optimized_split,2,1,100,8.5557693243,836,0.0977118442903,256,2909,true,1
bf16,1,1,1,128,1,baseline_fused,2,2,100,8.33269238472,324,0.0388829906399,256,2909,true,1
bf16,1,1,1,128,1,optimized_fused,2,3,100,5.76430797577,324,0.0562079613653,256,2909,true,1
bf16,1,1,1,128,1,baseline_transform,2,4,100,3.95269244909,512,0.129531959947,256,2909,true,1
bf16,1,1,1,128,1,optimized_transform,2,5,100,4.04953837395,512,0.126434164273,256,2909,true,1
bf16,1,1,1,128,1,optimized_split,3,0,100,8.55515360832,836,0.0977188766297,256,2909,true,1
bf16,1,1,1,128,1,baseline_fused,3,1,100,8.33161532879,324,0.0388880171748,256,2909,true,1
bf16,1,1,1,128,1,optimized_fused,3,2,100,5.76449990273,324,0.0562060899414,256,2909,true,1
bf16,1,1,1,128,1,baseline_transform,3,3,100,3.94950002432,512,0.12963666207,256,2909,true,1
bf16,1,1,1,128,1,optimized_transform,3,4,100,4.05065387487,512,0.126399345838,256,2909,true,1
bf16,1,1,1,128,1,baseline_split,3,5,100,10.7905769348,836,0.0774750048167,256,2909,true,1
bf16,1,1,1,128,1,baseline_fused,4,0,100,8.3344233036,324,0.0388749152998,256,2909,true,1
bf16,1,1,1,128,1,optimized_fused,4,1,100,5.76576948166,324,0.0561937137845,256,2909,true,1
bf16,1,1,1,128,1,baseline_transform,4,2,100,3.95011544228,512,0.129616465008,256,2909,true,1
bf16,1,1,1,128,1,optimized_transform,4,3,100,4.04869228601,512,0.126460586241,256,2909,true,1
bf16,1,1,1,128,1,baseline_split,4,4,100,10.7897698879,836,0.0774807997468,256,2909,true,1
bf16,1,1,1,128,1,optimized_split,4,5,100,8.55430781841,836,0.0977285383863,256,2909,true,1
bf16,1,17,1,128,17,baseline_transform,0,0,100,5.7820379734,8704,1.50535158019,4352,2909,true,1
bf16,1,17,1,128,17,optimized_transform,0,1,100,5.8855766058,8704,1.4788695455,4352,2909,true,1
bf16,1,17,1,128,17,baseline_split,0,2,100,14.5367312431,14212,0.97766132993,4352,2909,true,1
bf16,1,17,1,128,17,optimized_split,0,3,100,12.2759997845,14212,1.15770611352,4352,2909,true,1
bf16,1,17,1,128,17,baseline_fused,0,4,100,10.2218461037,5508,0.538845913364,4352,2909,true,1
bf16,1,17,1,128,17,optimized_fused,0,5,100,7.65346169472,5508,0.719674340802,4352,2909,true,1
bf16,1,17,1,128,17,optimized_transform,1,0,100,5.89907705784,8704,1.47548504871,4352,2909,true,1
bf16,1,17,1,128,17,baseline_split,1,1,100,14.5126914978,14212,0.979280790345,4352,2909,true,1
bf16,1,17,1,128,17,optimized_split,1,2,100,12.3126530647,14212,1.15425976232,4352,2909,true,1
bf16,1,17,1,128,17,baseline_fused,1,3,100,10.2636539936,5508,0.536650982528,4352,2909,true,1
bf16,1,17,1,128,17,optimized_fused,1,4,100,7.70976901054,5508,0.714418290933,4352,2909,true,1
bf16,1,17,1,128,17,baseline_transform,1,5,100,5.82919239998,8704,1.49317425173,4352,2909,true,1
bf16,1,17,1,128,17,baseline_split,2,0,100,14.5742690563,14212,0.975143243553,4352,2909,true,1
bf16,1,17,1,128,17,optimized_split,2,1,100,12.3117685318,14212,1.15434268954,4352,2909,true,1
bf16,1,17,1,128,17,baseline_fused,2,2,100,10.2668464184,5508,0.536484113577,4352,2909,true,1
bf16,1,17,1,128,17,optimized_fused,2,3,100,7.68023073673,5508,0.717165953577,4352,2909,true,1
bf16,1,17,1,128,17,baseline_transform,2,4,100,5.80111503601,8704,1.50040120666,4352,2909,true,1
bf16,1,17,1,128,17,optimized_transform,2,5,100,5.91130793095,8704,1.47243217604,4352,2909,true,1
bf16,1,17,1,128,17,optimized_split,3,0,100,12.3023462296,14212,1.15522679453,4352,2909,true,1
bf16,1,17,1,128,17,baseline_fused,3,1,100,10.2660000324,5508,0.536528344302,4352,2909,true,1
bf16,1,17,1,128,17,optimized_fused,3,2,100,7.6817303896,5508,0.717025946063,4352,2909,true,1
bf16,1,17,1,128,17,baseline_transform,3,3,100,6.60880744457,8704,1.31703035275,4352,2909,true,1
bf16,1,17,1,128,17,optimized_transform,3,4,100,8.31707715988,8704,1.04652149219,4352,2909,true,1
bf16,1,17,1,128,17,baseline_split,3,5,100,16.0238838196,14212,0.886926051138,4352,2909,true,1
bf16,1,17,1,128,17,baseline_fused,4,0,100,10.2619230747,5508,0.536741501558,4352,2909,true,1
bf16,1,17,1,128,17,optimized_fused,4,1,100,7.66007721424,5508,0.719052804032,4352,2909,true,1
bf16,1,17,1,128,17,baseline_transform,4,2,100,5.79215407372,8704,1.50272245683,4352,2909,true,1
bf16,1,17,1,128,17,optimized_transform,4,3,100,5.89049994946,8704,1.47763349031,4352,2909,true,1
bf16,1,17,1,128,17,baseline_split,4,4,100,14.5144236088,14212,0.979163925697,4352,2909,true,1
bf16,1,17,1,128,17,optimized_split,4,5,100,12.2976541519,14212,1.15566756265,4352,2909,true,1
bf16,1,257,1,128,257,baseline_transform,0,0,100,6.01284623146,131584,21.8838125797,65792,2909,true,1
bf16,1,257,1,128,257,optimized_transform,0,1,100,6.08573019505,131584,21.6217275138,65792,2909,true,1
bf16,1,257,1,128,257,baseline_split,0,2,100,15.3319239616,214852,14.0133750035,65792,2909,true,1
bf16,1,257,1,128,257,optimized_split,0,3,100,12.5348854065,214852,17.1403242258,65792,2909,true,1
bf16,1,257,1,128,257,baseline_fused,0,4,100,10.9302699566,83268,7.61811010439,65792,2909,true,1
bf16,1,257,1,128,257,optimized_fused,0,5,100,7.80303895473,83268,10.6712270031,65792,2909,true,1
bf16,1,257,1,128,257,optimized_transform,1,0,100,6.07096135616,131584,21.6743267302,65792,2909,true,1
bf16,1,257,1,128,257,baseline_split,1,1,100,15.3516161442,214852,13.9953994408,65792,2909,true,1
bf16,1,257,1,128,257,optimized_split,1,2,100,12.5472688675,214852,17.1234076729,65792,2909,true,1
bf16,1,257,1,128,257,baseline_fused,1,3,100,10.9423077106,83268,7.60972933698,65792,2909,true,1
bf16,1,257,1,128,257,optimized_fused,1,4,100,7.78715372086,83268,10.6929955392,65792,2909,true,1
bf16,1,257,1,128,257,baseline_transform,1,5,100,6.019500494,131584,21.8596210983,65792,2909,true,1
bf16,1,257,1,128,257,baseline_split,2,0,100,15.3332304955,214852,14.0121809337,65792,2909,true,1
bf16,1,257,1,128,257,optimized_split,2,1,100,12.5785768032,214852,17.0807877045,65792,2909,true,1
bf16,1,257,1,128,257,baseline_fused,2,2,100,10.9405767918,83268,7.61093327938,65792,2909,true,1
bf16,1,257,1,128,257,optimized_fused,2,3,100,7.79034554958,83268,10.6886144485,65792,2909,true,1
bf16,1,257,1,128,257,baseline_transform,2,4,100,6.0079228878,131584,21.9017458209,65792,2909,true,1
bf16,1,257,1,128,257,optimized_transform,2,5,100,6.0615003109,131584,21.7081569333,65792,2909,true,1
bf16,1,257,1,128,257,optimized_split,3,0,100,12.5663459301,214852,17.0974125012,65792,2909,true,1
bf16,1,257,1,128,257,baseline_fused,3,1,100,10.9225773811,83268,7.62347540278,65792,2909,true,1
bf16,1,257,1,128,257,optimized_fused,3,2,100,7.77946174145,83268,10.7035682888,65792,2909,true,1
bf16,1,257,1,128,257,baseline_transform,3,3,100,6.00338459015,131584,21.9183025882,65792,2909,true,1
bf16,1,257,1,128,257,optimized_transform,3,4,100,6.06276929379,131584,21.7036132539,65792,2909,true,1
bf16,1,257,1,128,257,baseline_split,3,5,100,15.3244233131,214852,14.0202339501,65792,2909,true,1
bf16,1,257,1,128,257,baseline_fused,4,0,100,10.924500227,83268,7.62213357774,65792,2909,true,1
bf16,1,257,1,128,257,optimized_fused,4,1,100,7.77192294598,83268,10.7139507917,65792,2909,true,1
bf16,1,257,1,128,257,baseline_transform,4,2,100,6.00000023842,131584,21.9306657952,65792,2909,true,1
bf16,1,257,1,128,257,optimized_transform,4,3,100,6.06515407562,131584,21.6950795247,65792,2909,true,1
bf16,1,257,1,128,257,baseline_split,4,4,100,15.3441536427,214852,14.002205987,65792,2909,true,1
bf16,1,257,1,128,257,optimized_split,4,5,100,12.5337696075,214852,17.1418501159,65792,2909,true,1
bf16,4,64,16,128,4096,baseline_transform,0,0,100,17.9340004921,2097152,116.937211021,1048576,2909,true,1
bf16,4,64,16,128,4096,optimized_transform,0,1,100,16.8934619427,2097152,124.139859972,1048576,2909,true,1
bf16,4,64,16,128,4096,baseline_split,0,2,100,58.4253835678,3424256,58.6090461182,1048576,2909,true,1
bf16,4,64,16,128,4096,optimized_split,0,3,100,35.8081912994,3424256,95.6277286212,1048576,2909,true,1
bf16,4,64,16,128,4096,baseline_fused,0,4,100,48.817691803,1327104,27.1848985682,1048576,2909,true,1
bf16,4,64,16,128,4096,optimized_fused,0,5,100,25.027077198,1327104,53.0267273921,1048576,2909,true,1
bf16,4,64,16,128,4096,optimized_transform,1,0,100,16.8938839436,2097152,124.136759019,1048576,2909,true,1
bf16,4,64,16,128,4096,baseline_split,1,1,100,58.3840370178,3424256,58.6505520157,1048576,2909,true,1
bf16,4,64,16,128,4096,optimized_split,1,2,100,35.8516931534,3424256,95.5116955105,1048576,2909,true,1
bf16,4,64,16,128,4096,baseline_fused,1,3,100,48.8183498383,1327104,27.1845321359,1048576,2909,true,1
bf16,4,64,16,128,4096,optimized_fused,1,4,100,25.0576925278,1327104,52.961939673,1048576,2909,true,1
bf16,4,64,16,128,4096,baseline_transform,1,5,100,17.9644238949,2097152,116.739173617,1048576,2909,true,1
bf16,4,64,16,128,4096,baseline_split,2,0,100,58.4144973755,3424256,58.6199685669,1048576,2909,true,1
bf16,4,64,16,128,4096,optimized_split,2,1,100,35.8605003357,3424256,95.4882382551,1048576,2909,true,1
bf16,4,64,16,128,4096,baseline_fused,2,2,100,48.7795782089,1327104,27.2061393052,1048576,2909,true,1
bf16,4,64,16,128,4096,optimized_fused,2,3,100,25.0320005417,1327104,53.0162979898,1048576,2909,true,1
bf16,4,64,16,128,4096,baseline_transform,2,4,100,17.9635763168,2097152,116.744681739,1048576,2909,true,1
bf16,4,64,16,128,4096,optimized_transform,2,5,100,16.8929994106,2097152,124.143258934,1048576,2909,true,1
bf16,4,64,16,128,4096,optimized_split,3,0,100,35.8756923676,3424256,95.4478025098,1048576,2909,true,1
bf16,4,64,16,128,4096,baseline_fused,3,1,100,48.3681154251,1327104,27.4375792469,1048576,2909,true,1
bf16,4,64,16,128,4096,optimized_fused,3,2,100,25.2499222755,1327104,52.5587360435,1048576,2909,true,1
bf16,4,64,16,128,4096,baseline_transform,3,3,100,18.0488467216,2097152,116.193130361,1048576,2909,true,1
bf16,4,64,16,128,4096,optimized_transform,3,4,100,16.9148850441,2097152,123.982633907,1048576,2909,true,1
bf16,4,64,16,128,4096,baseline_split,3,5,100,58.7258815765,3424256,58.3091459519,1048576,2909,true,1
bf16,4,64,16,128,4096,baseline_fused,4,0,100,48.9106893539,1327104,27.1332098879,1048576,2909,true,1
bf16,4,64,16,128,4096,optimized_fused,4,1,100,25.1580023766,1327104,52.7507701182,1048576,2909,true,1
bf16,4,64,16,128,4096,baseline_transform,4,2,100,17.9818081856,2097152,116.62631357,1048576,2909,true,1
bf16,4,64,16,128,4096,optimized_transform,4,3,100,16.8945002556,2097152,124.132230505,1048576,2909,true,1
bf16,4,64,16,128,4096,baseline_split,4,4,100,58.422460556,3424256,58.6119784653,1048576,2909,true,1
bf16,4,64,16,128,4096,optimized_split,4,5,100,35.8165764809,3424256,95.6053407793,1048576,2909,true,1
bf16,16,64,16,128,16384,baseline_transform,0,0,100,58.82999897,8388608,142.590653525,4194304,2909,true,1
bf16,16,64,16,128,16384,optimized_transform,0,1,100,57.8406143188,8388608,145.029718283,4194304,2909,true,1
bf16,16,64,16,128,16384,baseline_split,0,2,100,187.238540649,13697024,73.1528025827,4194304,2909,true,1
bf16,16,64,16,128,16384,optimized_split,0,3,100,117.731962204,13697024,116.34074336,4194304,2909,true,1
bf16,16,64,16,128,16384,baseline_fused,0,4,100,160.940990448,5308416,32.9836170712,4194304,2909,true,1
bf16,16,64,16,128,16384,optimized_fused,0,5,100,80.3303527832,5308416,66.0823190249,4194304,2909,true,1
bf16,16,64,16,128,16384,optimized_transform,1,0,100,57.8524208069,8388608,145.000120704,4194304,2909,true,1
bf16,16,64,16,128,16384,baseline_split,1,1,100,187.397327423,13697024,73.0908182542,4194304,2909,true,1
bf16,16,64,16,128,16384,optimized_split,1,2,100,117.841453552,13697024,116.232646383,4194304,2909,true,1
bf16,16,64,16,128,16384,baseline_fused,1,3,100,160.892524719,5308416,32.9935527413,4194304,2909,true,1
bf16,16,64,16,128,16384,optimized_fused,1,4,100,80.4531574249,5308416,65.9814501992,4194304,2909,true,1
bf16,16,64,16,128,16384,baseline_transform,1,5,100,58.9410018921,8388608,142.32211416,4194304,2909,true,1
bf16,16,64,16,128,16384,baseline_split,2,0,100,187.361774445,13697024,73.104687659,4194304,2909,true,1
bf16,16,64,16,128,16384,optimized_split,2,1,100,117.882003784,13697024,116.192663514,4194304,2909,true,1
bf16,16,64,16,128,16384,baseline_fused,2,2,100,161.021118164,5308416,32.9672036844,4194304,2909,true,1
bf16,16,64,16,128,16384,optimized_fused,2,3,100,80.2660751343,5308416,66.1352382201,4194304,2909,true,1
bf16,16,64,16,128,16384,baseline_transform,2,4,100,58.9988470078,8388608,142.182575176,4194304,2909,true,1
bf16,16,64,16,128,16384,optimized_transform,2,5,100,57.8416919708,8388608,145.027016226,4194304,2909,true,1
bf16,16,64,16,128,16384,optimized_split,3,0,100,117.835302353,13697024,116.238713921,4194304,2909,true,1
bf16,16,64,16,128,16384,baseline_fused,3,1,100,160.861701965,5308416,32.9998746448,4194304,2909,true,1
bf16,16,64,16,128,16384,optimized_fused,3,2,100,80.3483486176,5308416,66.0675183913,4194304,2909,true,1
bf16,16,64,16,128,16384,baseline_transform,3,3,100,58.9686536789,8388608,142.255375978,4194304,2909,true,1
bf16,16,64,16,128,16384,optimized_transform,3,4,100,57.8369998932,8388608,145.038781671,4194304,2909,true,1
bf16,16,64,16,128,16384,baseline_split,3,5,100,187.555503845,13697024,73.0291765327,4194304,2909,true,1
bf16,16,64,16,128,16384,baseline_fused,4,0,100,160.894737244,5308416,32.9930990344,4194304,2909,true,1
bf16,16,64,16,128,16384,optimized_fused,4,1,100,80.4595375061,5308416,65.9762181655,4194304,2909,true,1
bf16,16,64,16,128,16384,baseline_transform,4,2,100,58.9388465881,8388608,142.327318663,4194304,2909,true,1
bf16,16,64,16,128,16384,optimized_transform,4,3,100,57.8481149673,8388608,145.010913575,4194304,2909,true,1
bf16,16,64,16,128,16384,baseline_split,4,4,100,187.371006012,13697024,73.1010858698,4194304,2909,true,1
bf16,16,64,16,128,16384,optimized_split,4,5,100,117.90769577,13697024,116.167345232,4194304,2909,true,1
bf16,1,1,1,256,1,baseline_transform,0,0,100,4.20042306185,1024,0.243784967591,512,2909,true,1
bf16,1,1,1,256,1,optimized_transform,0,1,100,4.40934628248,1024,0.23223397175,512,2909,true,1
bf16,1,1,1,256,1,baseline_split,0,2,100,14.6971929073,1668,0.113491059859,512,2909,true,1
bf16,1,1,1,256,1,optimized_split,0,3,100,9.17338490486,1668,0.181830373117,512,2909,true,1
bf16,1,1,1,256,1,baseline_fused,0,4,100,12.3883080482,644,0.0519845000215,512,2909,true,1
bf16,1,1,1,256,1,optimized_fused,0,5,100,6.37199997902,644,0.101067169197,512,2909,true,1
bf16,1,1,1,256,1,optimized_transform,1,0,100,4.40053850412,1024,0.23269879335,512,2909,true,1
bf16,1,1,1,256,1,baseline_split,1,1,100,14.6704232693,1668,0.113698150993,512,2909,true,1
bf16,1,1,1,256,1,optimized_split,1,2,100,9.16284620762,1668,0.182039506307,512,2909,true,1
bf16,1,1,1,256,1,baseline_fused,1,3,100,12.3863458633,644,0.0519927351541,512,2909,true,1
bf16,1,1,1,256,1,optimized_fused,1,4,100,6.37092292309,644,0.101084255417,512,2909,true,1
bf16,1,1,1,256,1,baseline_transform,1,5,100,4.18734610081,1024,0.24454630101,512,2909,true,1
bf16,1,1,1,256,1,baseline_split,2,0,100,14.6708846092,1668,0.113694575646,512,2909,true,1
bf16,1,1,1,256,1,optimized_split,2,1,100,9.16261553764,1668,0.182044089174,512,2909,true,1
bf16,1,1,1,256,1,baseline_fused,2,2,100,12.3899996281,644,0.0519774026902,512,2909,true,1
bf16,1,1,1,256,1,optimized_fused,2,3,100,6.37223064899,644,0.101063510641,512,2909,true,1
bf16,1,1,1,256,1,baseline_transform,2,4,100,4.211807549,1024,0.243126018482,512,2909,true,1
bf16,1,1,1,256,1,optimized_transform,2,5,100,4.39973086119,1024,0.232741509039,512,2909,true,1
bf16,1,1,1,256,1,optimized_split,3,0,100,9.16134655476,1668,0.18206930499,512,2909,true,1
bf16,1,1,1,256,1,baseline_fused,3,1,100,12.3809993267,644,0.0520151873856,512,2909,true,1
bf16,1,1,1,256,1,optimized_fused,3,2,100,6.37111485004,644,0.1010812103,512,2909,true,1
bf16,1,1,1,256,1,baseline_transform,3,3,100,4.19250011444,1024,0.244245670137,512,2909,true,1
bf16,1,1,1,256,1,optimized_transform,3,4,100,4.40015375614,1024,0.232719140455,512,2909,true,1
bf16,1,1,1,256,1,baseline_split,3,5,100,14.6757686138,1668,0.113656738798,512,2909,true,1
bf16,1,1,1,256,1,baseline_fused,4,0,100,12.39107728,644,0.0519728822156,512,2909,true,1
bf16,1,1,1,256,1,optimized_fused,4,1,100,6.36900007725,644,0.101114773464,512,2909,true,1
bf16,1,1,1,256,1,baseline_transform,4,2,100,4.19380784035,1024,0.24416950871,512,2909,true,1
bf16,1,1,1,256,1,optimized_transform,4,3,100,4.39649999142,1024,0.232912544524,512,2909,true,1
bf16,1,1,1,256,1,baseline_split,4,4,100,14.6670007706,1668,0.1137246821,512,2909,true,1
bf16,1,1,1,256,1,optimized_split,4,5,100,9.16180789471,1668,0.182060136948,512,2909,true,1
bf16,1,17,1,256,17,baseline_transform,0,0,100,6.05484604836,17408,2.87505245567,8704,2909,true,1
bf16,1,17,1,256,17,optimized_transform,0,1,100,6.27619206905,17408,2.77365635221,8704,2909,true,1
bf16,1,17,1,256,17,baseline_split,0,2,100,18.3805775642,28356,1.54271539623,8704,2909,true,1
bf16,1,17,1,256,17,optimized_split,0,3,100,12.8792309761,28356,2.20168425061,8704,2909,true,1
bf16,1,17,1,256,17,baseline_fused,0,4,100,14.2677688599,10948,0.767323896787,8704,2909,true,1
bf16,1,17,1,256,17,optimized_fused,0,5,100,8.25792312622,10948,1.32575707386,8704,2909,true,1
bf16,1,17,1,256,17,optimized_transform,1,0,100,6.2575763464,17408,2.78190772854,8704,2909,true,1
bf16,1,17,1,256,17,baseline_split,1,1,100,18.3840000629,28356,1.54242819315,8704,2909,true,1
bf16,1,17,1,256,17,optimized_split,1,2,100,12.8843462467,28356,2.20081015032,8704,2909,true,1
bf16,1,17,1,256,17,baseline_fused,1,3,100,14.2877304554,10948,0.766251857436,8704,2909,true,1
bf16,1,17,1,256,17,optimized_fused,1,4,100,8.24999988079,10948,1.32703032221,8704,2909,true,1
bf16,1,17,1,256,17,baseline_transform,1,5,100,6.0653847456,17408,2.87005700877,8704,2909,true,1
bf16,1,17,1,256,17,baseline_split,2,0,100,18.3945000172,28356,1.54154774381,8704,2909,true,1
bf16,1,17,1,256,17,optimized_split,2,1,100,12.9066157341,28356,2.19701280213,8704,2909,true,1
bf16,1,17,1,256,17,baseline_fused,2,2,100,14.2853462696,10948,0.766379742806,8704,2909,true,1
bf16,1,17,1,256,17,optimized_fused,2,3,100,8.24638485909,10948,1.32761206117,8704,2909,true,1
bf16,1,17,1,256,17,baseline_transform,2,4,100,6.04350030422,17408,2.88044992533,8704,2909,true,1
bf16,1,17,1,256,17,optimized_transform,2,5,100,6.24703884125,17408,2.78660025052,8704,2909,true,1
bf16,1,17,1,256,17,optimized_split,3,0,100,12.8959238529,28356,2.19883432342,8704,2909,true,1
bf16,1,17,1,256,17,baseline_fused,3,1,100,14.2609226704,10948,0.767692263191,8704,2909,true,1
bf16,1,17,1,256,17,optimized_fused,3,2,100,8.24896097183,10948,1.327197454,8704,2909,true,1
bf16,1,17,1,256,17,baseline_transform,3,3,100,6.05503857136,17408,2.87496104192,8704,2909,true,1
bf16,1,17,1,256,17,optimized_transform,3,4,100,6.25607669353,17408,2.78257458352,8704,2909,true,1
bf16,1,17,1,256,17,baseline_split,3,5,100,18.3949232101,28356,1.54151227902,8704,2909,true,1
bf16,1,17,1,256,17,baseline_fused,4,0,100,14.2769992352,10948,0.766827806017,8704,2909,true,1
bf16,1,17,1,256,17,optimized_fused,4,1,100,8.23888480663,10948,1.32882061795,8704,2909,true,1
bf16,1,17,1,256,17,baseline_transform,4,2,100,6.04992330074,17408,2.87739185022,8704,2909,true,1
bf16,1,17,1,256,17,optimized_transform,4,3,100,6.26249969006,17408,2.77972069646,8704,2909,true,1
bf16,1,17,1,256,17,baseline_split,4,4,100,18.4041535854,28356,1.54073915262,8704,2909,true,1
bf16,1,17,1,256,17,optimized_split,4,5,100,12.8828847408,28356,2.20105982243,8704,2909,true,1
bf16,1,257,1,256,257,baseline_transform,0,0,100,6.64757668972,263168,39.5885617096,131584,2909,true,1
bf16,1,257,1,256,257,optimized_transform,0,1,100,6.69726908207,263168,39.2948225277,131584,2909,true,1
bf16,1,257,1,256,257,baseline_split,0,2,100,24.6638846397,428676,17.3807170388,131584,2909,true,1
bf16,1,257,1,256,257,optimized_split,0,3,100,13.6744236946,428676,31.3487434333,131584,2909,true,1
bf16,1,257,1,256,257,baseline_fused,0,4,100,19.9075770378,165508,8.31381939076,131584,2909,true,1
bf16,1,257,1,256,257,optimized_fused,0,5,100,8.7850767374,165508,18.839676072,131584,2909,true,1
bf16,1,257,1,256,257,optimized_transform,1,0,100,6.68788433075,263168,39.349962856,131584,2909,true,1
bf16,1,257,1,256,257,baseline_split,1,1,100,24.6105003357,428676,17.4184187299,131584,2909,true,1
bf16,1,257,1,256,257,optimized_split,1,2,100,13.6979997158,428676,31.2947882095,131584,2909,true,1
bf16,1,257,1,256,257,baseline_fused,1,3,100,19.9339222908,165508,8.30283160461,131584,2909,true,1
bf16,1,257,1,256,257,optimized_fused,1,4,100,8.78869235516,165508,18.831925537,131584,2909,true,1
bf16,1,257,1,256,257,baseline_transform,1,5,100,6.65296137333,263168,39.5565200566,131584,2909,true,1
bf16,1,257,1,256,257,baseline_split,2,0,100,24.6282672882,428676,17.4058529974,131584,2909,true,1
bf16,1,257,1,256,257,optimized_split,2,1,100,13.6870384216,428676,31.319850708,131584,2909,true,1
bf16,1,257,1,256,257,baseline_fused,2,2,100,19.9896538258,165508,8.27968315223,131584,2909,true,1
bf16,1,257,1,256,257,optimized_fused,2,3,100,8.78746151924,165508,18.8345632738,131584,2909,true,1
bf16,1,257,1,256,257,baseline_transform,2,4,100,6.66042327881,263168,39.5122035017,131584,2909,true,1
bf16,1,257,1,256,257,optimized_transform,2,5,100,6.7133462429,263168,39.2007190569,131584,2909,true,1
bf16,1,257,1,256,257,optimized_split,3,0,100,13.6787307262,428676,31.3388726322,131584,2909,true,1
bf16,1,257,1,256,257,baseline_fused,3,1,100,19.905654192,165508,8.31462248886,131584,2909,true,1
bf16,1,257,1,256,257,optimized_fused,3,2,100,8.78546178341,165508,18.8388503735,131584,2909,true,1
bf16,1,257,1,256,257,baseline_transform,3,3,100,6.65099978447,263168,39.5681865175,131584,2909,true,1
bf16,1,257,1,256,257,optimized_transform,3,4,100,6.7131537199,263168,39.2018432737,131584,2909,true,1
bf16,1,257,1,256,257,baseline_split,3,5,100,24.6345019341,428676,17.4014478209,131584,2909,true,1
bf16,1,257,1,256,257,baseline_fused,4,0,100,19.9877309799,165508,8.28047966857,131584,2909,true,1
bf16,1,257,1,256,257,optimized_fused,4,1,100,8.77776920795,165508,18.8553601808,131584,2909,true,1
bf16,1,257,1,256,257,baseline_transform,4,2,100,6.6520768404,263168,39.5617799244,131584,2909,true,1
bf16,1,257,1,256,257,optimized_transform,4,3,100,6.70392334461,263168,39.2558187903,131584,2909,true,1
bf16,1,257,1,256,257,baseline_split,4,4,100,24.5862698555,428676,17.4355850855,131584,2909,true,1
bf16,1,257,1,256,257,optimized_split,4,5,100,13.6755001545,428676,31.3462758332,131584,2909,true,1
bf16,4,64,16,256,4096,baseline_transform,0,0,100,29.0862703323,4194304,144.202194096,2097152,2909,true,1
bf16,4,64,16,256,4096,optimized_transform,0,1,100,28.7865018845,4194304,145.703844699,2097152,2909,true,1
bf16,4,64,16,256,4096,baseline_split,0,2,100,131.589231491,6832128,51.9201147585,2097152,2909,true,1
bf16,4,64,16,256,4096,optimized_split,0,3,100,50.7304239273,6832128,134.675160803,2097152,2909,true,1
bf16,4,64,16,256,4096,baseline_fused,0,4,100,122.636766434,2637824,21.5092429188,2097152,2909,true,1
bf16,4,64,16,256,4096,optimized_fused,0,5,100,39.3565750122,2637824,67.0237183795,2097152,2909,true,1
bf16,4,64,16,256,4096,optimized_transform,1,0,100,28.8385772705,4194304,145.440739349,2097152,2909,true,1
bf16,4,64,16,256,4096,baseline_split,1,1,100,131.655883789,6832128,51.8938296062,2097152,2909,true,1
bf16,4,64,16,256,4096,optimized_split,1,2,100,50.9329223633,6832128,134.139721088,2097152,2909,true,1
bf16,4,64,16,256,4096,baseline_fused,1,3,100,122.677955627,2637824,21.5020211782,2097152,2909,true,1
bf16,4,64,16,256,4096,optimized_fused,1,4,100,39.5856142044,2637824,66.6359245149,2097152,2909,true,1
bf16,4,64,16,256,4096,baseline_transform,1,5,100,29.2573070526,4194304,143.359195447,2097152,2909,true,1
bf16,4,64,16,256,4096,baseline_split,2,0,100,131.82557106,6832128,51.8270313191,2097152,2909,true,1
bf16,4,64,16,256,4096,optimized_split,2,1,100,51.018652916,6832128,133.914315834,2097152,2909,true,1
bf16,4,64,16,256,4096,baseline_fused,2,2,100,122.856845856,2637824,21.4707123696,2097152,2909,true,1
bf16,4,64,16,256,4096,optimized_fused,2,3,100,39.5734238625,2637824,66.6564512883,2097152,2909,true,1
bf16,4,64,16,256,4096,baseline_transform,2,4,100,29.2724990845,4194304,143.28479396,2097152,2909,true,1
bf16,4,64,16,256,4096,optimized_transform,2,5,100,28.9823460579,4194304,144.719271229,2097152,2909,true,1
bf16,4,64,16,256,4096,optimized_split,3,0,100,51.005153656,6832128,133.949758216,2097152,2909,true,1
bf16,4,64,16,256,4096,baseline_fused,3,1,100,122.794694901,2637824,21.4815794944,2097152,2909,true,1
bf16,4,64,16,256,4096,optimized_fused,3,2,100,39.5446920395,2637824,66.7048815898,2097152,2909,true,1
bf16,4,64,16,256,4096,baseline_transform,3,3,100,29.3033456802,4194304,143.133963124,2097152,2909,true,1
bf16,4,64,16,256,4096,optimized_transform,3,4,100,29.0009999275,4194304,144.626185665,2097152,2909,true,1
bf16,4,64,16,256,4096,baseline_split,3,5,100,132.20911026,6832128,51.6766808775,2097152,2909,true,1
bf16,4,64,16,256,4096,baseline_fused,4,0,100,122.526426315,2637824,21.5286128823,2097152,2909,true,1
bf16,4,64,16,256,4096,optimized_fused,4,1,100,39.5421147346,2637824,66.7092293293,2097152,2909,true,1
bf16,4,64,16,256,4096,baseline_transform,4,2,100,29.2412304878,4194304,143.438013039,2097152,2909,true,1
bf16,4,64,16,256,4096,optimized_transform,4,3,100,28.9703464508,4194304,144.779214398,2097152,2909,true,1
bf16,4,64,16,256,4096,baseline_split,4,4,100,132.028303146,6832128,51.7474498815,2097152,2909,true,1
bf16,4,64,16,256,4096,optimized_split,4,5,100,51.087231636,6832128,133.7345513,2097152,2909,true,1
bf16,16,64,16,256,16384,baseline_transform,0,0,100,100.841159821,16777216,166.372699698,8388608,2909,true,1
bf16,16,64,16,256,16384,optimized_transform,0,1,100,99.2393493652,16777216,169.058101522,8388608,2909,true,1
bf16,16,64,16,256,16384,baseline_split,0,2,100,456.682701111,27328512,59.8413557893,8388608,2909,true,1
bf16,16,64,16,256,16384,optimized_split,0,3,100,169.84369278,27328512,160.903896711,8388608,2909,true,1
bf16,16,64,16,256,16384,baseline_fused,0,4,100,432.869758606,10551296,24.3752209301,8388608,2909,true,1
bf16,16,64,16,256,16384,optimized_fused,0,5,100,137.113924026,10551296,76.9527681081,8388608,2909,true,1
bf16,16,64,16,256,16384,optimized_transform,1,0,100,99.3319225311,16777216,168.900546496,8388608,2909,true,1
bf16,16,64,16,256,16384,baseline_split,1,1,100,456.70627594,27328512,59.8382668242,8388608,2909,true,1
bf16,16,64,16,256,16384,optimized_split,1,2,100,169.769115448,27328512,160.974579669,8388608,2909,true,1
bf16,16,64,16,256,16384,baseline_fused,1,3,100,432.858009338,10551296,24.3758825582,8388608,2909,true,1
bf16,16,64,16,256,16384,optimized_fused,1,4,100,137.237539291,10551296,76.8834537145,8388608,2909,true,1
bf16,16,64,16,256,16384,baseline_transform,1,5,100,101.045770645,16777216,166.035806278,8388608,2909,true,1
bf16,16,64,16,256,16384,baseline_split,2,0,100,456.861228943,27328512,59.8179715605,8388608,2909,true,1
bf16,16,64,16,256,16384,optimized_split,2,1,100,169.839229584,27328512,160.908125096,8388608,2909,true,1
bf16,16,64,16,256,16384,baseline_fused,2,2,100,433.009109497,10551296,24.3673765022,8388608,2909,true,1
bf16,16,64,16,256,16384,optimized_fused,2,3,100,137.149925232,10551296,76.9325683711,8388608,2909,true,1
bf16,16,64,16,256,16384,baseline_transform,2,4,100,101.050691605,16777216,166.027720678,8388608,2909,true,1
bf16,16,64,16,256,16384,optimized_transform,2,5,100,99.4146537781,16777216,168.759990227,8388608,2909,true,1
bf16,16,64,16,256,16384,optimized_split,3,0,100,169.797649384,27328512,160.947528421,8388608,2909,true,1
bf16,16,64,16,256,16384,baseline_fused,3,1,100,432.863769531,10551296,24.3755581841,8388608,2909,true,1
bf16,16,64,16,256,16384,optimized_fused,3,2,100,137.180109024,10551296,76.9156408685,8388608,2909,true,1
bf16,16,64,16,256,16384,baseline_transform,3,3,100,101.113042831,16777216,165.925339899,8388608,2909,true,1
bf16,16,64,16,256,16384,optimized_transform,3,4,100,99.4088459015,16777216,168.769849885,8388608,2909,true,1
bf16,16,64,16,256,16384,baseline_split,3,5,100,456.8567276,27328512,59.8185609383,8388608,2909,true,1
bf16,16,64,16,256,16384,baseline_fused,4,0,100,432.817268372,10551296,24.3781770531,8388608,2909,true,1
bf16,16,64,16,256,16384,optimized_fused,4,1,100,137.197036743,10551296,76.9061508213,8388608,2909,true,1
bf16,16,64,16,256,16384,baseline_transform,4,2,100,101.003770828,16777216,166.104847992,8388608,2909,true,1
bf16,16,64,16,256,16384,optimized_transform,4,3,100,99.3863868713,16777216,168.807987976,8388608,2909,true,1
bf16,16,64,16,256,16384,baseline_split,4,4,100,456.661300659,27328512,59.844160126,8388608,2909,true,1
bf16,16,64,16,256,16384,optimized_split,4,5,100,169.831314087,27328512,160.9156247,8388608,2909,true,1
