run,rows,scale,warmup_replays,method,group,event_ms,per_call_ms
1,16385,1.0,5,original,0,25.051136016845703,0.019571200013160706
1,16385,1.0,5,original,1,24.72652816772461,0.01931760013103485
1,16385,1.0,5,original,2,21.01759910583496,0.016419999301433563
1,16385,1.0,5,original,3,20.588544845581055,0.0160848006606102
1,16385,1.0,5,original,4,20.84454345703125,0.016284799575805663
1,16385,1.0,5,contiguous256,0,23.07379150390625,0.018026399612426757
1,16385,1.0,5,contiguous256,1,23.06559944152832,0.018019999563694
1,16385,1.0,5,contiguous256,2,19.325952529907227,0.01509840041399002
1,16385,1.0,5,contiguous256,3,19.161088943481445,0.01496960073709488
1,16385,1.0,5,contiguous256,4,19.208192825317383,0.015006400644779205
1,16385,1.0,256,original,0,20.85683250427246,0.01629440039396286
1,16385,1.0,256,original,1,20.921344757080078,0.01634480059146881
1,16385,1.0,256,original,2,20.85683250427246,0.01629440039396286
1,16385,1.0,256,original,3,20.84454345703125,0.016284799575805663
1,16385,1.0,256,original,4,20.46668815612793,0.015989600121974944
1,16385,1.0,256,contiguous256,0,19.2491512298584,0.015038399398326874
1,16385,1.0,256,contiguous256,1,19.387392044067383,0.015146400034427642
1,16385,1.0,256,contiguous256,2,19.299327850341797,0.015077599883079528
1,16385,1.0,256,contiguous256,3,19.21945571899414,0.015015199780464172
1,16385,1.0,256,contiguous256,4,19.0883846282959,0.01491280049085617
1,16385,0.0625,5,original,0,19.516416549682617,0.015247200429439545
1,16385,0.0625,5,original,1,20.553728103637695,0.01605760008096695
1,16385,0.0625,5,original,2,20.83123207092285,0.016274400055408478
1,16385,0.0625,5,original,3,20.795391082763672,0.016246399283409117
1,16385,0.0625,5,original,4,20.717567443847656,0.01618559956550598
1,16385,0.0625,5,contiguous256,0,18.545663833618164,0.014488799870014191
1,16385,0.0625,5,contiguous256,1,18.934783935546875,0.014792799949645996
1,16385,0.0625,5,contiguous256,2,19.21945571899414,0.015015199780464172
1,16385,0.0625,5,contiguous256,3,19.22559928894043,0.01501999944448471
1,16385,0.0625,5,contiguous256,4,19.288063049316406,0.015068799257278442
1,16383,1.0,5,original,0,19.738624572753906,0.01542080044746399
1,16383,1.0,5,original,1,20.509695053100586,0.016023199260234832
1,16383,1.0,5,original,2,20.4902400970459,0.016008000075817107
1,16383,1.0,5,original,3,20.720640182495117,0.01618800014257431
1,16383,1.0,5,original,4,20.49126434326172,0.016008800268173216
1,16383,1.0,5,contiguous256,0,18.134016036987305,0.014167200028896331
1,16383,1.0,5,contiguous256,1,19.0699520111084,0.014898400008678436
1,16383,1.0,5,contiguous256,2,19.06585693359375,0.014895200729370117
1,16383,1.0,5,contiguous256,3,19.075071334838867,0.014902399480342865
1,16383,1.0,5,contiguous256,4,19.074047088623047,0.014901599287986756
1,16383,1.0,256,original,0,20.382720947265625,0.01592400074005127
1,16383,1.0,256,original,1,20.85478401184082,0.01629280000925064
1,16383,1.0,256,original,2,20.850688934326172,0.016289600729942323
1,16383,1.0,256,original,3,20.700159072875977,0.016171999275684357
1,16383,1.0,256,original,4,20.702207565307617,0.016173599660396575
1,16383,1.0,256,contiguous256,0,19.124223709106445,0.01494079977273941
1,16383,1.0,256,contiguous256,1,19.2225284576416,0.015017600357532501
1,16383,1.0,256,contiguous256,2,19.165184020996094,0.014972800016403198
1,16383,1.0,256,contiguous256,3,19.07097625732422,0.014899200201034546
1,16383,1.0,256,contiguous256,4,19.078144073486328,0.014904800057411193
1,16383,0.0625,256,original,0,20.962303161621094,0.016376799345016478
1,16383,0.0625,256,original,1,20.957183837890625,0.01637279987335205
1,16383,0.0625,256,original,2,20.84659194946289,0.016286399960517884
1,16383,0.0625,256,original,3,20.923391342163086,0.01634639948606491
1,16383,0.0625,256,original,4,21.023744583129883,0.01642480045557022
1,16383,0.0625,256,contiguous256,0,19.320831298828125,0.015094399452209473
1,16383,0.0625,256,contiguous256,1,19.311616897583008,0.015087200701236725
1,16383,0.0625,256,contiguous256,2,19.22047996520996,0.015015999972820281
1,16383,0.0625,256,contiguous256,3,19.3832950592041,0.015143199265003205
1,16383,0.0625,256,contiguous256,4,19.385343551635742,0.015144799649715424
1,16383,0.0625,5,original,0,19.536895751953125,0.015263199806213379
1,16383,0.0625,5,original,1,20.64691162109375,0.016130399703979493
1,16383,0.0625,5,original,2,20.824064254760742,0.01626880019903183
1,16383,0.0625,5,original,3,20.82918357849121,0.01627279967069626
1,16383,0.0625,5,original,4,20.893695831298828,0.016323199868202208
1,16383,0.0625,5,contiguous256,0,18.358272552490234,0.014342400431632995
1,16383,0.0625,5,contiguous256,1,18.83545684814453,0.014715200662612915
1,16383,0.0625,5,contiguous256,2,19.2040958404541,0.015003199875354766
1,16383,0.0625,5,contiguous256,3,19.206144332885742,0.015004800260066986
1,16383,0.0625,5,contiguous256,4,19.301376342773438,0.015079200267791748
1,16385,0.0625,256,original,0,20.841472625732422,0.016282400488853453
1,16385,0.0625,256,original,1,20.86195182800293,0.01629839986562729
1,16385,0.0625,256,original,2,20.841472625732422,0.016282400488853453
1,16385,0.0625,256,original,3,20.85273551940918,0.01629119962453842
1,16385,0.0625,256,original,4,20.69196891784668,0.01616560071706772
1,16385,0.0625,256,contiguous256,0,19.353599548339844,0.015119999647140503
1,16385,0.0625,256,contiguous256,1,19.346431732177734,0.015114399790763854
1,16385,0.0625,256,contiguous256,2,19.21945571899414,0.015015199780464172
1,16385,0.0625,256,contiguous256,3,19.349504470825195,0.015116800367832185
1,16385,0.0625,256,contiguous256,4,19.121152877807617,0.0149384006857872
2,16385,1.0,5,original,0,25.041919708251953,0.01956399977207184
2,16385,1.0,5,original,1,25.044992446899414,0.019566400349140166
2,16385,1.0,5,original,2,25.027584075927734,0.019552800059318542
2,16385,1.0,5,original,3,25.048063278198242,0.019568799436092375
2,16385,1.0,5,original,4,20.548608779907227,0.01605360060930252
2,16385,1.0,5,contiguous256,0,23.08095932006836,0.018031999468803406
2,16385,1.0,5,contiguous256,1,23.06662368774414,0.01802079975605011
2,16385,1.0,5,contiguous256,2,23.05945587158203,0.018015199899673463
2,16385,1.0,5,contiguous256,3,20.24550437927246,0.01581680029630661
2,16385,1.0,5,contiguous256,4,19.02182388305664,0.014860799908638
2,16383,0.0625,5,original,0,19.504127502441406,0.015237599611282349
2,16383,0.0625,5,original,1,20.46976089477539,0.015992000699043274
2,16383,0.0625,5,original,2,20.703231811523438,0.016174399852752687
2,16383,0.0625,5,original,3,20.776960372924805,0.016232000291347505
2,16383,0.0625,5,original,4,20.85683250427246,0.01629440039396286
2,16383,0.0625,5,contiguous256,0,18.544639587402344,0.01448799967765808
2,16383,0.0625,5,contiguous256,1,18.897920608520508,0.014764000475406647
2,16383,0.0625,5,contiguous256,2,19.303424835205078,0.015080800652503968
2,16383,0.0625,5,contiguous256,3,19.08940887451172,0.014913600683212281
2,16383,0.0625,5,contiguous256,4,19.368959426879883,0.01513199955224991
2,16385,0.0625,256,original,0,20.88857650756836,0.01631920039653778
2,16385,0.0625,256,original,1,20.83942413330078,0.016280800104141235
2,16385,0.0625,256,original,2,20.85171127319336,0.01629039943218231
2,16385,0.0625,256,original,3,20.85683250427246,0.01629440039396286
2,16385,0.0625,256,original,4,20.84761619567871,0.016287200152873993
2,16385,0.0625,256,contiguous256,0,19.375104904174805,0.015136800706386566
2,16385,0.0625,256,contiguous256,1,19.208192825317383,0.015006400644779205
2,16385,0.0625,256,contiguous256,2,19.21228790283203,0.015009599924087524
2,16385,0.0625,256,contiguous256,3,19.21945571899414,0.015015199780464172
2,16385,0.0625,256,contiguous256,4,19.216384887695312,0.015012800693511963
2,16383,1.0,5,original,0,19.45292854309082,0.015197600424289703
2,16383,1.0,5,original,1,20.540416717529297,0.016047200560569762
2,16383,1.0,5,original,2,20.739072799682617,0.016202400624752044
2,16383,1.0,5,original,3,20.842496871948242,0.016283200681209566
2,16383,1.0,5,original,4,20.84556770324707,0.016285599768161775
2,16383,1.0,5,contiguous256,0,18.557952880859375,0.014498400688171386
2,16383,1.0,5,contiguous256,1,18.880512237548828,0.014750400185585022
2,16383,1.0,5,contiguous256,2,19.198976516723633,0.014999200403690339
2,16383,1.0,5,contiguous256,3,19.20204734802246,0.015001599490642548
2,16383,1.0,5,contiguous256,4,19.21331214904785,0.015010400116443634
2,16385,1.0,256,original,0,21.016576766967773,0.01641920059919357
2,16385,1.0,256,original,1,21.016576766967773,0.01641920059919357
2,16385,1.0,256,original,2,20.853759765625,0.016291999816894533
2,16385,1.0,256,original,3,20.84966468811035,0.01628880053758621
2,16385,1.0,256,original,4,20.84454345703125,0.016284799575805663
2,16385,1.0,256,contiguous256,0,19.385343551635742,0.015144799649715424
2,16385,1.0,256,contiguous256,1,19.300352096557617,0.015078400075435639
2,16385,1.0,256,contiguous256,2,19.22150421142578,0.015016800165176392
2,16385,1.0,256,contiguous256,3,19.21023941040039,0.015007999539375306
2,16385,1.0,256,contiguous256,4,19.21945571899414,0.015015199780464172
2,16383,0.0625,256,original,0,20.709375381469727,0.016179199516773223
2,16383,0.0625,256,original,1,20.87321662902832,0.016307200491428375
2,16383,0.0625,256,original,2,20.806655883789062,0.016255199909210205
2,16383,0.0625,256,original,3,20.739072799682617,0.016202400624752044
2,16383,0.0625,256,original,4,20.817920684814453,0.016264000535011293
2,16383,0.0625,256,contiguous256,0,19.23686408996582,0.015028800070285796
2,16383,0.0625,256,contiguous256,1,19.22764778137207,0.01502159982919693
2,16383,0.0625,256,contiguous256,2,19.311616897583008,0.015087200701236725
2,16383,0.0625,256,contiguous256,3,19.23276710510254,0.015025599300861359
2,16383,0.0625,256,contiguous256,4,19.384319305419922,0.015143999457359314
2,16385,0.0625,5,original,0,19.911680221557617,0.015556000173091888
2,16385,0.0625,5,original,1,20.684799194335938,0.01615999937057495
2,16385,0.0625,5,original,2,20.709375381469727,0.016179199516773223
2,16385,0.0625,5,original,3,20.709375381469727,0.016179199516773223
2,16385,0.0625,5,original,4,20.84761619567871,0.016287200152873993
2,16385,0.0625,5,contiguous256,0,18.02035140991211,0.014078399538993836
2,16385,0.0625,5,contiguous256,1,19.296255111694336,0.0150751993060112
2,16385,0.0625,5,contiguous256,2,19.196928024291992,0.01499760001897812
2,16385,0.0625,5,contiguous256,3,19.07916831970215,0.014905600249767304
2,16385,0.0625,5,contiguous256,4,19.223552703857422,0.015018400549888612
2,16383,1.0,256,original,0,20.496383666992188,0.016012799739837647
2,16383,1.0,256,original,1,20.741119384765625,0.016203999519348145
2,16383,1.0,256,original,2,20.741119384765625,0.016203999519348145
2,16383,1.0,256,original,3,20.86502456665039,0.016300800442695617
2,16383,1.0,256,original,4,20.940799713134766,0.016359999775886536
2,16383,1.0,256,contiguous256,0,19.06483268737793,0.014894400537014008
2,16383,1.0,256,contiguous256,1,19.0883846282959,0.01491280049085617
2,16383,1.0,256,contiguous256,2,19.093503952026367,0.0149167999625206
2,16383,1.0,256,contiguous256,3,19.086336135864258,0.01491120010614395
2,16383,1.0,256,contiguous256,4,19.395584106445312,0.0151528000831604
3,16385,1.0,5,original,0,24.8985595703125,0.019451999664306642
3,16385,1.0,5,original,1,23.49875259399414,0.01835840046405792
3,16385,1.0,5,original,2,21.24492835998535,0.016597600281238557
3,16385,1.0,5,original,3,20.573183059692383,0.016072799265384675
3,16385,1.0,5,original,4,20.86297607421875,0.0162992000579834
3,16385,1.0,5,contiguous256,0,23.06559944152832,0.018019999563694
3,16385,1.0,5,contiguous256,1,23.05638313293457,0.018012799322605133
3,16385,1.0,5,contiguous256,2,19.335168838500977,0.015105600655078887
3,16385,1.0,5,contiguous256,3,19.190784454345703,0.014992800354957581
3,16385,1.0,5,contiguous256,4,19.366912841796875,0.015130400657653809
3,16383,1.0,5,original,0,19.603456497192383,0.015315200388431548
3,16383,1.0,5,original,1,20.568063735961914,0.016068799793720244
3,16383,1.0,5,original,2,20.87014389038086,0.016304799914360048
3,16383,1.0,5,original,3,20.893695831298828,0.016323199868202208
3,16383,1.0,5,original,4,21.10259246826172,0.01648640036582947
3,16383,1.0,5,contiguous256,0,18.04185676574707,0.014095200598239899
3,16383,1.0,5,contiguous256,1,19.302400588989258,0.015080000460147857
3,16383,1.0,5,contiguous256,2,19.337215423583984,0.015107199549674988
3,16383,1.0,5,contiguous256,3,19.384319305419922,0.015143999457359314
3,16383,1.0,5,contiguous256,4,19.398656845092773,0.01515520066022873
3,16385,0.0625,256,original,0,20.61516761779785,0.01610559970140457
3,16385,0.0625,256,original,1,20.85580825805664,0.01629360020160675
3,16385,0.0625,256,original,2,20.89574432373047,0.01632480025291443
3,16385,0.0625,256,original,3,20.86400032043457,0.016300000250339508
3,16385,0.0625,256,original,4,20.756479263305664,0.01621599942445755
3,16385,0.0625,256,contiguous256,0,19.216384887695312,0.015012800693511963
3,16385,0.0625,256,contiguous256,1,19.216384887695312,0.015012800693511963
3,16385,0.0625,256,contiguous256,2,19.44371223449707,0.015190400183200836
3,16385,0.0625,256,contiguous256,3,19.412992477416992,0.015166400372982025
3,16385,0.0625,256,contiguous256,4,19.2675838470459,0.015052799880504609
3,16383,0.0625,256,original,0,21.09644889831543,0.01648160070180893
3,16383,0.0625,256,original,1,21.099519729614258,0.01648399978876114
3,16383,0.0625,256,original,2,20.86809539794922,0.016303199529647826
3,16383,0.0625,256,original,3,20.87116813659668,0.016305600106716157
3,16383,0.0625,256,original,4,20.719615936279297,0.016187199950218202
3,16383,0.0625,256,contiguous256,0,19.464191436767578,0.01520639955997467
3,16383,0.0625,256,contiguous256,1,19.265535354614258,0.01505119949579239
3,16383,0.0625,256,contiguous256,2,19.21945571899414,0.015015199780464172
3,16383,0.0625,256,contiguous256,3,19.160064697265625,0.014968800544738769
3,16383,0.0625,256,contiguous256,4,19.075071334838867,0.014902399480342865
3,16385,0.0625,5,original,0,19.539968490600586,0.015265600383281707
3,16385,0.0625,5,original,1,20.702207565307617,0.016173599660396575
3,16385,0.0625,5,original,2,20.979711532592773,0.016390399634838106
3,16385,0.0625,5,original,3,20.710399627685547,0.016179999709129332
3,16385,0.0625,5,original,4,20.709375381469727,0.016179199516773223
3,16385,0.0625,5,contiguous256,0,18.520063400268555,0.014468799531459808
3,16385,0.0625,5,contiguous256,1,18.945024490356445,0.014800800383090973
3,16385,0.0625,5,contiguous256,2,19.44473648071289,0.015191200375556945
3,16385,0.0625,5,contiguous256,3,19.289087295532227,0.015069599449634551
3,16385,0.0625,5,contiguous256,4,19.07916831970215,0.014905600249767304
3,16385,1.0,256,original,0,20.87833595275879,0.016311199963092805
3,16385,1.0,256,original,1,21.10259246826172,0.01648640036582947
3,16385,1.0,256,original,2,20.8670711517334,0.016302399337291718
3,16385,1.0,256,original,3,20.763647079467773,0.0162215992808342
3,16385,1.0,256,original,4,20.723712921142578,0.016190400719642638
3,16385,1.0,256,contiguous256,0,19.43654441833496,0.015184800326824188
3,16385,1.0,256,contiguous256,1,19.42425537109375,0.015175199508666993
3,16385,1.0,256,contiguous256,2,19.23072052001953,0.015024000406265258
3,16385,1.0,256,contiguous256,3,19.304447174072266,0.015081599354743958
3,16385,1.0,256,contiguous256,4,19.094528198242188,0.014917600154876708
3,16383,1.0,256,original,0,20.602880477905273,0.016096000373363496
3,16383,1.0,256,original,1,20.883455276489258,0.016315199434757233
3,16383,1.0,256,original,2,21.098495483398438,0.01648319959640503
3,16383,1.0,256,original,3,20.87936019897461,0.016312000155448914
3,16383,1.0,256,original,4,21.09542465209961,0.01648080050945282
3,16383,1.0,256,contiguous256,0,19.21843147277832,0.015014399588108063
3,16383,1.0,256,contiguous256,1,19.22969627380371,0.01502320021390915
3,16383,1.0,256,contiguous256,2,19.4385929107666,0.015186400711536407
3,16383,1.0,256,contiguous256,3,19.405824661254883,0.015160800516605377
3,16383,1.0,256,contiguous256,4,19.4385929107666,0.015186400711536407
3,16383,0.0625,5,original,0,19.88096046447754,0.015532000362873078
3,16383,0.0625,5,original,1,20.794368743896484,0.01624560058116913
3,16383,0.0625,5,original,2,20.732927322387695,0.016197599470615387
3,16383,0.0625,5,original,3,20.928512573242188,0.01635040044784546
3,16383,0.0625,5,original,4,20.808704376220703,0.016256800293922423
3,16383,0.0625,5,contiguous256,0,18.132991790771484,0.014166399836540222
3,16383,0.0625,5,contiguous256,1,19.42527961730957,0.015175999701023101
3,16383,0.0625,5,contiguous256,2,19.333120346069336,0.01510400027036667
3,16383,0.0625,5,contiguous256,3,19.302400588989258,0.015080000460147857
3,16383,0.0625,5,contiguous256,4,19.302400588989258,0.015080000460147857
